word,frequency
the,0.053703179637
to,0.0269153480393
and,0.0257039578277
of,0.0251188643151
a,0.0229086765277
in,0.0186208713666
i,0.0123026877081
is,0.0117489755494
for,0.0102329299228
that,0.0102329299228
you,0.00954992586021
it,0.00891250938134
on,0.00812830516164
with,0.00707945784384
this,0.00660693448008
was,0.00660693448008
be,0.00616595001861
as,0.00588843655356
are,0.00549540873858
have,0.00512861383991
at,0.00501187233627
he,0.00489778819368
not,0.00489778819368
by,0.00457088189615
but,0.00426579518802
from,0.00426579518802
my,0.00371535229097
or,0.00346736850453
we,0.00346736850453
an,0.00338844156139
your,0.00338844156139
all,0.00331131121483
so,0.00331131121483
his,0.0032359365693
they,0.00316227766017
me,0.0030199517204
if,0.00295120922667
one,0.00295120922667
can,0.00288403150313
will,0.00281838293126
just,0.00269153480393
like,0.00257039578277
about,0.00251188643151
up,0.00245470891569
out,0.00239883291902
what,0.00239883291902
has,0.00234422881532
when,0.00234422881532
more,0.00229086765277
do,0.00223872113857
no,0.00223872113857
were,0.00218776162395
who,0.00218776162395
had,0.0021379620895
their,0.0021379620895
there,0.00204173794467
her,0.00199526231497
which,0.00199526231497
time,0.00194984459976
get,0.00190546071796
been,0.00186208713666
would,0.00186208713666
she,0.00181970085861
new,0.00177827941004
people,0.00177827941004
how,0.00173780082875
some,0.00158489319246
also,0.00154881661891
them,0.00154881661891
now,0.00151356124844
other,0.00144543977075
its,0.0013803842646
our,0.0013803842646
than,0.00134896288259
good,0.00131825673856
only,0.00131825673856
after,0.00128824955169
first,0.00128824955169
him,0.00128824955169
into,0.00128824955169
know,0.00125892541179
see,0.00125892541179
two,0.00125892541179
make,0.00120226443462
over,0.00120226443462
think,0.00120226443462
any,0.00117489755494
then,0.00117489755494
could,0.0011481536215
back,0.00109647819614
these,0.00109647819614
us,0.00109647819614
want,0.00109647819614
because,0.00107151930524
go,0.00107151930524
well,0.00107151930524
said,0.00102329299228
way,0.00102329299228
most,0.001
much,0.001
very,0.001
where,0.001
even,0.000977237220956
should,0.000977237220956
may,0.000954992586021
here,0.000933254300797
need,0.000933254300797
really,0.000933254300797
did,0.000912010839356
right,0.000912010839356
work,0.000912010839356
year,0.000912010839356
years,0.000912010839356
being,0.000891250938134
day,0.000891250938134
too,0.000891250938134
going,0.000870963589956
before,0.000851138038202
off,0.000851138038202
why,0.000851138038202
made,0.000831763771103
still,0.000831763771103
take,0.000831763771103
got,0.000812830516164
many,0.000812830516164
never,0.000812830516164
those,0.000794328234724
life,0.000776247116629
say,0.000776247116629
world,0.000776247116629
down,0.000758577575029
great,0.000758577575029
through,0.000741310241301
last,0.000724435960075
s,0.000724435960075
while,0.000724435960075
best,0.000691830970919
such,0.000691830970919
love,0.000660693448008
man,0.000660693448008
home,0.000645654229035
long,0.000645654229035
look,0.000645654229035
something,0.000645654229035
use,0.000645654229035
same,0.00063095734448
used,0.00063095734448
both,0.000616595001861
every,0.000616595001861
am,0.000602559586074
come,0.000602559586074
part,0.000602559586074
state,0.000602559586074
three,0.000602559586074
around,0.000588843655356
between,0.000588843655356
always,0.000575439937337
better,0.000575439937337
find,0.000575439937337
help,0.00056234132519
high,0.00056234132519
little,0.00056234132519
old,0.00056234132519
since,0.00056234132519
another,0.000549540873858
does,0.000549540873858
own,0.000549540873858
things,0.000549540873858
under,0.00053703179637
during,0.00052480746025
game,0.00052480746025
thing,0.00052480746025
give,0.000512861383991
house,0.000512861383991
place,0.000512861383991
school,0.000512861383991
again,0.000501187233627
next,0.000501187233627
each,0.000489778819368
mr,0.000489778819368
without,0.000489778819368
against,0.000478630092323
end,0.000478630092323
found,0.000478630092323
must,0.000478630092323
show,0.000478630092323
big,0.000467735141287
feel,0.000467735141287
sure,0.000467735141287
team,0.000467735141287
ever,0.000457088189615
family,0.000457088189615
keep,0.000457088189615
might,0.000457088189615
please,0.000457088189615
put,0.000457088189615
money,0.00043651583224
free,0.000426579518802
second,0.000426579518802
someone,0.000426579518802
away,0.00041686938347
left,0.00041686938347
number,0.00041686938347
city,0.000407380277804
days,0.000407380277804
lot,0.000407380277804
name,0.000407380277804
night,0.000407380277804
play,0.000407380277804
until,0.000407380277804
company,0.000398107170553
doing,0.000398107170553
few,0.000398107170553
let,0.000398107170553
real,0.000398107170553
called,0.000389045144994
different,0.000389045144994
having,0.000389045144994
set,0.000389045144994
thought,0.000389045144994
done,0.000380189396321
however,0.000380189396321
getting,0.000371535229097
god,0.000371535229097
government,0.000371535229097
group,0.000371535229097
looking,0.000371535229097
public,0.000371535229097
top,0.000371535229097
women,0.000371535229097
business,0.00036307805477
care,0.00036307805477
start,0.00036307805477
system,0.00036307805477
times,0.00036307805477
week,0.00036307805477
already,0.000354813389234
anything,0.000354813389234
case,0.000354813389234
nothing,0.000354813389234
person,0.000354813389234
today,0.000354813389234
change,0.000346736850453
enough,0.000346736850453
everything,0.000346736850453
full,0.000346736850453
live,0.000346736850453
making,0.000346736850453
point,0.000346736850453
read,0.000346736850453
told,0.000346736850453
yet,0.000346736850453
bad,0.000338844156139
four,0.000338844156139
hard,0.000338844156139
mean,0.000338844156139
once,0.000338844156139
support,0.000338844156139
tell,0.000338844156139
including,0.000331131121483
music,0.000331131121483
power,0.000331131121483
seen,0.000331131121483
states,0.000331131121483
stop,0.000331131121483
water,0.000331131121483
based,0.00032359365693
believe,0.00032359365693
call,0.00032359365693
head,0.00032359365693
men,0.00032359365693
national,0.00032359365693
small,0.00032359365693
took,0.00032359365693
white,0.00032359365693
came,0.000316227766017
far,0.000316227766017
job,0.000316227766017
side,0.000316227766017
though,0.000316227766017
try,0.000316227766017
went,0.000316227766017
yes,0.000316227766017
actually,0.000309029543251
american,0.000309029543251
later,0.000309029543251
less,0.000309029543251
line,0.000309029543251
order,0.000309029543251
party,0.000309029543251
run,0.000309029543251
says,0.000309029543251
service,0.000309029543251
country,0.00030199517204
open,0.00030199517204
season,0.00030199517204
shit,0.00030199517204
thank,0.00030199517204
children,0.000295120922667
everyone,0.000295120922667
general,0.000295120922667
trying,0.000295120922667
united,0.000295120922667
using,0.000295120922667
area,0.000288403150313
black,0.000288403150313
d,0.000288403150313
following,0.000288403150313
law,0.000288403150313
makes,0.000288403150313
together,0.000288403150313
war,0.000288403150313
whole,0.000288403150313
car,0.000281838293126
face,0.000281838293126
five,0.000281838293126
kind,0.000281838293126
maybe,0.000281838293126
per,0.000281838293126
president,0.000281838293126
story,0.000281838293126
working,0.000281838293126
course,0.000275422870334
games,0.000275422870334
health,0.000275422870334
hope,0.000275422870334
important,0.000275422870334
least,0.000275422870334
means,0.000275422870334
news,0.000275422870334
within,0.000275422870334
able,0.000269153480393
book,0.000269153480393
early,0.000269153480393
friends,0.000269153480393
information,0.000269153480393
local,0.000269153480393
oh,0.000269153480393
post,0.000269153480393
t,0.000269153480393
thanks,0.000269153480393
video,0.000269153480393
young,0.000269153480393
ago,0.00026302679919
others,0.00026302679919
social,0.00026302679919
talk,0.00026302679919
court,0.000257039578277
fact,0.000257039578277
given,0.000257039578277
guys,0.000257039578277
half,0.000257039578277
hand,0.000257039578277
level,0.000257039578277
mind,0.000257039578277
often,0.000257039578277
single,0.000257039578277
become,0.000251188643151
body,0.000251188643151
coming,0.000251188643151
control,0.000251188643151
death,0.000251188643151
food,0.000251188643151
guy,0.000251188643151
hours,0.000251188643151
office,0.000251188643151
pay,0.000251188643151
problem,0.000251188643151
south,0.000251188643151
true,0.000251188643151
almost,0.000245470891569
fuck,0.000245470891569
history,0.000245470891569
known,0.000245470891569
large,0.000245470891569
lost,0.000245470891569
m,0.000245470891569
research,0.000245470891569
room,0.000245470891569
several,0.000245470891569
started,0.000245470891569
taking,0.000245470891569
university,0.000245470891569
win,0.000245470891569
wrong,0.000245470891569
along,0.000239883291902
anyone,0.000239883291902
else,0.000239883291902
girl,0.000239883291902
john,0.000239883291902
matter,0.000239883291902
pretty,0.000239883291902
remember,0.000239883291902
air,0.000234422881532
bit,0.000234422881532
friend,0.000234422881532
hit,0.000234422881532
needs,0.000234422881532
nice,0.000234422881532
playing,0.000234422881532
probably,0.000234422881532
saying,0.000234422881532
understand,0.000234422881532
yeah,0.000234422881532
york,0.000234422881532
class,0.000229086765277
close,0.000229086765277
comes,0.000229086765277
idea,0.000229086765277
international,0.000229086765277
looks,0.000229086765277
past,0.000229086765277
possible,0.000229086765277
wanted,0.000229086765277
b,0.000223872113857
cause,0.000223872113857
due,0.000223872113857
happy,0.000223872113857
human,0.000223872113857
members,0.000223872113857
months,0.000223872113857
move,0.000223872113857
question,0.000223872113857
r,0.000223872113857
series,0.000223872113857
wait,0.000223872113857
woman,0.000223872113857
ask,0.000218776162395
community,0.000218776162395
data,0.000218776162395
late,0.000218776162395
leave,0.000218776162395
north,0.000218776162395
saw,0.000218776162395
special,0.000218776162395
watch,0.000218776162395
c,0.00021379620895
either,0.00021379620895
fucking,0.00021379620895
future,0.00021379620895
light,0.00021379620895
low,0.00021379620895
million,0.00021379620895
morning,0.00021379620895
police,0.00021379620895
short,0.00021379620895
stay,0.00021379620895
taken,0.00021379620895
age,0.000208929613085
buy,0.000208929613085
deal,0.000208929613085
rather,0.000208929613085
reason,0.000208929613085
red,0.000208929613085
report,0.000208929613085
soon,0.000208929613085
third,0.000208929613085
turn,0.000208929613085
whether,0.000208929613085
among,0.000204173794467
check,0.000204173794467
development,0.000204173794467
form,0.000204173794467
further,0.000204173794467
heart,0.000204173794467
minutes,0.000204173794467
myself,0.000204173794467
services,0.000204173794467
yourself,0.000204173794467
act,0.000199526231497
although,0.000199526231497
asked,0.000199526231497
child,0.000199526231497
fire,0.000199526231497
fun,0.000199526231497
living,0.000199526231497
major,0.000199526231497
media,0.000199526231497
phone,0.000199526231497
players,0.000199526231497
art,0.000194984459976
behind,0.000194984459976
building,0.000194984459976
easy,0.000194984459976
gonna,0.000194984459976
market,0.000194984459976
near,0.000194984459976
non,0.000194984459976
plan,0.000194984459976
political,0.000194984459976
quite,0.000194984459976
six,0.000194984459976
talking,0.000194984459976
west,0.000194984459976
works,0.000194984459976
according,0.000190546071796
available,0.000190546071796
e,0.000190546071796
education,0.000190546071796
final,0.000190546071796
former,0.000190546071796
front,0.000190546071796
kids,0.000190546071796
list,0.000190546071796
ready,0.000190546071796
sometimes,0.000190546071796
son,0.000190546071796
street,0.000190546071796
bring,0.000186208713666
college,0.000186208713666
current,0.000186208713666
example,0.000186208713666
experience,0.000186208713666
heard,0.000186208713666
london,0.000186208713666
meet,0.000186208713666
program,0.000186208713666
type,0.000186208713666
baby,0.000181970085861
chance,0.000181970085861
father,0.000181970085861
march,0.000181970085861
process,0.000181970085861
song,0.000181970085861
study,0.000181970085861
word,0.000181970085861
across,0.000177827941004
action,0.000177827941004
clear,0.000177827941004
gave,0.000177827941004
gets,0.000177827941004
himself,0.000177827941004
month,0.000177827941004
outside,0.000177827941004
self,0.000177827941004
students,0.000177827941004
words,0.000177827941004
board,0.000173780082875
cost,0.000173780082875
cut,0.000173780082875
dr,0.000173780082875
field,0.000173780082875
held,0.000173780082875
instead,0.000173780082875
main,0.000173780082875
moment,0.000173780082875
mother,0.000173780082875
road,0.000173780082875
seems,0.000173780082875
thinking,0.000173780082875
town,0.000173780082875
wants,0.000173780082875
de,0.000169824365246
department,0.000169824365246
energy,0.000169824365246
fight,0.000169824365246
fine,0.000169824365246
force,0.000169824365246
hear,0.000169824365246
issue,0.000169824365246
played,0.000169824365246
points,0.000169824365246
price,0.000169824365246
re,0.000169824365246
rest,0.000169824365246
results,0.000169824365246
running,0.000169824365246
shows,0.000169824365246
space,0.000169824365246
summer,0.000169824365246
term,0.000169824365246
wife,0.000169824365246
america,0.000165958690744
beautiful,0.000165958690744
date,0.000165958690744
goes,0.000165958690744
killed,0.000165958690744
land,0.000165958690744
miss,0.000165958690744
project,0.000165958690744
sex,0.000165958690744
shot,0.000165958690744
site,0.000165958690744
strong,0.000165958690744
account,0.000162181009736
co,0.000162181009736
especially,0.000162181009736
eyes,0.000162181009736
include,0.000162181009736
june,0.000162181009736
parents,0.000162181009736
period,0.000162181009736
position,0.000162181009736
record,0.000162181009736
similar,0.000162181009736
total,0.000162181009736
w,0.000162181009736
above,0.000158489319246
club,0.000158489319246
common,0.000158489319246
died,0.000158489319246
film,0.000158489319246
happened,0.000158489319246
knew,0.000158489319246
lead,0.000158489319246
likely,0.000158489319246
military,0.000158489319246
perfect,0.000158489319246
personal,0.000158489319246
security,0.000158489319246
share,0.000158489319246
st,0.000158489319246
tv,0.000158489319246
won,0.000158489319246
x,0.000158489319246
april,0.000154881661891
center,0.000154881661891
county,0.000154881661891
couple,0.000154881661891
dead,0.000154881661891
english,0.000154881661891
happen,0.000154881661891
hold,0.000154881661891
industry,0.000154881661891
inside,0.000154881661891
issues,0.000154881661891
online,0.000154881661891
player,0.000154881661891
private,0.000154881661891
problems,0.000154881661891
return,0.000154881661891
rights,0.000154881661891
sense,0.000154881661891
star,0.000154881661891
test,0.000154881661891
view,0.000154881661891
weeks,0.000154881661891
break,0.000151356124844
british,0.000151356124844
companies,0.000151356124844
event,0.000151356124844
higher,0.000151356124844
hour,0.000151356124844
l,0.000151356124844
member,0.000151356124844
middle,0.000151356124844
needed,0.000151356124844
present,0.000151356124844
result,0.000151356124844
sorry,0.000151356124844
takes,0.000151356124844
training,0.000151356124844
wish,0.000151356124844
answer,0.000147910838817
boy,0.000147910838817
design,0.000147910838817
finally,0.000147910838817
girls,0.000147910838817
gold,0.000147910838817
gone,0.000147910838817
guess,0.000147910838817
interest,0.000147910838817
july,0.000147910838817
king,0.000147910838817
learn,0.000147910838817
policy,0.000147910838817
society,0.000147910838817
added,0.000144543977075
al,0.000144543977075
alone,0.000144543977075
average,0.000144543977075
bank,0.000144543977075
brought,0.000144543977075
certain,0.000144543977075
church,0.000144543977075
east,0.000144543977075
hands,0.000144543977075
hot,0.000144543977075
longer,0.000144543977075
medical,0.000144543977075
movie,0.000144543977075
original,0.000144543977075
park,0.000144543977075
performance,0.000144543977075
press,0.000144543977075
received,0.000144543977075
role,0.000144543977075
sent,0.000144543977075
themselves,0.000144543977075
tried,0.000144543977075
worked,0.000144543977075
worth,0.000144543977075
areas,0.000141253754462
became,0.000141253754462
bill,0.000141253754462
books,0.000141253754462
cool,0.000141253754462
director,0.000141253754462
exactly,0.000141253754462
giving,0.000141253754462
ground,0.000141253754462
meeting,0.000141253754462
n,0.000141253754462
provide,0.000141253754462
questions,0.000141253754462
relationship,0.000141253754462
september,0.000141253754462
sound,0.000141253754462
source,0.000141253754462
usually,0.000141253754462
value,0.000141253754462
evidence,0.00013803842646
follow,0.00013803842646
lives,0.00013803842646
official,0.00013803842646
ok,0.00013803842646
production,0.00013803842646
rate,0.00013803842646
reading,0.00013803842646
round,0.00013803842646
save,0.00013803842646
stand,0.00013803842646
stuff,0.00013803842646
tax,0.00013803842646
whatever,0.00013803842646
amount,0.000134896288259
blue,0.000134896288259
countries,0.000134896288259
david,0.000134896288259
drive,0.000134896288259
eat,0.000134896288259
fall,0.000134896288259
fast,0.000134896288259
federal,0.000134896288259
feeling,0.000134896288259
felt,0.000134896288259
green,0.000134896288259
league,0.000134896288259
management,0.000134896288259
match,0.000134896288259
model,0.000134896288259
p,0.000134896288259
picture,0.000134896288259
size,0.000134896288259
step,0.000134896288259
trust,0.000134896288259
central,0.000131825673856
changes,0.000131825673856
england,0.000131825673856
forward,0.000131825673856
groups,0.000131825673856
hey,0.000131825673856
key,0.000131825673856
mom,0.000131825673856
o,0.000131825673856
page,0.000131825673856
paid,0.000131825673856
range,0.000131825673856
review,0.000131825673856
science,0.000131825673856
trade,0.000131825673856
uk,0.000131825673856
upon,0.000131825673856
various,0.000131825673856
attention,0.000128824955169
brother,0.000128824955169
cannot,0.000128824955169
character,0.000128824955169
chief,0.000128824955169
cup,0.000128824955169
football,0.000128824955169
hate,0.000128824955169
james,0.000128824955169
led,0.000128824955169
looked,0.000128824955169
lower,0.000128824955169
natural,0.000128824955169
october,0.000128824955169
property,0.000128824955169
quality,0.000128824955169
send,0.000128824955169
style,0.000128824955169
u,0.000128824955169
vote,0.000128824955169
amazing,0.000125892541179
august,0.000125892541179
blood,0.000125892541179
china,0.000125892541179
complete,0.000125892541179
dog,0.000125892541179
economic,0.000125892541179
hell,0.000125892541179
involved,0.000125892541179
itself,0.000125892541179
language,0.000125892541179
lord,0.000125892541179
november,0.000125892541179
oil,0.000125892541179
related,0.000125892541179
serious,0.000125892541179
stage,0.000125892541179
terms,0.000125892541179
title,0.000125892541179
add,0.000123026877081
article,0.000123026877081
attack,0.000123026877081
born,0.000123026877081
damn,0.000123026877081
decided,0.000123026877081
decision,0.000123026877081
enjoy,0.000123026877081
entire,0.000123026877081
french,0.000123026877081
january,0.000123026877081
kill,0.000123026877081
met,0.000123026877081
perhaps,0.000123026877081
poor,0.000123026877081
release,0.000123026877081
situation,0.000123026877081
technology,0.000123026877081
turned,0.000123026877081
website,0.000123026877081
written,0.000123026877081
choice,0.000120226443462
code,0.000120226443462
considered,0.000120226443462
continue,0.000120226443462
council,0.000120226443462
cover,0.000120226443462
currently,0.000120226443462
door,0.000120226443462
election,0.000120226443462
european,0.000120226443462
events,0.000120226443462
f,0.000120226443462
financial,0.000120226443462
foreign,0.000120226443462
hair,0.000120226443462
increase,0.000120226443462
legal,0.000120226443462
lose,0.000120226443462
michael,0.000120226443462
pick,0.000120226443462
race,0.000120226443462
seem,0.000120226443462
seven,0.000120226443462
sign,0.000120226443462
simple,0.000120226443462
simply,0.000120226443462
staff,0.000120226443462
super,0.000120226443462
union,0.000120226443462
walk,0.000120226443462
washington,0.000120226443462
bed,0.000117489755494
began,0.000117489755494
built,0.000117489755494
career,0.000117489755494
changed,0.000117489755494
crazy,0.000117489755494
daily,0.000117489755494
daughter,0.000117489755494
december,0.000117489755494
die,0.000117489755494
difficult,0.000117489755494
figure,0.000117489755494
hospital,0.000117489755494
knows,0.000117489755494
loss,0.000117489755494
modern,0.000117489755494
ones,0.000117489755494
paper,0.000117489755494
parts,0.000117489755494
popular,0.000117489755494
published,0.000117489755494
safe,0.000117489755494
starting,0.000117489755494
systems,0.000117489755494
version,0.000117489755494
voice,0.000117489755494
whose,0.000117489755494
writing,0.000117489755494
army,0.00011481536215
australia,0.00011481536215
earth,0.00011481536215
forget,0.00011481536215
goal,0.00011481536215
h,0.00011481536215
huge,0.00011481536215
internet,0.00011481536215
listen,0.00011481536215
okay,0.00011481536215
practice,0.00011481536215
rules,0.00011481536215
sea,0.00011481536215
sir,0.00011481536215
success,0.00011481536215
towards,0.00011481536215
v,0.00011481536215
waiting,0.00011481536215
ways,0.00011481536215
access,0.00011220184543
base,0.00011220184543
below,0.00011220184543
created,0.00011220184543
deep,0.00011220184543
followed,0.00011220184543
la,0.00011220184543
lol,0.00011220184543
mark,0.00011220184543
missing,0.00011220184543
offer,0.00011220184543
pass,0.00011220184543
professional,0.00011220184543
released,0.00011220184543
risk,0.00011220184543
schools,0.00011220184543
sleep,0.00011220184543
table,0.00011220184543
ten,0.00011220184543
truth,0.00011220184543
ball,0.000109647819614
box,0.000109647819614
build,0.000109647819614
card,0.000109647819614
cases,0.000109647819614
dark,0.000109647819614
district,0.000109647819614
europe,0.000109647819614
george,0.000109647819614
india,0.000109647819614
mine,0.000109647819614
minister,0.000109647819614
note,0.000109647819614
percent,0.000109647819614
piece,0.000109647819614
products,0.000109647819614
recent,0.000109647819614
seeing,0.000109647819614
straight,0.000109647819614
visit,0.000109647819614
wall,0.000109647819614
wanna,0.000109647819614
wrote,0.000109647819614
allowed,0.000107151930524
boys,0.000107151930524
culture,0.000107151930524
etc,0.000107151930524
fans,0.000107151930524
february,0.000107151930524
gives,0.000107151930524
growth,0.000107151930524
included,0.000107151930524
married,0.000107151930524
officer,0.000107151930524
pain,0.000107151930524
paul,0.000107151930524
places,0.000107151930524
respect,0.000107151930524
response,0.000107151930524
river,0.000107151930524
rock,0.000107151930524
shall,0.000107151930524
speak,0.000107151930524
specific,0.000107151930524
standard,0.000107151930524
tonight,0.000107151930524
write,0.000107151930524
y,0.000107151930524
album,0.000104712854805
century,0.000104712854805
charge,0.000104712854805
cold,0.000104712854805
create,0.000104712854805
effect,0.000104712854805
eight,0.000104712854805
except,0.000104712854805
eye,0.000104712854805
funny,0.000104712854805
ii,0.000104712854805
limited,0.000104712854805
moving,0.000104712854805
network,0.000104712854805
peace,0.000104712854805
provided,0.000104712854805
recently,0.000104712854805
required,0.000104712854805
sales,0.000104712854805
spent,0.000104712854805
store,0.000104712854805
student,0.000104712854805
tomorrow,0.000104712854805
track,0.000104712854805
via,0.000104712854805
watching,0.000104712854805
weight,0.000104712854805
addition,0.000102329299228
ahead,0.000102329299228
allow,0.000102329299228
anti,0.000102329299228
association,0.000102329299228
beat,0.000102329299228
brown,0.000102329299228
capital,0.000102329299228
chinese,0.000102329299228
committee,0.000102329299228
conference,0.000102329299228
difference,0.000102329299228
double,0.000102329299228
expect,0.000102329299228
gas,0.000102329299228
island,0.000102329299228
moved,0.000102329299228
normal,0.000102329299228
plans,0.000102329299228
population,0.000102329299228
potential,0.000102329299228
pressure,0.000102329299228
radio,0.000102329299228
russian,0.000102329299228
station,0.000102329299228
text,0.000102329299228
treatment,0.000102329299228
western,0.000102329299228
ass,0.0001
beginning,0.0001
california,0.0001
campaign,0.0001
certainly,0.0001
completely,0.0001
content,0.0001
credit,0.0001
cross,0.0001
described,0.0001
despite,0.0001
female,0.0001
focus,0.0001
g,0.0001
hi,0.0001
husband,0.0001
ice,0.0001
individual,0.0001
interesting,0.0001
j,0.0001
join,0.0001
kept,0.0001
leading,0.0001
loved,0.0001
message,0.0001
miles,0.0001
nearly,0.0001
particular,0.0001
previous,0.0001
quickly,0.0001
region,0.0001
reported,0.0001
section,0.0001
sort,0.0001
speed,0.0001
travel,0.0001
consider,9.77237220956e-05
contact,9.77237220956e-05
drop,9.77237220956e-05
fair,9.77237220956e-05
feet,9.77237220956e-05
jesus,9.77237220956e-05
kid,9.77237220956e-05
link,9.77237220956e-05
positive,9.77237220956e-05
sale,9.77237220956e-05
throughout,9.77237220956e-05
tour,9.77237220956e-05
welcome,9.77237220956e-05
absolutely,9.54992586021e-05
additional,9.54992586021e-05
beyond,9.54992586021e-05
conditions,9.54992586021e-05
earlier,9.54992586021e-05
extra,9.54992586021e-05
forces,9.54992586021e-05
immediately,9.54992586021e-05
jobs,9.54992586021e-05
leaving,9.54992586021e-05
minute,9.54992586021e-05
nature,9.54992586021e-05
numbers,9.54992586021e-05
quick,9.54992586021e-05
sell,9.54992586021e-05
significant,9.54992586021e-05
studies,9.54992586021e-05
unless,9.54992586021e-05
winning,9.54992586021e-05
agree,9.33254300797e-05
canada,9.33254300797e-05
clean,9.33254300797e-05
computer,9.33254300797e-05
construction,9.33254300797e-05
episode,9.33254300797e-05
favorite,9.33254300797e-05
income,9.33254300797e-05
justice,9.33254300797e-05
levels,9.33254300797e-05
manager,9.33254300797e-05
movement,9.33254300797e-05
photo,9.33254300797e-05
posted,9.33254300797e-05
safety,9.33254300797e-05
san,9.33254300797e-05
scene,9.33254300797e-05
sold,9.33254300797e-05
sounds,9.33254300797e-05
spend,9.33254300797e-05
statement,9.33254300797e-05
sun,9.33254300797e-05
teams,9.33254300797e-05
ability,9.12010839356e-05
announced,9.12010839356e-05
asking,9.12010839356e-05
calling,9.12010839356e-05
coach,9.12010839356e-05
collection,9.12010839356e-05
continued,9.12010839356e-05
costs,9.12010839356e-05
definitely,9.12010839356e-05
designed,9.12010839356e-05
expected,9.12010839356e-05
friday,9.12010839356e-05
gun,9.12010839356e-05
happens,9.12010839356e-05
heavy,9.12010839356e-05
includes,9.12010839356e-05
knowledge,9.12010839356e-05
particularly,9.12010839356e-05
search,9.12010839356e-05
subject,9.12010839356e-05
train,9.12010839356e-05
wide,9.12010839356e-05
wow,9.12010839356e-05
author,8.91250938134e-05
centre,8.91250938134e-05
claim,8.91250938134e-05
dad,8.91250938134e-05
developed,8.91250938134e-05
fear,8.91250938134e-05
fit,8.91250938134e-05
generally,8.91250938134e-05
german,8.91250938134e-05
global,8.91250938134e-05
goals,8.91250938134e-05
gotta,8.91250938134e-05
hotel,8.91250938134e-05
interested,8.91250938134e-05
judge,8.91250938134e-05
lady,8.91250938134e-05
leader,8.91250938134e-05
letter,8.91250938134e-05
lines,8.91250938134e-05
material,8.91250938134e-05
named,8.91250938134e-05
nobody,8.91250938134e-05
opportunity,8.91250938134e-05
plus,8.91250938134e-05
pre,8.91250938134e-05
product,8.91250938134e-05
regular,8.91250938134e-05
secretary,8.91250938134e-05
sister,8.91250938134e-05
stories,8.91250938134e-05
unit,8.91250938134e-05
workers,8.91250938134e-05
annual,8.70963589956e-05
anymore,8.70963589956e-05
bar,8.70963589956e-05
battle,8.70963589956e-05
brain,8.70963589956e-05
contract,8.70963589956e-05
degree,8.70963589956e-05
families,8.70963589956e-05
features,8.70963589956e-05
finished,8.70963589956e-05
floor,8.70963589956e-05
france,8.70963589956e-05
growing,8.70963589956e-05
hurt,8.70963589956e-05
image,8.70963589956e-05
insurance,8.70963589956e-05
majority,8.70963589956e-05
meant,8.70963589956e-05
opening,8.70963589956e-05
opinion,8.70963589956e-05
physical,8.70963589956e-05
pro,8.70963589956e-05
reach,8.70963589956e-05
rule,8.70963589956e-05
seriously,8.70963589956e-05
sports,8.70963589956e-05
stupid,8.70963589956e-05
successful,8.70963589956e-05
active,8.51138038202e-05
administration,8.51138038202e-05
approach,8.51138038202e-05
australian,8.51138038202e-05
biggest,8.51138038202e-05
cancer,8.51138038202e-05
civil,8.51138038202e-05
dance,8.51138038202e-05
defense,8.51138038202e-05
direction,8.51138038202e-05
independent,8.51138038202e-05
master,8.51138038202e-05
none,8.51138038202e-05
reasons,8.51138038202e-05
russia,8.51138038202e-05
ship,8.51138038202e-05
stock,8.51138038202e-05
trump,8.51138038202e-05
weekend,8.51138038202e-05
wonder,8.51138038202e-05
worst,8.51138038202e-05
africa,8.31763771103e-05
awesome,8.31763771103e-05
band,8.31763771103e-05
beach,8.31763771103e-05
cash,8.31763771103e-05
clearly,8.31763771103e-05
commercial,8.31763771103e-05
compared,8.31763771103e-05
effort,8.31763771103e-05
ended,8.31763771103e-05
fan,8.31763771103e-05
fighting,8.31763771103e-05
imagine,8.31763771103e-05
impact,8.31763771103e-05
lack,8.31763771103e-05
latest,8.31763771103e-05
learning,8.31763771103e-05
multiple,8.31763771103e-05
older,8.31763771103e-05
operation,8.31763771103e-05
organization,8.31763771103e-05
passed,8.31763771103e-05
pictures,8.31763771103e-05
protect,8.31763771103e-05
secret,8.31763771103e-05
senior,8.31763771103e-05
spring,8.31763771103e-05
sunday,8.31763771103e-05
telling,8.31763771103e-05
wear,8.31763771103e-05
activities,8.12830516164e-05
address,8.12830516164e-05
analysis,8.12830516164e-05
anyway,8.12830516164e-05
bought,8.12830516164e-05
calls,8.12830516164e-05
choose,8.12830516164e-05
christmas,8.12830516164e-05
color,8.12830516164e-05
commission,8.12830516164e-05
competition,8.12830516164e-05
details,8.12830516164e-05
direct,8.12830516164e-05
dream,8.12830516164e-05
easily,8.12830516164e-05
finish,8.12830516164e-05
grand,8.12830516164e-05
increased,8.12830516164e-05
indian,8.12830516164e-05
k,8.12830516164e-05
literally,8.12830516164e-05
luck,8.12830516164e-05
marriage,8.12830516164e-05
names,8.12830516164e-05
necessary,8.12830516164e-05
patients,8.12830516164e-05
resources,8.12830516164e-05
rich,8.12830516164e-05
skin,8.12830516164e-05
speaking,8.12830516164e-05
supposed,8.12830516164e-05
sweet,8.12830516164e-05
thus,8.12830516164e-05
touch,8.12830516164e-05
yesterday,8.12830516164e-05
caught,7.94328234724e-05
closed,7.94328234724e-05
congress,7.94328234724e-05
damage,7.94328234724e-05
directly,7.94328234724e-05
disease,7.94328234724e-05
doctor,7.94328234724e-05
doubt,7.94328234724e-05
drink,7.94328234724e-05
driving,7.94328234724e-05
established,7.94328234724e-05
facebook,7.94328234724e-05
feels,7.94328234724e-05
fish,7.94328234724e-05
gay,7.94328234724e-05
germany,7.94328234724e-05
glad,7.94328234724e-05
greater,7.94328234724e-05
grow,7.94328234724e-05
largest,7.94328234724e-05
machine,7.94328234724e-05
notice,7.94328234724e-05
overall,7.94328234724e-05
planning,7.94328234724e-05
professor,7.94328234724e-05
programs,7.94328234724e-05
records,7.94328234724e-05
reports,7.94328234724e-05
shown,7.94328234724e-05
sit,7.94328234724e-05
trip,7.94328234724e-05
associated,7.76247116629e-05
basic,7.76247116629e-05
captain,7.76247116629e-05
carry,7.76247116629e-05
cars,7.76247116629e-05
crime,7.76247116629e-05
effective,7.76247116629e-05
effects,7.76247116629e-05
explain,7.76247116629e-05
fully,7.76247116629e-05
highly,7.76247116629e-05
holding,7.76247116629e-05
japan,7.76247116629e-05
laws,7.76247116629e-05
male,7.76247116629e-05
mrs,7.76247116629e-05
parties,7.76247116629e-05
plant,7.76247116629e-05
reality,7.76247116629e-05
smith,7.76247116629e-05
spot,7.76247116629e-05
texas,7.76247116629e-05
winter,7.76247116629e-05
worse,7.76247116629e-05
advice,7.58577575029e-05
agreement,7.58577575029e-05
award,7.58577575029e-05
block,7.58577575029e-05
broken,7.58577575029e-05
caused,7.58577575029e-05
challenge,7.58577575029e-05
characters,7.58577575029e-05
christian,7.58577575029e-05
comment,7.58577575029e-05
equipment,7.58577575029e-05
eventually,7.58577575029e-05
helped,7.58577575029e-05
holy,7.58577575029e-05
killing,7.58577575029e-05
lived,7.58577575029e-05
lots,7.58577575029e-05
nation,7.58577575029e-05
otherwise,7.58577575029e-05
peter,7.58577575029e-05
prices,7.58577575029e-05
primary,7.58577575029e-05
purpose,7.58577575029e-05
rates,7.58577575029e-05
responsible,7.58577575029e-05
shop,7.58577575029e-05
showing,7.58577575029e-05
sick,7.58577575029e-05
teacher,7.58577575029e-05
theory,7.58577575029e-05
uses,7.58577575029e-05
william,7.58577575029e-05
agency,7.41310241301e-05
avoid,7.41310241301e-05
camera,7.41310241301e-05
catch,7.41310241301e-05
cell,7.41310241301e-05
coast,7.41310241301e-05
comments,7.41310241301e-05
drug,7.41310241301e-05
economy,7.41310241301e-05
environment,7.41310241301e-05
executive,7.41310241301e-05
foot,7.41310241301e-05
hall,7.41310241301e-05
mass,7.41310241301e-05
meaning,7.41310241301e-05
mission,7.41310241301e-05
nine,7.41310241301e-05
officers,7.41310241301e-05
operations,7.41310241301e-05
politics,7.41310241301e-05
pop,7.41310241301e-05
produced,7.41310241301e-05
ran,7.41310241301e-05
saturday,7.41310241301e-05
status,7.41310241301e-05
therefore,7.41310241301e-05
trial,7.41310241301e-05
truly,7.41310241301e-05
weather,7.41310241301e-05
activity,7.24435960075e-05
app,7.24435960075e-05
application,7.24435960075e-05
claims,7.24435960075e-05
coffee,7.24435960075e-05
complex,7.24435960075e-05
condition,7.24435960075e-05
division,7.24435960075e-05
evening,7.24435960075e-05
flight,7.24435960075e-05
freedom,7.24435960075e-05
google,7.24435960075e-05
heat,7.24435960075e-05
highest,7.24435960075e-05
interview,7.24435960075e-05
library,7.24435960075e-05
located,7.24435960075e-05
location,7.24435960075e-05
murder,7.24435960075e-05
obama,7.24435960075e-05
offered,7.24435960075e-05
putting,7.24435960075e-05
queen,7.24435960075e-05
seconds,7.24435960075e-05
showed,7.24435960075e-05
sitting,7.24435960075e-05
standing,7.24435960075e-05
stars,7.24435960075e-05
walking,7.24435960075e-05
accept,7.07945784384e-05
actual,7.07945784384e-05
appear,7.07945784384e-05
attempt,7.07945784384e-05
broke,7.07945784384e-05
channel,7.07945784384e-05
distance,7.07945784384e-05
eating,7.07945784384e-05
exchange,7.07945784384e-05
fat,7.07945784384e-05
fell,7.07945784384e-05
finding,7.07945784384e-05
glass,7.07945784384e-05
learned,7.07945784384e-05
losing,7.07945784384e-05
mobile,7.07945784384e-05
northern,7.07945784384e-05
opened,7.07945784384e-05
placed,7.07945784384e-05
powerful,7.07945784384e-05
prior,7.07945784384e-05
protection,7.07945784384e-05
reached,7.07945784384e-05
receive,7.07945784384e-05
religious,7.07945784384e-05
ride,7.07945784384e-05
robert,7.07945784384e-05
royal,7.07945784384e-05
screen,7.07945784384e-05
serve,7.07945784384e-05
signed,7.07945784384e-05
slow,7.07945784384e-05
species,7.07945784384e-05
speech,7.07945784384e-05
traffic,7.07945784384e-05
tree,7.07945784384e-05
types,7.07945784384e-05
vs,7.07945784384e-05
wearing,7.07945784384e-05
whom,7.07945784384e-05
wonderful,7.07945784384e-05
agreed,6.91830970919e-05
airport,6.91830970919e-05
animals,6.91830970919e-05
appears,6.91830970919e-05
begin,6.91830970919e-05
benefits,6.91830970919e-05
bottom,6.91830970919e-05
cities,6.91830970919e-05
demand,6.91830970919e-05
engine,6.91830970919e-05
everybody,6.91830970919e-05
famous,6.91830970919e-05
ideas,6.91830970919e-05
investment,6.91830970919e-05
keeping,6.91830970919e-05
lie,6.91830970919e-05
notes,6.91830970919e-05
partner,6.91830970919e-05
plays,6.91830970919e-05
raised,6.91830970919e-05
runs,6.91830970919e-05
sad,6.91830970919e-05
solution,6.91830970919e-05
songs,6.91830970919e-05
sources,6.91830970919e-05
southern,6.91830970919e-05
square,6.91830970919e-05
stopped,6.91830970919e-05
structure,6.91830970919e-05
thomas,6.91830970919e-05
traditional,6.91830970919e-05
twice,6.91830970919e-05
wind,6.91830970919e-05
worry,6.91830970919e-05
americans,6.76082975392e-05
appeared,6.76082975392e-05
becomes,6.76082975392e-05
brand,6.76082975392e-05
bus,6.76082975392e-05
cent,6.76082975392e-05
chicago,6.76082975392e-05
count,6.76082975392e-05
covered,6.76082975392e-05
critical,6.76082975392e-05
digital,6.76082975392e-05
forced,6.76082975392e-05
fourth,6.76082975392e-05
fresh,6.76082975392e-05
lake,6.76082975392e-05
mental,6.76082975392e-05
mentioned,6.76082975392e-05
missed,6.76082975392e-05
mostly,6.76082975392e-05
mouth,6.76082975392e-05
owner,6.76082975392e-05
photos,6.76082975392e-05
previously,6.76082975392e-05
realize,6.76082975392e-05
remain,6.76082975392e-05
scale,6.76082975392e-05
score,6.76082975392e-05
separate,6.76082975392e-05
smart,6.76082975392e-05
starts,6.76082975392e-05
surface,6.76082975392e-05
throw,6.76082975392e-05
tom,6.76082975392e-05
totally,6.76082975392e-05
twitter,6.76082975392e-05
views,6.76082975392e-05
wedding,6.76082975392e-05
acting,6.60693448008e-05
actions,6.60693448008e-05
african,6.60693448008e-05
arms,6.60693448008e-05
benefit,6.60693448008e-05
budget,6.60693448008e-05
click,6.60693448008e-05
estate,6.60693448008e-05
failed,6.60693448008e-05
faith,6.60693448008e-05
fashion,6.60693448008e-05
feature,6.60693448008e-05
fund,6.60693448008e-05
generation,6.60693448008e-05
hearing,6.60693448008e-05
hill,6.60693448008e-05
jack,6.60693448008e-05
larger,6.60693448008e-05
louis,6.60693448008e-05
metal,6.60693448008e-05
mid,6.60693448008e-05
paris,6.60693448008e-05
profile,6.60693448008e-05
pull,6.60693448008e-05
push,6.60693448008e-05
returned,6.60693448008e-05
rose,6.60693448008e-05
seat,6.60693448008e-05
seemed,6.60693448008e-05
sexual,6.60693448008e-05
target,6.60693448008e-05
understanding,6.60693448008e-05
village,6.60693448008e-05
agent,6.45654229035e-05
animal,6.45654229035e-05
apply,6.45654229035e-05
authority,6.45654229035e-05
basis,6.45654229035e-05
becoming,6.45654229035e-05
chris,6.45654229035e-05
draw,6.45654229035e-05
dude,6.45654229035e-05
employees,6.45654229035e-05
enter,6.45654229035e-05
ex,6.45654229035e-05
follows,6.45654229035e-05
foundation,6.45654229035e-05
gain,6.45654229035e-05
http,6.45654229035e-05
individuals,6.45654229035e-05
japanese,6.45654229035e-05
leaders,6.45654229035e-05
memory,6.45654229035e-05
prime,6.45654229035e-05
projects,6.45654229035e-05
ring,6.45654229035e-05
rise,6.45654229035e-05
selling,6.45654229035e-05
served,6.45654229035e-05
silver,6.45654229035e-05
soul,6.45654229035e-05
spread,6.45654229035e-05
supply,6.45654229035e-05
waste,6.45654229035e-05
weird,6.45654229035e-05
adult,6.3095734448e-05
apparently,6.3095734448e-05
artist,6.3095734448e-05
chairman,6.3095734448e-05
edition,6.3095734448e-05
engineering,6.3095734448e-05
grade,6.3095734448e-05
happening,6.3095734448e-05
healthy,6.3095734448e-05
institute,6.3095734448e-05
method,6.3095734448e-05
mike,6.3095734448e-05
monday,6.3095734448e-05
nations,6.3095734448e-05
obviously,6.3095734448e-05
option,6.3095734448e-05
prison,6.3095734448e-05
provides,6.3095734448e-05
remains,6.3095734448e-05
senate,6.3095734448e-05
smaller,6.3095734448e-05
somebody,6.3095734448e-05
stone,6.3095734448e-05
strength,6.3095734448e-05
users,6.3095734448e-05
wild,6.3095734448e-05
window,6.3095734448e-05
winner,6.3095734448e-05
arrived,6.16595001861e-05
bag,6.16595001861e-05
bet,6.16595001861e-05
camp,6.16595001861e-05
cast,6.16595001861e-05
christ,6.16595001861e-05
continues,6.16595001861e-05
correct,6.16595001861e-05
dangerous,6.16595001861e-05
ed,6.16595001861e-05
extremely,6.16595001861e-05
firm,6.16595001861e-05
greatest,6.16595001861e-05
handle,6.16595001861e-05
improve,6.16595001861e-05
indeed,6.16595001861e-05
leaves,6.16595001861e-05
movies,6.16595001861e-05
negative,6.16595001861e-05
prevent,6.16595001861e-05
removed,6.16595001861e-05
richard,6.16595001861e-05
spirit,6.16595001861e-05
television,6.16595001861e-05
till,6.16595001861e-05
trouble,6.16595001861e-05
usa,6.16595001861e-05
videos,6.16595001861e-05
advantage,6.02559586074e-05
apart,6.02559586074e-05
aware,6.02559586074e-05
cat,6.02559586074e-05
customers,6.02559586074e-05
decide,6.02559586074e-05
dinner,6.02559586074e-05
dollars,6.02559586074e-05
eastern,6.02559586074e-05
fifth,6.02559586074e-05
function,6.02559586074e-05
gift,6.02559586074e-05
helping,6.02559586074e-05
herself,6.02559586074e-05
impossible,6.02559586074e-05
influence,6.02559586074e-05
items,6.02559586074e-05
joe,6.02559586074e-05
los,6.02559586074e-05
marketing,6.02559586074e-05
mary,6.02559586074e-05
materials,6.02559586074e-05
nor,6.02559586074e-05
produce,6.02559586074e-05
progress,6.02559586074e-05
proud,6.02559586074e-05
require,6.02559586074e-05
shooting,6.02559586074e-05
shut,6.02559586074e-05
standards,6.02559586074e-05
tells,6.02559586074e-05
thinks,6.02559586074e-05
van,6.02559586074e-05
wood,6.02559586074e-05
background,5.88843655356e-05
birth,5.88843655356e-05
bridge,5.88843655356e-05
carried,5.88843655356e-05
charles,5.88843655356e-05
classes,5.88843655356e-05
completed,5.88843655356e-05
concept,5.88843655356e-05
copy,5.88843655356e-05
dear,5.88843655356e-05
dogs,5.88843655356e-05
drugs,5.88843655356e-05
efforts,5.88843655356e-05
garden,5.88843655356e-05
host,5.88843655356e-05
housing,5.88843655356e-05
inc,5.88843655356e-05
israel,5.88843655356e-05
journal,5.88843655356e-05
labor,5.88843655356e-05
leadership,5.88843655356e-05
length,5.88843655356e-05
lucky,5.88843655356e-05
neither,5.88843655356e-05
onto,5.88843655356e-05
patient,5.88843655356e-05
possibly,5.88843655356e-05
prove,5.88843655356e-05
rare,5.88843655356e-05
setting,5.88843655356e-05
skills,5.88843655356e-05
software,5.88843655356e-05
thousands,5.88843655356e-05
tough,5.88843655356e-05
units,5.88843655356e-05
ad,5.75439937337e-05
alive,5.75439937337e-05
apple,5.75439937337e-05
balance,5.75439937337e-05
birthday,5.75439937337e-05
bitch,5.75439937337e-05
boss,5.75439937337e-05
cards,5.75439937337e-05
changing,5.75439937337e-05
connection,5.75439937337e-05
dress,5.75439937337e-05
easier,5.75439937337e-05
fellow,5.75439937337e-05
florida,5.75439937337e-05
horse,5.75439937337e-05
knowing,5.75439937337e-05
liked,5.75439937337e-05
magic,5.75439937337e-05
managed,5.75439937337e-05
map,5.75439937337e-05
net,5.75439937337e-05
owned,5.75439937337e-05
request,5.75439937337e-05
stick,5.75439937337e-05
turns,5.75439937337e-05
vehicle,5.75439937337e-05
volume,5.75439937337e-05
wake,5.75439937337e-05
aid,5.6234132519e-05
beauty,5.6234132519e-05
believed,5.6234132519e-05
billion,5.6234132519e-05
busy,5.6234132519e-05
buying,5.6234132519e-05
cells,5.6234132519e-05
concerned,5.6234132519e-05
conversation,5.6234132519e-05
corner,5.6234132519e-05
criminal,5.6234132519e-05
cultural,5.6234132519e-05
develop,5.6234132519e-05
driver,5.6234132519e-05
ends,5.6234132519e-05
existing,5.6234132519e-05
farm,5.6234132519e-05
file,5.6234132519e-05
fix,5.6234132519e-05
fly,5.6234132519e-05
frank,5.6234132519e-05
guide,5.6234132519e-05
images,5.6234132519e-05
investigation,5.6234132519e-05
mexico,5.6234132519e-05
operating,5.6234132519e-05
paying,5.6234132519e-05
presented,5.6234132519e-05
raise,5.6234132519e-05
responsibility,5.6234132519e-05
roll,5.6234132519e-05
slightly,5.6234132519e-05
suggest,5.6234132519e-05
surprise,5.6234132519e-05
technical,5.6234132519e-05
thoughts,5.6234132519e-05
treat,5.6234132519e-05
unique,5.6234132519e-05
variety,5.6234132519e-05
violence,5.6234132519e-05
weapons,5.6234132519e-05
yours,5.6234132519e-05
youth,5.6234132519e-05
appreciate,5.49540873858e-05
bigger,5.49540873858e-05
breaking,5.49540873858e-05
discovered,5.49540873858e-05
dont,5.49540873858e-05
dry,5.49540873858e-05
edge,5.49540873858e-05
evil,5.49540873858e-05
excited,5.49540873858e-05
forever,5.49540873858e-05
funds,5.49540873858e-05
helps,5.49540873858e-05
henry,5.49540873858e-05
injury,5.49540873858e-05
iron,5.49540873858e-05
lovely,5.49540873858e-05
mad,5.49540873858e-05
magazine,5.49540873858e-05
martin,5.49540873858e-05
models,5.49540873858e-05
offers,5.49540873858e-05
ordered,5.49540873858e-05
parliament,5.49540873858e-05
prepared,5.49540873858e-05
reference,5.49540873858e-05
religion,5.49540873858e-05
sites,5.49540873858e-05
somewhere,5.49540873858e-05
stated,5.49540873858e-05
strategy,5.49540873858e-05
teachers,5.49540873858e-05
web,5.49540873858e-05
wine,5.49540873858e-05
accounts,5.3703179637e-05
angeles,5.3703179637e-05
arm,5.3703179637e-05
audience,5.3703179637e-05
bay,5.3703179637e-05
blog,5.3703179637e-05
closer,5.3703179637e-05
core,5.3703179637e-05
democratic,5.3703179637e-05
description,5.3703179637e-05
dropped,5.3703179637e-05
excellent,5.3703179637e-05
exist,5.3703179637e-05
figures,5.3703179637e-05
forms,5.3703179637e-05
guard,5.3703179637e-05
honest,5.3703179637e-05
issued,5.3703179637e-05
joined,5.3703179637e-05
jones,5.3703179637e-05
lee,5.3703179637e-05
lies,5.3703179637e-05
likes,5.3703179637e-05
medicine,5.3703179637e-05
mention,5.3703179637e-05
mountain,5.3703179637e-05
nuclear,5.3703179637e-05
orders,5.3703179637e-05
port,5.3703179637e-05
presence,5.3703179637e-05
reaction,5.3703179637e-05
reduce,5.3703179637e-05
shoot,5.3703179637e-05
sides,5.3703179637e-05
solid,5.3703179637e-05
spanish,5.3703179637e-05
sport,5.3703179637e-05
steps,5.3703179637e-05
stress,5.3703179637e-05
taste,5.3703179637e-05
tea,5.3703179637e-05
victory,5.3703179637e-05
afternoon,5.2480746025e-05
assistant,5.2480746025e-05
britain,5.2480746025e-05
citizens,5.2480746025e-05
classic,5.2480746025e-05
clothes,5.2480746025e-05
decisions,5.2480746025e-05
electric,5.2480746025e-05
emergency,5.2480746025e-05
entered,5.2480746025e-05
entirely,5.2480746025e-05
facts,5.2480746025e-05
failure,5.2480746025e-05
festival,5.2480746025e-05
flat,5.2480746025e-05
fuel,5.2480746025e-05
harry,5.2480746025e-05
hello,5.2480746025e-05
houses,5.2480746025e-05
ill,5.2480746025e-05
initial,5.2480746025e-05
introduced,5.2480746025e-05
johnson,5.2480746025e-05
kick,5.2480746025e-05
links,5.2480746025e-05
mail,5.2480746025e-05
massive,5.2480746025e-05
matters,5.2480746025e-05
pair,5.2480746025e-05
picked,5.2480746025e-05
pieces,5.2480746025e-05
plane,5.2480746025e-05
plenty,5.2480746025e-05
prince,5.2480746025e-05
proper,5.2480746025e-05
providing,5.2480746025e-05
quarter,5.2480746025e-05
regional,5.2480746025e-05
scott,5.2480746025e-05
session,5.2480746025e-05
shape,5.2480746025e-05
sky,5.2480746025e-05
teaching,5.2480746025e-05
toward,5.2480746025e-05
transfer,5.2480746025e-05
upper,5.2480746025e-05
useful,5.2480746025e-05
valley,5.2480746025e-05
watched,5.2480746025e-05
willing,5.2480746025e-05
windows,5.2480746025e-05
zone,5.2480746025e-05
accident,5.12861383991e-05
advanced,5.12861383991e-05
alternative,5.12861383991e-05
anywhere,5.12861383991e-05
articles,5.12861383991e-05
awards,5.12861383991e-05
bear,5.12861383991e-05
boat,5.12861383991e-05
bringing,5.12861383991e-05
capacity,5.12861383991e-05
cheap,5.12861383991e-05
climate,5.12861383991e-05
communities,5.12861383991e-05
discussion,5.12861383991e-05
drinking,5.12861383991e-05
duty,5.12861383991e-05
fantastic,5.12861383991e-05
feelings,5.12861383991e-05
flying,5.12861383991e-05
governor,5.12861383991e-05
hundred,5.12861383991e-05
industrial,5.12861383991e-05
joint,5.12861383991e-05
mix,5.12861383991e-05
museum,5.12861383991e-05
options,5.12861383991e-05
path,5.12861383991e-05
plants,5.12861383991e-05
policies,5.12861383991e-05
promise,5.12861383991e-05
proposed,5.12861383991e-05
purchase,5.12861383991e-05
rain,5.12861383991e-05
remove,5.12861383991e-05
signs,5.12861383991e-05
spending,5.12861383991e-05
steel,5.12861383991e-05
steve,5.12861383991e-05
supporting,5.12861383991e-05
terrible,5.12861383991e-05
tired,5.12861383991e-05
treated,5.12861383991e-05
turning,5.12861383991e-05
vice,5.12861383991e-05
warm,5.12861383991e-05
afraid,5.01187233627e-05
arts,5.01187233627e-05
beer,5.01187233627e-05
border,5.01187233627e-05
canadian,5.01187233627e-05
command,5.01187233627e-05
crew,5.01187233627e-05
crowd,5.01187233627e-05
dating,5.01187233627e-05
dick,5.01187233627e-05
elements,5.01187233627e-05
enemy,5.01187233627e-05
ensure,5.01187233627e-05
environmental,5.01187233627e-05
filled,5.01187233627e-05
fixed,5.01187233627e-05
forest,5.01187233627e-05
intelligence,5.01187233627e-05
intended,5.01187233627e-05
labour,5.01187233627e-05
limit,5.01187233627e-05
moon,5.01187233627e-05
ocean,5.01187233627e-05
powers,5.01187233627e-05
profit,5.01187233627e-05
proof,5.01187233627e-05
republican,5.01187233627e-05
soldiers,5.01187233627e-05
suit,5.01187233627e-05
wins,5.01187233627e-05
appearance,4.89778819368e-05
asian,4.89778819368e-05
attorney,4.89778819368e-05
banks,4.89778819368e-05
behavior,4.89778819368e-05
ben,4.89778819368e-05
bodies,4.89778819368e-05
brothers,4.89778819368e-05
buildings,4.89778819368e-05
chair,4.89778819368e-05
creating,4.89778819368e-05
debt,4.89778819368e-05
domestic,4.89778819368e-05
expensive,4.89778819368e-05
grew,4.89778819368e-05
historical,4.89778819368e-05
homes,4.89778819368e-05
honestly,4.89778819368e-05
honor,4.89778819368e-05
im,4.89778819368e-05
jump,4.89778819368e-05
launch,4.89778819368e-05
listed,4.89778819368e-05
minimum,4.89778819368e-05
native,4.89778819368e-05
noted,4.89778819368e-05
originally,4.89778819368e-05
planned,4.89778819368e-05
pm,4.89778819368e-05
ray,4.89778819368e-05
sets,4.89778819368e-05
suddenly,4.89778819368e-05
supreme,4.89778819368e-05
survey,4.89778819368e-05
tech,4.89778819368e-05
trees,4.89778819368e-05
update,4.89778819368e-05
user,4.89778819368e-05
writer,4.89778819368e-05
yellow,4.89778819368e-05
younger,4.89778819368e-05
ancient,4.78630092323e-05
attacks,4.78630092323e-05
charges,4.78630092323e-05
combined,4.78630092323e-05
communication,4.78630092323e-05
connected,4.78630092323e-05
contains,4.78630092323e-05
download,4.78630092323e-05
email,4.78630092323e-05
ending,4.78630092323e-05
exercise,4.78630092323e-05
express,4.78630092323e-05
flow,4.78630092323e-05
formed,4.78630092323e-05
girlfriend,4.78630092323e-05
hero,4.78630092323e-05
illegal,4.78630092323e-05
increasing,4.78630092323e-05
joke,4.78630092323e-05
loan,4.78630092323e-05
methods,4.78630092323e-05
officials,4.78630092323e-05
performed,4.78630092323e-05
planet,4.78630092323e-05
relationships,4.78630092323e-05
restaurant,4.78630092323e-05
scotland,4.78630092323e-05
selected,4.78630092323e-05
shared,4.78630092323e-05
shopping,4.78630092323e-05
soft,4.78630092323e-05
stuck,4.78630092323e-05
sugar,4.78630092323e-05
suggested,4.78630092323e-05
supported,4.78630092323e-05
surprised,4.78630092323e-05
taught,4.78630092323e-05
transport,4.78630092323e-05
accepted,4.67735141287e-05
adding,4.67735141287e-05
affairs,4.67735141287e-05
allows,4.67735141287e-05
appeal,4.67735141287e-05
applied,4.67735141287e-05
appropriate,4.67735141287e-05
artists,4.67735141287e-05
boston,4.67735141287e-05
ca,4.67735141287e-05
confirmed,4.67735141287e-05
device,4.67735141287e-05
drama,4.67735141287e-05
entry,4.67735141287e-05
era,4.67735141287e-05
factor,4.67735141287e-05
feed,4.67735141287e-05
golden,4.67735141287e-05
grant,4.67735141287e-05
grown,4.67735141287e-05
heads,4.67735141287e-05
hoping,4.67735141287e-05
keeps,4.67735141287e-05
lawyer,4.67735141287e-05
legs,4.67735141287e-05
lying,4.67735141287e-05
measures,4.67735141287e-05
mistake,4.67735141287e-05
ms,4.67735141287e-05
muslim,4.67735141287e-05
organizations,4.67735141287e-05
platform,4.67735141287e-05
pool,4.67735141287e-05
pulled,4.67735141287e-05
regarding,4.67735141287e-05
relations,4.67735141287e-05
requires,4.67735141287e-05
route,4.67735141287e-05
saved,4.67735141287e-05
schedule,4.67735141287e-05
scientific,4.67735141287e-05
shoes,4.67735141287e-05
smoke,4.67735141287e-05
squad,4.67735141287e-05
teach,4.67735141287e-05
testing,4.67735141287e-05
tests,4.67735141287e-05
values,4.67735141287e-05
walked,4.67735141287e-05
williams,4.67735141287e-05
ya,4.67735141287e-05
abuse,4.57088189615e-05
angry,4.57088189615e-05
businesses,4.57088189615e-05
candidate,4.57088189615e-05
comfortable,4.57088189615e-05
concern,4.57088189615e-05
developing,4.57088189615e-05
discuss,4.57088189615e-05
elections,4.57088189615e-05
emotional,4.57088189615e-05
et,4.57088189615e-05
everywhere,4.57088189615e-05
facilities,4.57088189615e-05
falling,4.57088189615e-05
fox,4.57088189615e-05
guns,4.57088189615e-05
hole,4.57088189615e-05
holiday,4.57088189615e-05
interests,4.57088189615e-05
internal,4.57088189615e-05
ireland,4.57088189615e-05
italian,4.57088189615e-05
italy,4.57088189615e-05
jersey,4.57088189615e-05
laugh,4.57088189615e-05
leg,4.57088189615e-05
letters,4.57088189615e-05
liberal,4.57088189615e-05
listening,4.57088189615e-05
ll,4.57088189615e-05
loves,4.57088189615e-05
lunch,4.57088189615e-05
max,4.57088189615e-05
milk,4.57088189615e-05
pack,4.57088189615e-05
payment,4.57088189615e-05
perform,4.57088189615e-05
recorded,4.57088189615e-05
relatively,4.57088189615e-05
sector,4.57088189615e-05
sharing,4.57088189615e-05
snow,4.57088189615e-05
storm,4.57088189615e-05
streets,4.57088189615e-05
strike,4.57088189615e-05
studio,4.57088189615e-05
sub,4.57088189615e-05
weak,4.57088189615e-05
youtube,4.57088189615e-05
actor,4.46683592151e-05
advance,4.46683592151e-05
apartment,4.46683592151e-05
asia,4.46683592151e-05
chain,4.46683592151e-05
chapter,4.46683592151e-05
committed,4.46683592151e-05
confidence,4.46683592151e-05
cook,4.46683592151e-05
cute,4.46683592151e-05
equal,4.46683592151e-05
fake,4.46683592151e-05
finance,4.46683592151e-05
focused,4.46683592151e-05
hits,4.46683592151e-05
identity,4.46683592151e-05
journey,4.46683592151e-05
kitchen,4.46683592151e-05
korea,4.46683592151e-05
leads,4.46683592151e-05
maintain,4.46683592151e-05
measure,4.46683592151e-05
mm,4.46683592151e-05
numerous,4.46683592151e-05
owners,4.46683592151e-05
posts,4.46683592151e-05
properties,4.46683592151e-05
quiet,4.46683592151e-05
revealed,4.46683592151e-05
specifically,4.46683592151e-05
split,4.46683592151e-05
task,4.46683592151e-05
taxes,4.46683592151e-05
taylor,4.46683592151e-05
twenty,4.46683592151e-05
urban,4.46683592151e-05
acts,4.3651583224e-05
affected,4.3651583224e-05
aircraft,4.3651583224e-05
applications,4.3651583224e-05
approved,4.3651583224e-05
approximately,4.3651583224e-05
argument,4.3651583224e-05
arrested,4.3651583224e-05
claimed,4.3651583224e-05
conflict,4.3651583224e-05
considering,4.3651583224e-05
corporate,4.3651583224e-05
debate,4.3651583224e-05
determined,4.3651583224e-05
distribution,4.3651583224e-05
documents,4.3651583224e-05
escape,4.3651583224e-05
extended,4.3651583224e-05
factors,4.3651583224e-05
faster,4.3651583224e-05
fault,4.3651583224e-05
fill,4.3651583224e-05
films,4.3651583224e-05
flowers,4.3651583224e-05
friendly,4.3651583224e-05
ladies,4.3651583224e-05
lay,4.3651583224e-05
lights,4.3651583224e-05
millions,4.3651583224e-05
mixed,4.3651583224e-05
phase,4.3651583224e-05
properly,4.3651583224e-05
pure,4.3651583224e-05
reduced,4.3651583224e-05
requirements,4.3651583224e-05
residents,4.3651583224e-05
revenue,4.3651583224e-05
sam,4.3651583224e-05
sat,4.3651583224e-05
secure,4.3651583224e-05
smile,4.3651583224e-05
strange,4.3651583224e-05
talent,4.3651583224e-05
temperature,4.3651583224e-05
thousand,4.3651583224e-05
tony,4.3651583224e-05
troops,4.3651583224e-05
truck,4.3651583224e-05
votes,4.3651583224e-05
ah,4.26579518802e-05
authorities,4.26579518802e-05
basically,4.26579518802e-05
besides,4.26579518802e-05
bird,4.26579518802e-05
blame,4.26579518802e-05
bob,4.26579518802e-05
bowl,4.26579518802e-05
causes,4.26579518802e-05
chicken,4.26579518802e-05
collected,4.26579518802e-05
context,4.26579518802e-05
coverage,4.26579518802e-05
determine,4.26579518802e-05
display,4.26579518802e-05
dying,4.26579518802e-05
elected,4.26579518802e-05
examples,4.26579518802e-05
experienced,4.26579518802e-05
falls,4.26579518802e-05
false,4.26579518802e-05
fired,4.26579518802e-05
forgot,4.26579518802e-05
funding,4.26579518802e-05
identified,4.26579518802e-05
iii,4.26579518802e-05
incredible,4.26579518802e-05
inspired,4.26579518802e-05
launched,4.26579518802e-05
ma,4.26579518802e-05
meat,4.26579518802e-05
ministry,4.26579518802e-05
mode,4.26579518802e-05
neck,4.26579518802e-05
noticed,4.26579518802e-05
novel,4.26579518802e-05
obvious,4.26579518802e-05
passing,4.26579518802e-05
positions,4.26579518802e-05
remaining,4.26579518802e-05
scored,4.26579518802e-05
shirt,4.26579518802e-05
shots,4.26579518802e-05
slowly,4.26579518802e-05
stadium,4.26579518802e-05
stores,4.26579518802e-05
surgery,4.26579518802e-05
trading,4.26579518802e-05
tuesday,4.26579518802e-05
vision,4.26579518802e-05
whenever,4.26579518802e-05
worried,4.26579518802e-05
zero,4.26579518802e-05
alex,4.1686938347e-05
allowing,4.1686938347e-05
begins,4.1686938347e-05
champion,4.1686938347e-05
charged,4.1686938347e-05
cream,4.1686938347e-05
crisis,4.1686938347e-05
daniel,4.1686938347e-05
delivered,4.1686938347e-05
editor,4.1686938347e-05
estimated,4.1686938347e-05
eu,4.1686938347e-05
giant,4.1686938347e-05
iran,4.1686938347e-05
jail,4.1686938347e-05
jim,4.1686938347e-05
kingdom,4.1686938347e-05
literature,4.1686938347e-05
mayor,4.1686938347e-05
minor,4.1686938347e-05
moments,4.1686938347e-05
opposite,4.1686938347e-05
orange,4.1686938347e-05
ourselves,4.1686938347e-05
pages,4.1686938347e-05
remained,4.1686938347e-05
selection,4.1686938347e-05
serving,4.1686938347e-05
signal,4.1686938347e-05
stream,4.1686938347e-05
struggle,4.1686938347e-05
suicide,4.1686938347e-05
talked,4.1686938347e-05
theme,4.1686938347e-05
thursday,4.1686938347e-05
tiny,4.1686938347e-05
typically,4.1686938347e-05
un,4.1686938347e-05
unfortunately,4.1686938347e-05
usual,4.1686938347e-05
vehicles,4.1686938347e-05
virginia,4.1686938347e-05
voted,4.1686938347e-05
voting,4.1686938347e-05
walls,4.1686938347e-05
wave,4.1686938347e-05
alcohol,4.07380277804e-05
assembly,4.07380277804e-05
breakfast,4.07380277804e-05
bright,4.07380277804e-05
brings,4.07380277804e-05
capable,4.07380277804e-05
carrying,4.07380277804e-05
chosen,4.07380277804e-05
combination,4.07380277804e-05
conservative,4.07380277804e-05
customer,4.07380277804e-05
cutting,4.07380277804e-05
desire,4.07380277804e-05
destroyed,4.07380277804e-05
draft,4.07380277804e-05
drunk,4.07380277804e-05
essential,4.07380277804e-05
fail,4.07380277804e-05
familiar,4.07380277804e-05
finds,4.07380277804e-05
granted,4.07380277804e-05
guilty,4.07380277804e-05
humans,4.07380277804e-05
hundreds,4.07380277804e-05
id,4.07380277804e-05
improved,4.07380277804e-05
jewish,4.07380277804e-05
largely,4.07380277804e-05
laughing,4.07380277804e-05
markets,4.07380277804e-05
medium,4.07380277804e-05
ohio,4.07380277804e-05
opportunities,4.07380277804e-05
papers,4.07380277804e-05
perfectly,4.07380277804e-05
recommend,4.07380277804e-05
referred,4.07380277804e-05
relevant,4.07380277804e-05
seek,4.07380277804e-05
sending,4.07380277804e-05
solo,4.07380277804e-05
spoke,4.07380277804e-05
stands,4.07380277804e-05
talks,4.07380277804e-05
ticket,4.07380277804e-05
unable,4.07380277804e-05
upset,4.07380277804e-05
wing,4.07380277804e-05
answers,3.98107170553e-05
birds,3.98107170553e-05
bomb,3.98107170553e-05
creative,3.98107170553e-05
cycle,3.98107170553e-05
dealing,3.98107170553e-05
directed,3.98107170553e-05
don,3.98107170553e-05
educational,3.98107170553e-05
entertainment,3.98107170553e-05
extreme,3.98107170553e-05
facility,3.98107170553e-05
fields,3.98107170553e-05
goods,3.98107170553e-05
hang,3.98107170553e-05
holds,3.98107170553e-05
info,3.98107170553e-05
mainly,3.98107170553e-05
maximum,3.98107170553e-05
newspaper,3.98107170553e-05
offering,3.98107170553e-05
painting,3.98107170553e-05
republic,3.98107170553e-05
reserve,3.98107170553e-05
returns,3.98107170553e-05
row,3.98107170553e-05
salt,3.98107170553e-05
scared,3.98107170553e-05
scottish,3.98107170553e-05
shares,3.98107170553e-05
statistics,3.98107170553e-05
switch,3.98107170553e-05
territory,3.98107170553e-05
threat,3.98107170553e-05
tickets,3.98107170553e-05
wales,3.98107170553e-05
adults,3.89045144994e-05
affect,3.89045144994e-05
appointed,3.89045144994e-05
armed,3.89045144994e-05
aside,3.89045144994e-05
assistance,3.89045144994e-05
bell,3.89045144994e-05
blow,3.89045144994e-05
bond,3.89045144994e-05
boyfriend,3.89045144994e-05
careful,3.89045144994e-05
circumstances,3.89045144994e-05
communications,3.89045144994e-05
concerns,3.89045144994e-05
controlled,3.89045144994e-05
corporation,3.89045144994e-05
cry,3.89045144994e-05
danger,3.89045144994e-05
deals,3.89045144994e-05
delivery,3.89045144994e-05
deserve,3.89045144994e-05
devices,3.89045144994e-05
dollar,3.89045144994e-05
dreams,3.89045144994e-05
empty,3.89045144994e-05
enjoyed,3.89045144994e-05
explained,3.89045144994e-05
faces,3.89045144994e-05
folks,3.89045144994e-05
fucked,3.89045144994e-05
gender,3.89045144994e-05
instance,3.89045144994e-05
kim,3.89045144994e-05
kinda,3.89045144994e-05
matches,3.89045144994e-05
mile,3.89045144994e-05
motion,3.89045144994e-05
moves,3.89045144994e-05
nick,3.89045144994e-05
pacific,3.89045144994e-05
prize,3.89045144994e-05
realized,3.89045144994e-05
reasonable,3.89045144994e-05
receiving,3.89045144994e-05
register,3.89045144994e-05
resolution,3.89045144994e-05
rural,3.89045144994e-05
ryan,3.89045144994e-05
saving,3.89045144994e-05
sees,3.89045144994e-05
singing,3.89045144994e-05
spain,3.89045144994e-05
tools,3.89045144994e-05
typical,3.89045144994e-05
universe,3.89045144994e-05
warning,3.89045144994e-05
wars,3.89045144994e-05
wednesday,3.89045144994e-05
admit,3.80189396321e-05
attitude,3.80189396321e-05
branch,3.80189396321e-05
brazil,3.80189396321e-05
conducted,3.80189396321e-05
decades,3.80189396321e-05
dedicated,3.80189396321e-05
definition,3.80189396321e-05
drawing,3.80189396321e-05
favor,3.80189396321e-05
flag,3.80189396321e-05
frame,3.80189396321e-05
guest,3.80189396321e-05
ha,3.80189396321e-05
heaven,3.80189396321e-05
independence,3.80189396321e-05
institutions,3.80189396321e-05
jackson,3.80189396321e-05
kiss,3.80189396321e-05
load,3.80189396321e-05
plot,3.80189396321e-05
possibility,3.80189396321e-05
random,3.80189396321e-05
recovery,3.80189396321e-05
rent,3.80189396321e-05
replace,3.80189396321e-05
represent,3.80189396321e-05
reviews,3.80189396321e-05
scenes,3.80189396321e-05
seeking,3.80189396321e-05
senator,3.80189396321e-05
sentence,3.80189396321e-05
teeth,3.80189396321e-05
tips,3.80189396321e-05
trained,3.80189396321e-05
understood,3.80189396321e-05
academic,3.71535229097e-05
academy,3.71535229097e-05
accurate,3.71535229097e-05
achieve,3.71535229097e-05
adam,3.71535229097e-05
afford,3.71535229097e-05
andrew,3.71535229097e-05
assume,3.71535229097e-05
bbc,3.71535229097e-05
bottle,3.71535229097e-05
bunch,3.71535229097e-05
category,3.71535229097e-05
chat,3.71535229097e-05
cheese,3.71535229097e-05
chemical,3.71535229097e-05
clinton,3.71535229097e-05
competitive,3.71535229097e-05
detail,3.71535229097e-05
diet,3.71535229097e-05
em,3.71535229097e-05
favourite,3.71535229097e-05
fruit,3.71535229097e-05
harder,3.71535229097e-05
index,3.71535229097e-05
item,3.71535229097e-05
lane,3.71535229097e-05
mess,3.71535229097e-05
navy,3.71535229097e-05
normally,3.71535229097e-05
occurred,3.71535229097e-05
opposition,3.71535229097e-05
parent,3.71535229097e-05
permanent,3.71535229097e-05
personally,3.71535229097e-05
pleasure,3.71535229097e-05
prefer,3.71535229097e-05
programme,3.71535229097e-05
representative,3.71535229097e-05
scheme,3.71535229097e-05
shift,3.71535229097e-05
stood,3.71535229097e-05
storage,3.71535229097e-05
tank,3.71535229097e-05
tend,3.71535229097e-05
tight,3.71535229097e-05
transportation,3.71535229097e-05
ultimately,3.71535229097e-05
unlike,3.71535229097e-05
weekly,3.71535229097e-05
yard,3.71535229097e-05
anybody,3.6307805477e-05
assets,3.6307805477e-05
basketball,3.6307805477e-05
button,3.6307805477e-05
candidates,3.6307805477e-05
combat,3.6307805477e-05
constitution,3.6307805477e-05
consumer,3.6307805477e-05
counter,3.6307805477e-05
creation,3.6307805477e-05
crown,3.6307805477e-05
crying,3.6307805477e-05
dc,3.6307805477e-05
defined,3.6307805477e-05
depending,3.6307805477e-05
depression,3.6307805477e-05
describe,3.6307805477e-05
drivers,3.6307805477e-05
el,3.6307805477e-05
employment,3.6307805477e-05
exclusive,3.6307805477e-05
excuse,3.6307805477e-05
expert,3.6307805477e-05
frequently,3.6307805477e-05
golf,3.6307805477e-05
grace,3.6307805477e-05
hopefully,3.6307805477e-05
identify,3.6307805477e-05
importance,3.6307805477e-05
kevin,3.6307805477e-05
laid,3.6307805477e-05
latter,3.6307805477e-05
manufacturing,3.6307805477e-05
mining,3.6307805477e-05
object,3.6307805477e-05
partners,3.6307805477e-05
pattern,3.6307805477e-05
performing,3.6307805477e-05
personnel,3.6307805477e-05
perspective,3.6307805477e-05
pregnant,3.6307805477e-05
premier,3.6307805477e-05
promote,3.6307805477e-05
q,3.6307805477e-05
revolution,3.6307805477e-05
rooms,3.6307805477e-05
severe,3.6307805477e-05
sleeping,3.6307805477e-05
suppose,3.6307805477e-05
tool,3.6307805477e-05
tournament,3.6307805477e-05
turkey,3.6307805477e-05
ve,3.6307805477e-05
victim,3.6307805477e-05
victims,3.6307805477e-05
agents,3.54813389234e-05
amazon,3.54813389234e-05
arrest,3.54813389234e-05
attend,3.54813389234e-05
ban,3.54813389234e-05
brilliant,3.54813389234e-05
carbon,3.54813389234e-05
catholic,3.54813389234e-05
chose,3.54813389234e-05
circle,3.54813389234e-05
concert,3.54813389234e-05
crash,3.54813389234e-05
declared,3.54813389234e-05
deliver,3.54813389234e-05
depth,3.54813389234e-05
deputy,3.54813389234e-05
dirty,3.54813389234e-05
doctors,3.54813389234e-05
earned,3.54813389234e-05
electronic,3.54813389234e-05
error,3.54813389234e-05
existence,3.54813389234e-05
experiences,3.54813389234e-05
expression,3.54813389234e-05
factory,3.54813389234e-05
headed,3.54813389234e-05
interior,3.54813389234e-05
joy,3.54813389234e-05
jr,3.54813389234e-05
legislation,3.54813389234e-05
maintenance,3.54813389234e-05
manner,3.54813389234e-05
mate,3.54813389234e-05
matt,3.54813389234e-05
nearby,3.54813389234e-05
noise,3.54813389234e-05
origin,3.54813389234e-05
pakistan,3.54813389234e-05
panel,3.54813389234e-05
personality,3.54813389234e-05
plate,3.54813389234e-05
practices,3.54813389234e-05
prepare,3.54813389234e-05
relief,3.54813389234e-05
replaced,3.54813389234e-05
resistance,3.54813389234e-05
retail,3.54813389234e-05
rice,3.54813389234e-05
roads,3.54813389234e-05
roof,3.54813389234e-05
shame,3.54813389234e-05
ships,3.54813389234e-05
somewhat,3.54813389234e-05
staying,3.54813389234e-05
stronger,3.54813389234e-05
surely,3.54813389234e-05
tip,3.54813389234e-05
updated,3.54813389234e-05
writers,3.54813389234e-05
absolute,3.46736850453e-05
advertising,3.46736850453e-05
agencies,3.46736850453e-05
baseball,3.46736850453e-05
bathroom,3.46736850453e-05
bible,3.46736850453e-05
cable,3.46736850453e-05
calm,3.46736850453e-05
championship,3.46736850453e-05
checked,3.46736850453e-05
client,3.46736850453e-05
constant,3.46736850453e-05
da,3.46736850453e-05
dates,3.46736850453e-05
degrees,3.46736850453e-05
democrats,3.46736850453e-05
doors,3.46736850453e-05
driven,3.46736850453e-05
dumb,3.46736850453e-05
empire,3.46736850453e-05
exciting,3.46736850453e-05
expansion,3.46736850453e-05
heavily,3.46736850453e-05
hide,3.46736850453e-05
incident,3.46736850453e-05
irish,3.46736850453e-05
linked,3.46736850453e-05
manage,3.46736850453e-05
messages,3.46736850453e-05
michigan,3.46736850453e-05
multi,3.46736850453e-05
nfl,3.46736850453e-05
politicians,3.46736850453e-05
print,3.46736850453e-05
quit,3.46736850453e-05
refused,3.46736850453e-05
reporting,3.46736850453e-05
sight,3.46736850453e-05
significantly,3.46736850453e-05
sing,3.46736850453e-05
soviet,3.46736850453e-05
weapon,3.46736850453e-05
wet,3.46736850453e-05
widely,3.46736850453e-05
worldwide,3.46736850453e-05
ages,3.38844156139e-05
anniversary,3.38844156139e-05
attractive,3.38844156139e-05
bike,3.38844156139e-05
broad,3.38844156139e-05
burn,3.38844156139e-05
cake,3.38844156139e-05
causing,3.38844156139e-05
closely,3.38844156139e-05
constantly,3.38844156139e-05
contest,3.38844156139e-05
deaths,3.38844156139e-05
depends,3.38844156139e-05
drawn,3.38844156139e-05
fees,3.38844156139e-05
francisco,3.38844156139e-05
haha,3.38844156139e-05
hardly,3.38844156139e-05
hat,3.38844156139e-05
height,3.38844156139e-05
hidden,3.38844156139e-05
hong,3.38844156139e-05
invited,3.38844156139e-05
letting,3.38844156139e-05
loud,3.38844156139e-05
manchester,3.38844156139e-05
marine,3.38844156139e-05
motor,3.38844156139e-05
officially,3.38844156139e-05
pc,3.38844156139e-05
peak,3.38844156139e-05
portion,3.38844156139e-05
pounds,3.38844156139e-05
princess,3.38844156139e-05
protein,3.38844156139e-05
puts,3.38844156139e-05
raw,3.38844156139e-05
reform,3.38844156139e-05
regions,3.38844156139e-05
represented,3.38844156139e-05
respond,3.38844156139e-05
retirement,3.38844156139e-05
sample,3.38844156139e-05
seats,3.38844156139e-05
secondary,3.38844156139e-05
solar,3.38844156139e-05
somehow,3.38844156139e-05
stayed,3.38844156139e-05
suffering,3.38844156139e-05
sydney,3.38844156139e-05
tries,3.38844156139e-05
ultimate,3.38844156139e-05
unknown,3.38844156139e-05
wilson,3.38844156139e-05
wondering,3.38844156139e-05
attached,3.31131121483e-05
attacked,3.31131121483e-05
automatically,3.31131121483e-05
balls,3.31131121483e-05
battery,3.31131121483e-05
bills,3.31131121483e-05
blind,3.31131121483e-05
breath,3.31131121483e-05
brief,3.31131121483e-05
carolina,3.31131121483e-05
chest,3.31131121483e-05
conduct,3.31131121483e-05
debut,3.31131121483e-05
decade,3.31131121483e-05
destroy,3.31131121483e-05
differences,3.31131121483e-05
edward,3.31131121483e-05
engaged,3.31131121483e-05
experts,3.31131121483e-05
expressed,3.31131121483e-05
external,3.31131121483e-05
fantasy,3.31131121483e-05
ft,3.31131121483e-05
grab,3.31131121483e-05
hollywood,3.31131121483e-05
immediate,3.31131121483e-05
introduction,3.31131121483e-05
joseph,3.31131121483e-05
license,3.31131121483e-05
paint,3.31131121483e-05
pilot,3.31131121483e-05
pink,3.31131121483e-05
presidential,3.31131121483e-05
principal,3.31131121483e-05
recognize,3.31131121483e-05
recognized,3.31131121483e-05
registered,3.31131121483e-05
regularly,3.31131121483e-05
representatives,3.31131121483e-05
rising,3.31131121483e-05
seasons,3.31131121483e-05
shipping,3.31131121483e-05
singer,3.31131121483e-05
smoking,3.31131121483e-05
steam,3.31131121483e-05
suffered,3.31131121483e-05
survive,3.31131121483e-05
tall,3.31131121483e-05
thats,3.31131121483e-05
theatre,3.31131121483e-05
therapy,3.31131121483e-05
witness,3.31131121483e-05
adopted,3.2359365693e-05
aim,3.2359365693e-05
campus,3.2359365693e-05
cap,3.2359365693e-05
chances,3.2359365693e-05
childhood,3.2359365693e-05
clinical,3.2359365693e-05
clubs,3.2359365693e-05
comedy,3.2359365693e-05
commander,3.2359365693e-05
comparison,3.2359365693e-05
covers,3.2359365693e-05
dan,3.2359365693e-05
defeat,3.2359365693e-05
defence,3.2359365693e-05
democracy,3.2359365693e-05
detailed,3.2359365693e-05
entitled,3.2359365693e-05
exact,3.2359365693e-05
exposed,3.2359365693e-05
fed,3.2359365693e-05
fee,3.2359365693e-05
injured,3.2359365693e-05
jan,3.2359365693e-05
jordan,3.2359365693e-05
kinds,3.2359365693e-05
lets,3.2359365693e-05
loans,3.2359365693e-05
lock,3.2359365693e-05
musical,3.2359365693e-05
nose,3.2359365693e-05
objects,3.2359365693e-05
opposed,3.2359365693e-05
organized,3.2359365693e-05
plastic,3.2359365693e-05
protected,3.2359365693e-05
purposes,3.2359365693e-05
quote,3.2359365693e-05
recording,3.2359365693e-05
semi,3.2359365693e-05
statements,3.2359365693e-05
suspect,3.2359365693e-05
swear,3.2359365693e-05
techniques,3.2359365693e-05
tie,3.2359365693e-05
tim,3.2359365693e-05
trend,3.2359365693e-05
valuable,3.2359365693e-05
wealth,3.2359365693e-05
wise,3.2359365693e-05
yards,3.2359365693e-05
aged,3.16227766017e-05
approval,3.16227766017e-05
aspects,3.16227766017e-05
attempts,3.16227766017e-05
bread,3.16227766017e-05
burning,3.16227766017e-05
champions,3.16227766017e-05
contain,3.16227766017e-05
convention,3.16227766017e-05
dancing,3.16227766017e-05
document,3.16227766017e-05
eggs,3.16227766017e-05
employee,3.16227766017e-05
en,3.16227766017e-05
engineer,3.16227766017e-05
equivalent,3.16227766017e-05
facing,3.16227766017e-05
fairly,3.16227766017e-05
fingers,3.16227766017e-05
ford,3.16227766017e-05
founded,3.16227766017e-05
functions,3.16227766017e-05
gang,3.16227766017e-05
graduate,3.16227766017e-05
greek,3.16227766017e-05
hanging,3.16227766017e-05
inner,3.16227766017e-05
islands,3.16227766017e-05
le,3.16227766017e-05
lift,3.16227766017e-05
marked,3.16227766017e-05
memories,3.16227766017e-05
miller,3.16227766017e-05
monthly,3.16227766017e-05
mountains,3.16227766017e-05
neighborhood,3.16227766017e-05
operate,3.16227766017e-05
outstanding,3.16227766017e-05
permission,3.16227766017e-05
porn,3.16227766017e-05
racing,3.16227766017e-05
recommended,3.16227766017e-05
regulations,3.16227766017e-05
reply,3.16227766017e-05
republicans,3.16227766017e-05
rid,3.16227766017e-05
roman,3.16227766017e-05
scientists,3.16227766017e-05
shoulder,3.16227766017e-05
shower,3.16227766017e-05
solutions,3.16227766017e-05
sons,3.16227766017e-05
stations,3.16227766017e-05
stephen,3.16227766017e-05
tower,3.16227766017e-05
tradition,3.16227766017e-05
visited,3.16227766017e-05
visual,3.16227766017e-05
wheel,3.16227766017e-05
zealand,3.16227766017e-05
achieved,3.09029543251e-05
admitted,3.09029543251e-05
appointment,3.09029543251e-05
authors,3.09029543251e-05
barely,3.09029543251e-05
bc,3.09029543251e-05
bush,3.09029543251e-05
cabinet,3.09029543251e-05
celebrate,3.09029543251e-05
challenges,3.09029543251e-05
chocolate,3.09029543251e-05
coal,3.09029543251e-05
colour,3.09029543251e-05
contemporary,3.09029543251e-05
criticism,3.09029543251e-05
davis,3.09029543251e-05
dna,3.09029543251e-05
effectively,3.09029543251e-05
eric,3.09029543251e-05
extensive,3.09029543251e-05
faced,3.09029543251e-05
filed,3.09029543251e-05
formation,3.09029543251e-05
fought,3.09029543251e-05
gained,3.09029543251e-05
gallery,3.09029543251e-05
highway,3.09029543251e-05
historic,3.09029543251e-05
hunt,3.09029543251e-05
improvement,3.09029543251e-05
inch,3.09029543251e-05
initially,3.09029543251e-05
junior,3.09029543251e-05
jury,3.09029543251e-05
kong,3.09029543251e-05
korean,3.09029543251e-05
marks,3.09029543251e-05
monster,3.09029543251e-05
obtained,3.09029543251e-05
olympic,3.09029543251e-05
philosophy,3.09029543251e-05
pride,3.09029543251e-05
promised,3.09029543251e-05
repeat,3.09029543251e-05
returning,3.09029543251e-05
riding,3.09029543251e-05
rough,3.09029543251e-05
santa,3.09029543251e-05
settlement,3.09029543251e-05
smell,3.09029543251e-05
sought,3.09029543251e-05
speaker,3.09029543251e-05
studied,3.09029543251e-05
suggests,3.09029543251e-05
surrounding,3.09029543251e-05
tone,3.09029543251e-05
topic,3.09029543251e-05
toronto,3.09029543251e-05
universal,3.09029543251e-05
vast,3.09029543251e-05
visitors,3.09029543251e-05
wanting,3.09029543251e-05
auto,3.0199517204e-05
consistent,3.0199517204e-05
continuing,3.0199517204e-05
earn,3.0199517204e-05
exists,3.0199517204e-05
finger,3.0199517204e-05
grey,3.0199517204e-05
guitar,3.0199517204e-05
heading,3.0199517204e-05
howard,3.0199517204e-05
ignore,3.0199517204e-05
involving,3.0199517204e-05
latin,3.0199517204e-05
lewis,3.0199517204e-05
meal,3.0199517204e-05
meanwhile,3.0199517204e-05
meetings,3.0199517204e-05
naturally,3.0199517204e-05
necessarily,3.0199517204e-05
offices,3.0199517204e-05
pants,3.0199517204e-05
partnership,3.0199517204e-05
payments,3.0199517204e-05
percentage,3.0199517204e-05
pocket,3.0199517204e-05
practical,3.0199517204e-05
primarily,3.0199517204e-05
proved,3.0199517204e-05
rape,3.0199517204e-05
regardless,3.0199517204e-05
relative,3.0199517204e-05
represents,3.0199517204e-05
rescue,3.0199517204e-05
resulting,3.0199517204e-05
rush,3.0199517204e-05
sarah,3.0199517204e-05
sessions,3.0199517204e-05
sharp,3.0199517204e-05
simon,3.0199517204e-05
soccer,3.0199517204e-05
stable,3.0199517204e-05
structures,3.0199517204e-05
supplies,3.0199517204e-05
symptoms,3.0199517204e-05
temporary,3.0199517204e-05
tested,3.0199517204e-05
trick,3.0199517204e-05
attended,2.95120922667e-05
audio,2.95120922667e-05
bone,2.95120922667e-05
brian,2.95120922667e-05
bullshit,2.95120922667e-05
chamber,2.95120922667e-05
chart,2.95120922667e-05
circuit,2.95120922667e-05
clothing,2.95120922667e-05
complicated,2.95120922667e-05
confused,2.95120922667e-05
consequences,2.95120922667e-05
defend,2.95120922667e-05
divided,2.95120922667e-05
elizabeth,2.95120922667e-05
everyday,2.95120922667e-05
extent,2.95120922667e-05
fishing,2.95120922667e-05
format,2.95120922667e-05
gap,2.95120922667e-05
gate,2.95120922667e-05
gotten,2.95120922667e-05
harm,2.95120922667e-05
healthcare,2.95120922667e-05
household,2.95120922667e-05
immigration,2.95120922667e-05
impressive,2.95120922667e-05
jews,2.95120922667e-05
joining,2.95120922667e-05
killer,2.95120922667e-05
lesson,2.95120922667e-05
limits,2.95120922667e-05
loving,2.95120922667e-05
ltd,2.95120922667e-05
managers,2.95120922667e-05
membership,2.95120922667e-05
miami,2.95120922667e-05
mirror,2.95120922667e-05
mount,2.95120922667e-05
nights,2.95120922667e-05
occur,2.95120922667e-05
parking,2.95120922667e-05
proposal,2.95120922667e-05
province,2.95120922667e-05
purchased,2.95120922667e-05
recognition,2.95120922667e-05
reputation,2.95120922667e-05
rolling,2.95120922667e-05
shortly,2.95120922667e-05
situations,2.95120922667e-05
strongly,2.95120922667e-05
tears,2.95120922667e-05
technique,2.95120922667e-05
thin,2.95120922667e-05
tied,2.95120922667e-05
z,2.95120922667e-05
accused,2.88403150313e-05
adventure,2.88403150313e-05
argue,2.88403150313e-05
assessment,2.88403150313e-05
atmosphere,2.88403150313e-05
awful,2.88403150313e-05
bedroom,2.88403150313e-05
belief,2.88403150313e-05
bound,2.88403150313e-05
breaks,2.88403150313e-05
carefully,2.88403150313e-05
cats,2.88403150313e-05
ceo,2.88403150313e-05
choices,2.88403150313e-05
closing,2.88403150313e-05
cloud,2.88403150313e-05
colorado,2.88403150313e-05
colors,2.88403150313e-05
contrast,2.88403150313e-05
courses,2.88403150313e-05
courts,2.88403150313e-05
donald,2.88403150313e-05
drew,2.88403150313e-05
egg,2.88403150313e-05
element,2.88403150313e-05
elsewhere,2.88403150313e-05
establish,2.88403150313e-05
extension,2.88403150313e-05
files,2.88403150313e-05
founder,2.88403150313e-05
gear,2.88403150313e-05
georgia,2.88403150313e-05
hills,2.88403150313e-05
hip,2.88403150313e-05
hitting,2.88403150313e-05
increases,2.88403150313e-05
infrastructure,2.88403150313e-05
jason,2.88403150313e-05
locations,2.88403150313e-05
loose,2.88403150313e-05
machines,2.88403150313e-05
moral,2.88403150313e-05
offensive,2.88403150313e-05
pa,2.88403150313e-05
package,2.88403150313e-05
pointed,2.88403150313e-05
poverty,2.88403150313e-05
processes,2.88403150313e-05
processing,2.88403150313e-05
qualified,2.88403150313e-05
railway,2.88403150313e-05
reaching,2.88403150313e-05
ridiculous,2.88403150313e-05
sensitive,2.88403150313e-05
server,2.88403150313e-05
shock,2.88403150313e-05
silence,2.88403150313e-05
soldier,2.88403150313e-05
superior,2.88403150313e-05
supporters,2.88403150313e-05
thick,2.88403150313e-05
threw,2.88403150313e-05
tons,2.88403150313e-05
transition,2.88403150313e-05
violent,2.88403150313e-05
voters,2.88403150313e-05
wash,2.88403150313e-05
acid,2.81838293126e-05
actress,2.81838293126e-05
administrative,2.81838293126e-05
alan,2.81838293126e-05
alongside,2.81838293126e-05
angel,2.81838293126e-05
anxiety,2.81838293126e-05
babies,2.81838293126e-05
bars,2.81838293126e-05
bonus,2.81838293126e-05
castle,2.81838293126e-05
charity,2.81838293126e-05
clients,2.81838293126e-05
compare,2.81838293126e-05
contained,2.81838293126e-05
cooking,2.81838293126e-05
covering,2.81838293126e-05
curious,2.81838293126e-05
directors,2.81838293126e-05
discovery,2.81838293126e-05
discussed,2.81838293126e-05
duke,2.81838293126e-05
egypt,2.81838293126e-05
encourage,2.81838293126e-05
enforcement,2.81838293126e-05
featuring,2.81838293126e-05
finals,2.81838293126e-05
flash,2.81838293126e-05
formal,2.81838293126e-05
formula,2.81838293126e-05
fort,2.81838293126e-05
governments,2.81838293126e-05
gray,2.81838293126e-05
gross,2.81838293126e-05
horses,2.81838293126e-05
hungry,2.81838293126e-05
informed,2.81838293126e-05
innocent,2.81838293126e-05
jeff,2.81838293126e-05
losses,2.81838293126e-05
luke,2.81838293126e-05
mac,2.81838293126e-05
math,2.81838293126e-05
minds,2.81838293126e-05
mistakes,2.81838293126e-05
mystery,2.81838293126e-05
networks,2.81838293126e-05
olympics,2.81838293126e-05
palace,2.81838293126e-05
passes,2.81838293126e-05
penalty,2.81838293126e-05
pet,2.81838293126e-05
phones,2.81838293126e-05
photography,2.81838293126e-05
producing,2.81838293126e-05
protest,2.81838293126e-05
publication,2.81838293126e-05
rating,2.81838293126e-05
refer,2.81838293126e-05
respectively,2.81838293126e-05
rome,2.81838293126e-05
scheduled,2.81838293126e-05
select,2.81838293126e-05
silent,2.81838293126e-05
spoken,2.81838293126e-05
successfully,2.81838293126e-05
suffer,2.81838293126e-05
temple,2.81838293126e-05
tracks,2.81838293126e-05
trail,2.81838293126e-05
uncle,2.81838293126e-05
unusual,2.81838293126e-05
waters,2.81838293126e-05
woods,2.81838293126e-05
yo,2.81838293126e-05
arrival,2.75422870334e-05
asks,2.75422870334e-05
assault,2.75422870334e-05
awareness,2.75422870334e-05
badly,2.75422870334e-05
bath,2.75422870334e-05
captured,2.75422870334e-05
chase,2.75422870334e-05
components,2.75422870334e-05
concrete,2.75422870334e-05
dave,2.75422870334e-05
deeply,2.75422870334e-05
expectations,2.75422870334e-05
explanation,2.75422870334e-05
exposure,2.75422870334e-05
featured,2.75422870334e-05
fiction,2.75422870334e-05
guarantee,2.75422870334e-05
happiness,2.75422870334e-05
harris,2.75422870334e-05
hearts,2.75422870334e-05
horrible,2.75422870334e-05
ideal,2.75422870334e-05
illinois,2.75422870334e-05
injuries,2.75422870334e-05
islamic,2.75422870334e-05
jimmy,2.75422870334e-05
kelly,2.75422870334e-05
legend,2.75422870334e-05
lieutenant,2.75422870334e-05
mini,2.75422870334e-05
mood,2.75422870334e-05
muscle,2.75422870334e-05
muslims,2.75422870334e-05
passion,2.75422870334e-05
picking,2.75422870334e-05
pleased,2.75422870334e-05
procedure,2.75422870334e-05
producer,2.75422870334e-05
pushing,2.75422870334e-05
rank,2.75422870334e-05
replacement,2.75422870334e-05
retired,2.75422870334e-05
roles,2.75422870334e-05
sand,2.75422870334e-05
savings,2.75422870334e-05
settled,2.75422870334e-05
shadow,2.75422870334e-05
singles,2.75422870334e-05
tag,2.75422870334e-05
tape,2.75422870334e-05
thread,2.75422870334e-05
victoria,2.75422870334e-05
visiting,2.75422870334e-05
wage,2.75422870334e-05
wings,2.75422870334e-05
andy,2.69153480393e-05
avenue,2.69153480393e-05
bags,2.69153480393e-05
beating,2.69153480393e-05
believes,2.69153480393e-05
blocks,2.69153480393e-05
boring,2.69153480393e-05
charlie,2.69153480393e-05
checking,2.69153480393e-05
clock,2.69153480393e-05
commissioner,2.69153480393e-05
commitment,2.69153480393e-05
confident,2.69153480393e-05
containing,2.69153480393e-05
copies,2.69153480393e-05
crimes,2.69153480393e-05
custom,2.69153480393e-05
denied,2.69153480393e-05
desk,2.69153480393e-05
drinks,2.69153480393e-05
ear,2.69153480393e-05
electricity,2.69153480393e-05
episodes,2.69153480393e-05
farmers,2.69153480393e-05
fbi,2.69153480393e-05
grounds,2.69153480393e-05
gym,2.69153480393e-05
helpful,2.69153480393e-05
horror,2.69153480393e-05
iphone,2.69153480393e-05
iraq,2.69153480393e-05
label,2.69153480393e-05
liverpool,2.69153480393e-05
locked,2.69153480393e-05
naked,2.69153480393e-05
ny,2.69153480393e-05
opens,2.69153480393e-05
output,2.69153480393e-05
persons,2.69153480393e-05
pitch,2.69153480393e-05
pizza,2.69153480393e-05
plain,2.69153480393e-05
pushed,2.69153480393e-05
raising,2.69153480393e-05
rear,2.69153480393e-05
reveal,2.69153480393e-05
romantic,2.69153480393e-05
scores,2.69153480393e-05
sisters,2.69153480393e-05
speaks,2.69153480393e-05
stages,2.69153480393e-05
strategic,2.69153480393e-05
swimming,2.69153480393e-05
welfare,2.69153480393e-05
winners,2.69153480393e-05
wire,2.69153480393e-05
worker,2.69153480393e-05
afterwards,2.6302679919e-05
alright,2.6302679919e-05
android,2.6302679919e-05
anger,2.6302679919e-05
architecture,2.6302679919e-05
assist,2.6302679919e-05
attempted,2.6302679919e-05
behalf,2.6302679919e-05
belt,2.6302679919e-05
capture,2.6302679919e-05
centers,2.6302679919e-05
ceremony,2.6302679919e-05
comic,2.6302679919e-05
cops,2.6302679919e-05
cuts,2.6302679919e-05
dallas,2.6302679919e-05
designer,2.6302679919e-05
diamond,2.6302679919e-05
disappointed,2.6302679919e-05
dressed,2.6302679919e-05
economics,2.6302679919e-05
efficient,2.6302679919e-05
electrical,2.6302679919e-05
employed,2.6302679919e-05
enjoying,2.6302679919e-05
entering,2.6302679919e-05
essentially,2.6302679919e-05
establishment,2.6302679919e-05
expecting,2.6302679919e-05
explains,2.6302679919e-05
flower,2.6302679919e-05
ghost,2.6302679919e-05
guests,2.6302679919e-05
handed,2.6302679919e-05
hockey,2.6302679919e-05
houston,2.6302679919e-05
https,2.6302679919e-05
hunting,2.6302679919e-05
industries,2.6302679919e-05
islam,2.6302679919e-05
jane,2.6302679919e-05
judges,2.6302679919e-05
kit,2.6302679919e-05
lab,2.6302679919e-05
languages,2.6302679919e-05
maps,2.6302679919e-05
min,2.6302679919e-05
morgan,2.6302679919e-05
moscow,2.6302679919e-05
na,2.6302679919e-05
nervous,2.6302679919e-05
newly,2.6302679919e-05
odd,2.6302679919e-05
op,2.6302679919e-05
ordinary,2.6302679919e-05
participate,2.6302679919e-05
philadelphia,2.6302679919e-05
prayer,2.6302679919e-05
principles,2.6302679919e-05
racist,2.6302679919e-05
rarely,2.6302679919e-05
references,2.6302679919e-05
sexy,2.6302679919e-05
skill,2.6302679919e-05
soil,2.6302679919e-05
solve,2.6302679919e-05
stomach,2.6302679919e-05
struck,2.6302679919e-05
studying,2.6302679919e-05
suck,2.6302679919e-05
supports,2.6302679919e-05
trash,2.6302679919e-05
ugly,2.6302679919e-05
vegas,2.6302679919e-05
virus,2.6302679919e-05
walker,2.6302679919e-05
whoever,2.6302679919e-05
amounts,2.57039578277e-05
anthony,2.57039578277e-05
arthur,2.57039578277e-05
aspect,2.57039578277e-05
banned,2.57039578277e-05
boost,2.57039578277e-05
bureau,2.57039578277e-05
colonel,2.57039578277e-05
comfort,2.57039578277e-05
controls,2.57039578277e-05
cousin,2.57039578277e-05
crack,2.57039578277e-05
deck,2.57039578277e-05
demands,2.57039578277e-05
dies,2.57039578277e-05
dragon,2.57039578277e-05
dramatic,2.57039578277e-05
dust,2.57039578277e-05
dutch,2.57039578277e-05
engineers,2.57039578277e-05
evolution,2.57039578277e-05
foods,2.57039578277e-05
hired,2.57039578277e-05
illness,2.57039578277e-05
inspiration,2.57039578277e-05
institution,2.57039578277e-05
kings,2.57039578277e-05
knife,2.57039578277e-05
lately,2.57039578277e-05
lowest,2.57039578277e-05
memorial,2.57039578277e-05
mexican,2.57039578277e-05
minority,2.57039578277e-05
mum,2.57039578277e-05
opinions,2.57039578277e-05
patterns,2.57039578277e-05
presents,2.57039578277e-05
priority,2.57039578277e-05
promotion,2.57039578277e-05
rail,2.57039578277e-05
readers,2.57039578277e-05
remote,2.57039578277e-05
repair,2.57039578277e-05
root,2.57039578277e-05
saint,2.57039578277e-05
steal,2.57039578277e-05
stolen,2.57039578277e-05
telephone,2.57039578277e-05
tho,2.57039578277e-05
titles,2.57039578277e-05
trans,2.57039578277e-05
ups,2.57039578277e-05
vol,2.57039578277e-05
whereas,2.57039578277e-05
abandoned,2.51188643151e-05
acquired,2.51188643151e-05
actors,2.51188643151e-05
alexander,2.51188643151e-05
alliance,2.51188643151e-05
annoying,2.51188643151e-05
ap,2.51188643151e-05
bid,2.51188643151e-05
bro,2.51188643151e-05
buddy,2.51188643151e-05
buried,2.51188643151e-05
butter,2.51188643151e-05
cares,2.51188643151e-05
columbia,2.51188643151e-05
conclusion,2.51188643151e-05
confirm,2.51188643151e-05
congratulations,2.51188643151e-05
contracts,2.51188643151e-05
convinced,2.51188643151e-05
crap,2.51188643151e-05
crystal,2.51188643151e-05
dean,2.51188643151e-05
decent,2.51188643151e-05
decline,2.51188643151e-05
delay,2.51188643151e-05
describes,2.51188643151e-05
desert,2.51188643151e-05
downtown,2.51188643151e-05
elite,2.51188643151e-05
enemies,2.51188643151e-05
forgotten,2.51188643151e-05
forth,2.51188643151e-05
gods,2.51188643151e-05
hire,2.51188643151e-05
hop,2.51188643151e-05
hopes,2.51188643151e-05
insane,2.51188643151e-05
installed,2.51188643151e-05
israeli,2.51188643151e-05
landing,2.51188643151e-05
layer,2.51188643151e-05
managing,2.51188643151e-05
marry,2.51188643151e-05
nah,2.51188643151e-05
nowhere,2.51188643151e-05
nurse,2.51188643151e-05
obtain,2.51188643151e-05
organic,2.51188643151e-05
ownership,2.51188643151e-05
participants,2.51188643151e-05
pennsylvania,2.51188643151e-05
poetry,2.51188643151e-05
pot,2.51188643151e-05
pray,2.51188643151e-05
printed,2.51188643151e-05
recall,2.51188643151e-05
rugby,2.51188643151e-05
sake,2.51188643151e-05
sheet,2.51188643151e-05
signing,2.51188643151e-05
smooth,2.51188643151e-05
spiritual,2.51188643151e-05
stops,2.51188643151e-05
string,2.51188643151e-05
sudden,2.51188643151e-05
sweden,2.51188643151e-05
syria,2.51188643151e-05
throwing,2.51188643151e-05
thrown,2.51188643151e-05
vacation,2.51188643151e-05
abroad,2.45470891569e-05
arab,2.45470891569e-05
assigned,2.45470891569e-05
associate,2.45470891569e-05
assumed,2.45470891569e-05
atlantic,2.45470891569e-05
bench,2.45470891569e-05
bother,2.45470891569e-05
broadcast,2.45470891569e-05
bye,2.45470891569e-05
cambridge,2.45470891569e-05
citizen,2.45470891569e-05
cleaning,2.45470891569e-05
compete,2.45470891569e-05
consists,2.45470891569e-05
consumers,2.45470891569e-05
contributed,2.45470891569e-05
cricket,2.45470891569e-05
critics,2.45470891569e-05
damaged,2.45470891569e-05
disaster,2.45470891569e-05
discover,2.45470891569e-05
disney,2.45470891569e-05
entrance,2.45470891569e-05
equally,2.45470891569e-05
fallen,2.45470891569e-05
figured,2.45470891569e-05
fitness,2.45470891569e-05
francis,2.45470891569e-05
friendship,2.45470891569e-05
gary,2.45470891569e-05
handling,2.45470891569e-05
idiot,2.45470891569e-05
intense,2.45470891569e-05
keys,2.45470891569e-05
lawyers,2.45470891569e-05
lifetime,2.45470891569e-05
liquid,2.45470891569e-05
makeup,2.45470891569e-05
medal,2.45470891569e-05
mortgage,2.45470891569e-05
narrative,2.45470891569e-05
narrow,2.45470891569e-05
nba,2.45470891569e-05
observed,2.45470891569e-05
occasionally,2.45470891569e-05
pan,2.45470891569e-05
physics,2.45470891569e-05
posting,2.45470891569e-05
potentially,2.45470891569e-05
reduction,2.45470891569e-05
reflect,2.45470891569e-05
refuse,2.45470891569e-05
researchers,2.45470891569e-05
resource,2.45470891569e-05
roger,2.45470891569e-05
ross,2.45470891569e-05
sciences,2.45470891569e-05
seattle,2.45470891569e-05
serves,2.45470891569e-05
shell,2.45470891569e-05
silly,2.45470891569e-05
subsequent,2.45470891569e-05
towns,2.45470891569e-05
translation,2.45470891569e-05
visible,2.45470891569e-05
yep,2.45470891569e-05
adds,2.39883291902e-05
allen,2.39883291902e-05
amendment,2.39883291902e-05
angle,2.39883291902e-05
arizona,2.39883291902e-05
arrive,2.39883291902e-05
belong,2.39883291902e-05
berlin,2.39883291902e-05
bishop,2.39883291902e-05
channels,2.39883291902e-05
clark,2.39883291902e-05
commonly,2.39883291902e-05
connect,2.39883291902e-05
defensive,2.39883291902e-05
designs,2.39883291902e-05
efficiency,2.39883291902e-05
enterprise,2.39883291902e-05
experiment,2.39883291902e-05
feb,2.39883291902e-05
females,2.39883291902e-05
findings,2.39883291902e-05
firms,2.39883291902e-05
forum,2.39883291902e-05
gifts,2.39883291902e-05
grass,2.39883291902e-05
hence,2.39883291902e-05
increasingly,2.39883291902e-05
incredibly,2.39883291902e-05
iv,2.39883291902e-05
jay,2.39883291902e-05
journalist,2.39883291902e-05
kicked,2.39883291902e-05
lessons,2.39883291902e-05
lists,2.39883291902e-05
maintained,2.39883291902e-05
mill,2.39883291902e-05
mo,2.39883291902e-05
occasion,2.39883291902e-05
oxford,2.39883291902e-05
pace,2.39883291902e-05
passenger,2.39883291902e-05
pen,2.39883291902e-05
pope,2.39883291902e-05
possession,2.39883291902e-05
pp,2.39883291902e-05
races,2.39883291902e-05
rapid,2.39883291902e-05
regulation,2.39883291902e-05
resident,2.39883291902e-05
rocks,2.39883291902e-05
shaped,2.39883291902e-05
sixth,2.39883291902e-05
spin,2.39883291902e-05
styles,2.39883291902e-05
subjects,2.39883291902e-05
sucks,2.39883291902e-05
suitable,2.39883291902e-05
thirty,2.39883291902e-05
valid,2.39883291902e-05
vital,2.39883291902e-05
whilst,2.39883291902e-05
agriculture,2.34422881532e-05
alleged,2.34422881532e-05
anna,2.34422881532e-05
atlanta,2.34422881532e-05
bands,2.34422881532e-05
christians,2.34422881532e-05
collect,2.34422881532e-05
commerce,2.34422881532e-05
cop,2.34422881532e-05
creek,2.34422881532e-05
currency,2.34422881532e-05
emotions,2.34422881532e-05
exhibition,2.34422881532e-05
fraud,2.34422881532e-05
funeral,2.34422881532e-05
genuine,2.34422881532e-05
gordon,2.34422881532e-05
honey,2.34422881532e-05
honour,2.34422881532e-05
hook,2.34422881532e-05
hunter,2.34422881532e-05
immigrants,2.34422881532e-05
improving,2.34422881532e-05
instructions,2.34422881532e-05
introduce,2.34422881532e-05
kansas,2.34422881532e-05
km,2.34422881532e-05
lands,2.34422881532e-05
legacy,2.34422881532e-05
log,2.34422881532e-05
matthew,2.34422881532e-05
merely,2.34422881532e-05
monitor,2.34422881532e-05
nov,2.34422881532e-05
patrick,2.34422881532e-05
phil,2.34422881532e-05
prisoners,2.34422881532e-05
programming,2.34422881532e-05
publishing,2.34422881532e-05
ratio,2.34422881532e-05
regret,2.34422881532e-05
rejected,2.34422881532e-05
remind,2.34422881532e-05
resort,2.34422881532e-05
resulted,2.34422881532e-05
reverse,2.34422881532e-05
routine,2.34422881532e-05
scary,2.34422881532e-05
seed,2.34422881532e-05
settle,2.34422881532e-05
sin,2.34422881532e-05
spell,2.34422881532e-05
summary,2.34422881532e-05
survival,2.34422881532e-05
sword,2.34422881532e-05
tongue,2.34422881532e-05
ward,2.34422881532e-05
waves,2.34422881532e-05
wayne,2.34422881532e-05
achievement,2.29086765277e-05
anderson,2.29086765277e-05
argued,2.29086765277e-05
asleep,2.29086765277e-05
austin,2.29086765277e-05
automatic,2.29086765277e-05
begun,2.29086765277e-05
behaviour,2.29086765277e-05
cd,2.29086765277e-05
cents,2.29086765277e-05
coat,2.29086765277e-05
comprehensive,2.29086765277e-05
consent,2.29086765277e-05
daddy,2.29086765277e-05
destruction,2.29086765277e-05
diego,2.29086765277e-05
diseases,2.29086765277e-05
divorce,2.29086765277e-05
doc,2.29086765277e-05
drove,2.29086765277e-05
ears,2.29086765277e-05
engage,2.29086765277e-05
extraordinary,2.29086765277e-05
fate,2.29086765277e-05
frequency,2.29086765277e-05
gaming,2.29086765277e-05
gene,2.29086765277e-05
glory,2.29086765277e-05
headquarters,2.29086765277e-05
heritage,2.29086765277e-05
initiative,2.29086765277e-05
interviews,2.29086765277e-05
jean,2.29086765277e-05
juice,2.29086765277e-05
landscape,2.29086765277e-05
logic,2.29086765277e-05
meets,2.29086765277e-05
melbourne,2.29086765277e-05
microsoft,2.29086765277e-05
objective,2.29086765277e-05
organisation,2.29086765277e-05
privacy,2.29086765277e-05
procedures,2.29086765277e-05
profits,2.29086765277e-05
reducing,2.29086765277e-05
regard,2.29086765277e-05
representing,2.29086765277e-05
residence,2.29086765277e-05
roughly,2.29086765277e-05
salary,2.29086765277e-05
scoring,2.29086765277e-05
script,2.29086765277e-05
searching,2.29086765277e-05
sections,2.29086765277e-05
strip,2.29086765277e-05
surrounded,2.29086765277e-05
threatened,2.29086765277e-05
transferred,2.29086765277e-05
tube,2.29086765277e-05
universities,2.29086765277e-05
walter,2.29086765277e-05
wisconsin,2.29086765277e-05
writes,2.29086765277e-05
ambassador,2.23872113857e-05
ann,2.23872113857e-05
apps,2.23872113857e-05
awarded,2.23872113857e-05
banking,2.23872113857e-05
breast,2.23872113857e-05
cant,2.23872113857e-05
carter,2.23872113857e-05
chelsea,2.23872113857e-05
chemistry,2.23872113857e-05
concluded,2.23872113857e-05
consumption,2.23872113857e-05
corruption,2.23872113857e-05
cotton,2.23872113857e-05
crossed,2.23872113857e-05
detroit,2.23872113857e-05
discount,2.23872113857e-05
dozen,2.23872113857e-05
engines,2.23872113857e-05
epic,2.23872113857e-05
exception,2.23872113857e-05
exit,2.23872113857e-05
expand,2.23872113857e-05
fancy,2.23872113857e-05
gorgeous,2.23872113857e-05
grateful,2.23872113857e-05
heroes,2.23872113857e-05
holes,2.23872113857e-05
impression,2.23872113857e-05
inches,2.23872113857e-05
indicate,2.23872113857e-05
input,2.23872113857e-05
johnny,2.23872113857e-05
josh,2.23872113857e-05
knock,2.23872113857e-05
leather,2.23872113857e-05
lips,2.23872113857e-05
luxury,2.23872113857e-05
lyrics,2.23872113857e-05
manufacturers,2.23872113857e-05
masters,2.23872113857e-05
movements,2.23872113857e-05
oct,2.23872113857e-05
operated,2.23872113857e-05
ought,2.23872113857e-05
outcome,2.23872113857e-05
painted,2.23872113857e-05
poll,2.23872113857e-05
preferred,2.23872113857e-05
pulling,2.23872113857e-05
ranked,2.23872113857e-05
referring,2.23872113857e-05
removal,2.23872113857e-05
rep,2.23872113857e-05
reporter,2.23872113857e-05
rio,2.23872113857e-05
risks,2.23872113857e-05
rob,2.23872113857e-05
screaming,2.23872113857e-05
sept,2.23872113857e-05
sequence,2.23872113857e-05
singapore,2.23872113857e-05
stretch,2.23872113857e-05
tear,2.23872113857e-05
tennis,2.23872113857e-05
terrorist,2.23872113857e-05
theater,2.23872113857e-05
ties,2.23872113857e-05
twelve,2.23872113857e-05
versions,2.23872113857e-05
virgin,2.23872113857e-05
voices,2.23872113857e-05
wishes,2.23872113857e-05
wolf,2.23872113857e-05
absence,2.18776162395e-05
agricultural,2.18776162395e-05
asshole,2.18776162395e-05
ate,2.18776162395e-05
athletes,2.18776162395e-05
bears,2.18776162395e-05
blues,2.18776162395e-05
boxes,2.18776162395e-05
bruce,2.18776162395e-05
bull,2.18776162395e-05
cameras,2.18776162395e-05
commonwealth,2.18776162395e-05
contribute,2.18776162395e-05
contribution,2.18776162395e-05
contributions,2.18776162395e-05
couples,2.18776162395e-05
delicious,2.18776162395e-05
deny,2.18776162395e-05
deserves,2.18776162395e-05
ease,2.18776162395e-05
extend,2.18776162395e-05
fame,2.18776162395e-05
flood,2.18776162395e-05
generated,2.18776162395e-05
genetic,2.18776162395e-05
glasses,2.18776162395e-05
impressed,2.18776162395e-05
indicated,2.18776162395e-05
instant,2.18776162395e-05
investors,2.18776162395e-05
involves,2.18776162395e-05
kate,2.18776162395e-05
kills,2.18776162395e-05
liberty,2.18776162395e-05
maria,2.18776162395e-05
ministers,2.18776162395e-05
monitoring,2.18776162395e-05
occurs,2.18776162395e-05
passengers,2.18776162395e-05
photographs,2.18776162395e-05
principle,2.18776162395e-05
producers,2.18776162395e-05
progressive,2.18776162395e-05
punishment,2.18776162395e-05
rally,2.18776162395e-05
rapidly,2.18776162395e-05
reader,2.18776162395e-05
representation,2.18776162395e-05
restaurants,2.18776162395e-05
reveals,2.18776162395e-05
roots,2.18776162395e-05
samples,2.18776162395e-05
shops,2.18776162395e-05
sum,2.18776162395e-05
swing,2.18776162395e-05
tail,2.18776162395e-05
texts,2.18776162395e-05
twin,2.18776162395e-05
upcoming,2.18776162395e-05
veterans,2.18776162395e-05
alert,2.1379620895e-05
arena,2.1379620895e-05
arguments,2.1379620895e-05
aug,2.1379620895e-05
billy,2.1379620895e-05
boom,2.1379620895e-05
boots,2.1379620895e-05
brave,2.1379620895e-05
claiming,2.1379620895e-05
column,2.1379620895e-05
commit,2.1379620895e-05
compensation,2.1379620895e-05
composition,2.1379620895e-05
computers,2.1379620895e-05
conservation,2.1379620895e-05
constitutional,2.1379620895e-05
crossing,2.1379620895e-05
defending,2.1379620895e-05
density,2.1379620895e-05
di,2.1379620895e-05
difficulty,2.1379620895e-05
dropping,2.1379620895e-05
drops,2.1379620895e-05
elementary,2.1379620895e-05
ethnic,2.1379620895e-05
expenses,2.1379620895e-05
fleet,2.1379620895e-05
foster,2.1379620895e-05
fuckin,2.1379620895e-05
fundamental,2.1379620895e-05
gen,2.1379620895e-05
genius,2.1379620895e-05
greatly,2.1379620895e-05
guidance,2.1379620895e-05
hospitals,2.1379620895e-05
infection,2.1379620895e-05
instagram,2.1379620895e-05
intention,2.1379620895e-05
iowa,2.1379620895e-05
jokes,2.1379620895e-05
knee,2.1379620895e-05
mechanical,2.1379620895e-05
nigeria,2.1379620895e-05
parks,2.1379620895e-05
participation,2.1379620895e-05
periods,2.1379620895e-05
precious,2.1379620895e-05
pregnancy,2.1379620895e-05
premium,2.1379620895e-05
preparing,2.1379620895e-05
pretend,2.1379620895e-05
priest,2.1379620895e-05
prominent,2.1379620895e-05
proven,2.1379620895e-05
radical,2.1379620895e-05
remembered,2.1379620895e-05
requested,2.1379620895e-05
residential,2.1379620895e-05
reward,2.1379620895e-05
rings,2.1379620895e-05
robin,2.1379620895e-05
russell,2.1379620895e-05
satellite,2.1379620895e-05
shake,2.1379620895e-05
shore,2.1379620895e-05
spots,2.1379620895e-05
stats,2.1379620895e-05
struggling,2.1379620895e-05
substantial,2.1379620895e-05
teen,2.1379620895e-05
temperatures,2.1379620895e-05
transmission,2.1379620895e-05
trap,2.1379620895e-05
uniform,2.1379620895e-05
wildlife,2.1379620895e-05
wooden,2.1379620895e-05
ads,2.08929613085e-05
aggressive,2.08929613085e-05
anne,2.08929613085e-05
answered,2.08929613085e-05
apparent,2.08929613085e-05
bang,2.08929613085e-05
blast,2.08929613085e-05
bones,2.08929613085e-05
brands,2.08929613085e-05
centuries,2.08929613085e-05
communist,2.08929613085e-05
complaint,2.08929613085e-05
component,2.08929613085e-05
connections,2.08929613085e-05
courage,2.08929613085e-05
cure,2.08929613085e-05
del,2.08929613085e-05
desperate,2.08929613085e-05
diversity,2.08929613085e-05
duties,2.08929613085e-05
encouraged,2.08929613085e-05
eve,2.08929613085e-05
faculty,2.08929613085e-05
feedback,2.08929613085e-05
fighter,2.08929613085e-05
frozen,2.08929613085e-05
guards,2.08929613085e-05
hiding,2.08929613085e-05
humanity,2.08929613085e-05
ian,2.08929613085e-05
il,2.08929613085e-05
innovation,2.08929613085e-05
instruments,2.08929613085e-05
invest,2.08929613085e-05
jacket,2.08929613085e-05
justin,2.08929613085e-05
legislative,2.08929613085e-05
listing,2.08929613085e-05
manual,2.08929613085e-05
mothers,2.08929613085e-05
murdered,2.08929613085e-05
nursing,2.08929613085e-05
occupied,2.08929613085e-05
ongoing,2.08929613085e-05
operator,2.08929613085e-05
painful,2.08929613085e-05
pound,2.08929613085e-05
preparation,2.08929613085e-05
punch,2.08929613085e-05
purple,2.08929613085e-05
railroad,2.08929613085e-05
registration,2.08929613085e-05
releases,2.08929613085e-05
rick,2.08929613085e-05
romance,2.08929613085e-05
submitted,2.08929613085e-05
sufficient,2.08929613085e-05
survived,2.08929613085e-05
suspended,2.08929613085e-05
technologies,2.08929613085e-05
tissue,2.08929613085e-05
trailer,2.08929613085e-05
trends,2.08929613085e-05
trials,2.08929613085e-05
ukraine,2.08929613085e-05
underground,2.08929613085e-05
versus,2.08929613085e-05
virtual,2.08929613085e-05
walks,2.08929613085e-05
wounded,2.08929613085e-05
ali,2.04173794467e-05
amongst,2.04173794467e-05
announcement,2.04173794467e-05
arranged,2.04173794467e-05
arsenal,2.04173794467e-05
attending,2.04173794467e-05
attracted,2.04173794467e-05
biological,2.04173794467e-05
bite,2.04173794467e-05
blocked,2.04173794467e-05
boards,2.04173794467e-05
burned,2.04173794467e-05
categories,2.04173794467e-05
checks,2.04173794467e-05
chip,2.04173794467e-05
concerning,2.04173794467e-05
dare,2.04173794467e-05
database,2.04173794467e-05
define,2.04173794467e-05
discrimination,2.04173794467e-05
disorder,2.04173794467e-05
distributed,2.04173794467e-05
districts,2.04173794467e-05
documentary,2.04173794467e-05
domain,2.04173794467e-05
dynamic,2.04173794467e-05
edited,2.04173794467e-05
engagement,2.04173794467e-05
explore,2.04173794467e-05
favour,2.04173794467e-05
fewer,2.04173794467e-05
footage,2.04173794467e-05
giants,2.04173794467e-05
grave,2.04173794467e-05
hamilton,2.04173794467e-05
implementation,2.04173794467e-05
indiana,2.04173794467e-05
investigate,2.04173794467e-05
jazz,2.04173794467e-05
jon,2.04173794467e-05
jonathan,2.04173794467e-05
laboratory,2.04173794467e-05
lawrence,2.04173794467e-05
lincoln,2.04173794467e-05
literary,2.04173794467e-05
mask,2.04173794467e-05
massachusetts,2.04173794467e-05
midnight,2.04173794467e-05
minnesota,2.04173794467e-05
mouse,2.04173794467e-05
oscar,2.04173794467e-05
packed,2.04173794467e-05
piano,2.04173794467e-05
praise,2.04173794467e-05
presentation,2.04173794467e-05
psychology,2.04173794467e-05
relation,2.04173794467e-05
restrictions,2.04173794467e-05
rocket,2.04173794467e-05
ruin,2.04173794467e-05
saudi,2.04173794467e-05
sean,2.04173794467e-05
sec,2.04173794467e-05
secrets,2.04173794467e-05
slave,2.04173794467e-05
stability,2.04173794467e-05
steady,2.04173794467e-05
stones,2.04173794467e-05
symbol,2.04173794467e-05
terminal,2.04173794467e-05
toilet,2.04173794467e-05
treaty,2.04173794467e-05
triple,2.04173794467e-05
unlikely,2.04173794467e-05
updates,2.04173794467e-05
vietnam,2.04173794467e-05
viewed,2.04173794467e-05
affair,1.99526231497e-05
agenda,1.99526231497e-05
bat,1.99526231497e-05
bow,1.99526231497e-05
calendar,1.99526231497e-05
cape,1.99526231497e-05
collective,1.99526231497e-05
conversations,1.99526231497e-05
cooperation,1.99526231497e-05
craft,1.99526231497e-05
darkness,1.99526231497e-05
deeper,1.99526231497e-05
devil,1.99526231497e-05
edit,1.99526231497e-05
enable,1.99526231497e-05
equity,1.99526231497e-05
estimates,1.99526231497e-05
failing,1.99526231497e-05
finishing,1.99526231497e-05
fortune,1.99526231497e-05
gates,1.99526231497e-05
goodbye,1.99526231497e-05
graham,1.99526231497e-05
hardware,1.99526231497e-05
hillary,1.99526231497e-05
hurts,1.99526231497e-05
intellectual,1.99526231497e-05
invite,1.99526231497e-05
involvement,1.99526231497e-05
kentucky,1.99526231497e-05
madrid,1.99526231497e-05
mi,1.99526231497e-05
nuts,1.99526231497e-05
oregon,1.99526231497e-05
partly,1.99526231497e-05
petition,1.99526231497e-05
phrase,1.99526231497e-05
physically,1.99526231497e-05
protecting,1.99526231497e-05
racial,1.99526231497e-05
rated,1.99526231497e-05
regime,1.99526231497e-05
rivers,1.99526231497e-05
rounds,1.99526231497e-05
ruled,1.99526231497e-05
sa,1.99526231497e-05
sauce,1.99526231497e-05
seal,1.99526231497e-05
separated,1.99526231497e-05
shield,1.99526231497e-05
similarly,1.99526231497e-05
slide,1.99526231497e-05
stem,1.99526231497e-05
summit,1.99526231497e-05
talented,1.99526231497e-05
throat,1.99526231497e-05
tiger,1.99526231497e-05
touched,1.99526231497e-05
toy,1.99526231497e-05
visits,1.99526231497e-05
warriors,1.99526231497e-05
wisdom,1.99526231497e-05
accounting,1.94984459976e-05
alien,1.94984459976e-05
attacking,1.94984459976e-05
awkward,1.94984459976e-05
beast,1.94984459976e-05
beef,1.94984459976e-05
candy,1.94984459976e-05
carrier,1.94984459976e-05
celebration,1.94984459976e-05
celebrity,1.94984459976e-05
certificate,1.94984459976e-05
cited,1.94984459976e-05
clay,1.94984459976e-05
coaching,1.94984459976e-05
colleagues,1.94984459976e-05
constructed,1.94984459976e-05
dated,1.94984459976e-05
dec,1.94984459976e-05
default,1.94984459976e-05
delhi,1.94984459976e-05
derived,1.94984459976e-05
dialogue,1.94984459976e-05
disabled,1.94984459976e-05
distinct,1.94984459976e-05
drag,1.94984459976e-05
educated,1.94984459976e-05
eligible,1.94984459976e-05
estimate,1.94984459976e-05
execution,1.94984459976e-05
existed,1.94984459976e-05
fifty,1.94984459976e-05
followers,1.94984459976e-05
fool,1.94984459976e-05
framework,1.94984459976e-05
franchise,1.94984459976e-05
funded,1.94984459976e-05
furniture,1.94984459976e-05
generations,1.94984459976e-05
guaranteed,1.94984459976e-05
integrated,1.94984459976e-05
intelligent,1.94984459976e-05
interaction,1.94984459976e-05
jet,1.94984459976e-05
journalists,1.94984459976e-05
lifestyle,1.94984459976e-05
lighting,1.94984459976e-05
lisa,1.94984459976e-05
loop,1.94984459976e-05
mall,1.94984459976e-05
mp,1.94984459976e-05
overseas,1.94984459976e-05
performances,1.94984459976e-05
philippines,1.94984459976e-05
polish,1.94984459976e-05
recommendations,1.94984459976e-05
recover,1.94984459976e-05
regarded,1.94984459976e-05
relax,1.94984459976e-05
reliable,1.94984459976e-05
rely,1.94984459976e-05
remarkable,1.94984459976e-05
responses,1.94984459976e-05
ruling,1.94984459976e-05
sacrifice,1.94984459976e-05
se,1.94984459976e-05
sole,1.94984459976e-05
stopping,1.94984459976e-05
strategies,1.94984459976e-05
succeed,1.94984459976e-05
tables,1.94984459976e-05
tale,1.94984459976e-05
targets,1.94984459976e-05
timing,1.94984459976e-05
ton,1.94984459976e-05
volunteers,1.94984459976e-05
witnesses,1.94984459976e-05
wore,1.94984459976e-05
worship,1.94984459976e-05
worthy,1.94984459976e-05
acted,1.90546071796e-05
alarm,1.90546071796e-05
bass,1.90546071796e-05
bloody,1.90546071796e-05
breathing,1.90546071796e-05
butt,1.90546071796e-05
characteristics,1.90546071796e-05
cnn,1.90546071796e-05
collaboration,1.90546071796e-05
con,1.90546071796e-05
consideration,1.90546071796e-05
counts,1.90546071796e-05
creates,1.90546071796e-05
crucial,1.90546071796e-05
daughters,1.90546071796e-05
dependent,1.90546071796e-05
discussions,1.90546071796e-05
drives,1.90546071796e-05
dual,1.90546071796e-05
edinburgh,1.90546071796e-05
equipped,1.90546071796e-05
expanded,1.90546071796e-05
experimental,1.90546071796e-05
feeding,1.90546071796e-05
filter,1.90546071796e-05
galaxy,1.90546071796e-05
globe,1.90546071796e-05
grades,1.90546071796e-05
greece,1.90546071796e-05
gulf,1.90546071796e-05
highlights,1.90546071796e-05
hoped,1.90546071796e-05
intent,1.90546071796e-05
involve,1.90546071796e-05
judgment,1.90546071796e-05
kennedy,1.90546071796e-05
knight,1.90546071796e-05
larry,1.90546071796e-05
las,1.90546071796e-05
lmao,1.90546071796e-05
logo,1.90546071796e-05
malaysia,1.90546071796e-05
mature,1.90546071796e-05
moore,1.90546071796e-05
nazi,1.90546071796e-05
netherlands,1.90546071796e-05
odds,1.90546071796e-05
peaceful,1.90546071796e-05
philip,1.90546071796e-05
photographer,1.90546071796e-05
pin,1.90546071796e-05
prevention,1.90546071796e-05
printing,1.90546071796e-05
promoting,1.90546071796e-05
publicly,1.90546071796e-05
pump,1.90546071796e-05
repeated,1.90546071796e-05
replied,1.90546071796e-05
requests,1.90546071796e-05
revenge,1.90546071796e-05
satisfied,1.90546071796e-05
seeds,1.90546071796e-05
signals,1.90546071796e-05
slip,1.90546071796e-05
spaces,1.90546071796e-05
spare,1.90546071796e-05
specialist,1.90546071796e-05
stocks,1.90546071796e-05
stranger,1.90546071796e-05
submit,1.90546071796e-05
surprising,1.90546071796e-05
tap,1.90546071796e-05
thompson,1.90546071796e-05
threats,1.90546071796e-05
tourism,1.90546071796e-05
turkish,1.90546071796e-05
volunteer,1.90546071796e-05
acceptable,1.86208713666e-05
allies,1.86208713666e-05
attempting,1.86208713666e-05
auction,1.86208713666e-05
bonds,1.86208713666e-05
challenging,1.86208713666e-05
chaos,1.86208713666e-05
churches,1.86208713666e-05
cleveland,1.86208713666e-05
cm,1.86208713666e-05
composed,1.86208713666e-05
concentration,1.86208713666e-05
copper,1.86208713666e-05
corp,1.86208713666e-05
corps,1.86208713666e-05
counting,1.86208713666e-05
credits,1.86208713666e-05
dawn,1.86208713666e-05
dispute,1.86208713666e-05
earnings,1.86208713666e-05
editing,1.86208713666e-05
executed,1.86208713666e-05
firing,1.86208713666e-05
fits,1.86208713666e-05
frequent,1.86208713666e-05
gardens,1.86208713666e-05
gathered,1.86208713666e-05
hilarious,1.86208713666e-05
huh,1.86208713666e-05
ignored,1.86208713666e-05
improvements,1.86208713666e-05
investments,1.86208713666e-05
isis,1.86208713666e-05
margin,1.86208713666e-05
mars,1.86208713666e-05
maryland,1.86208713666e-05
mechanism,1.86208713666e-05
moderate,1.86208713666e-05
murray,1.86208713666e-05
oklahoma,1.86208713666e-05
opera,1.86208713666e-05
overcome,1.86208713666e-05
parallel,1.86208713666e-05
passage,1.86208713666e-05
pit,1.86208713666e-05
psychological,1.86208713666e-05
publications,1.86208713666e-05
quest,1.86208713666e-05
radiation,1.86208713666e-05
shocked,1.86208713666e-05
sized,1.86208713666e-05
stroke,1.86208713666e-05
stunning,1.86208713666e-05
tanks,1.86208713666e-05
tokyo,1.86208713666e-05
topics,1.86208713666e-05
trains,1.86208713666e-05
traveling,1.86208713666e-05
treating,1.86208713666e-05
tune,1.86208713666e-05
utility,1.86208713666e-05
vessel,1.86208713666e-05
weed,1.86208713666e-05
wherever,1.86208713666e-05
acquisition,1.81970085861e-05
addressed,1.81970085861e-05
alabama,1.81970085861e-05
alice,1.81970085861e-05
angels,1.81970085861e-05
anime,1.81970085861e-05
announce,1.81970085861e-05
autumn,1.81970085861e-05
backed,1.81970085861e-05
barry,1.81970085861e-05
bold,1.81970085861e-05
borders,1.81970085861e-05
breathe,1.81970085861e-05
cameron,1.81970085861e-05
choosing,1.81970085861e-05
classical,1.81970085861e-05
classified,1.81970085861e-05
clip,1.81970085861e-05
coaches,1.81970085861e-05
coins,1.81970085861e-05
concepts,1.81970085861e-05
conspiracy,1.81970085861e-05
controversy,1.81970085861e-05
convince,1.81970085861e-05
cooper,1.81970085861e-05
disappeared,1.81970085861e-05
eh,1.81970085861e-05
encounter,1.81970085861e-05
equality,1.81970085861e-05
exam,1.81970085861e-05
examination,1.81970085861e-05
fails,1.81970085861e-05
federation,1.81970085861e-05
fi,1.81970085861e-05
fiscal,1.81970085861e-05
guardian,1.81970085861e-05
hd,1.81970085861e-05
homeless,1.81970085861e-05
instrument,1.81970085861e-05
intervention,1.81970085861e-05
jerry,1.81970085861e-05
lover,1.81970085861e-05
mainstream,1.81970085861e-05
menu,1.81970085861e-05
missouri,1.81970085861e-05
mounted,1.81970085861e-05
mutual,1.81970085861e-05
nope,1.81970085861e-05
occasions,1.81970085861e-05
offense,1.81970085861e-05
oral,1.81970085861e-05
panic,1.81970085861e-05
pays,1.81970085861e-05
peoples,1.81970085861e-05
pursue,1.81970085861e-05
realise,1.81970085861e-05
refugees,1.81970085861e-05
removing,1.81970085861e-05
requirement,1.81970085861e-05
responded,1.81970085861e-05
rip,1.81970085861e-05
ruined,1.81970085861e-05
scope,1.81970085861e-05
segment,1.81970085861e-05
spectrum,1.81970085861e-05
stays,1.81970085861e-05
ted,1.81970085861e-05
terror,1.81970085861e-05
uh,1.81970085861e-05
va,1.81970085861e-05
venture,1.81970085861e-05
virtually,1.81970085861e-05
waited,1.81970085861e-05
warren,1.81970085861e-05
worn,1.81970085861e-05
yea,1.81970085861e-05
ac,1.77827941004e-05
accompanied,1.77827941004e-05
adams,1.77827941004e-05
aids,1.77827941004e-05
aimed,1.77827941004e-05
alpha,1.77827941004e-05
approaches,1.77827941004e-05
arguing,1.77827941004e-05
arrangement,1.77827941004e-05
beliefs,1.77827941004e-05
boats,1.77827941004e-05
boundaries,1.77827941004e-05
brick,1.77827941004e-05
brooklyn,1.77827941004e-05
colleges,1.77827941004e-05
considerable,1.77827941004e-05
conventional,1.77827941004e-05
danny,1.77827941004e-05
des,1.77827941004e-05
designated,1.77827941004e-05
dvd,1.77827941004e-05
emperor,1.77827941004e-05
employers,1.77827941004e-05
enormous,1.77827941004e-05
errors,1.77827941004e-05
focusing,1.77827941004e-05
forgive,1.77827941004e-05
gains,1.77827941004e-05
garage,1.77827941004e-05
gathering,1.77827941004e-05
guidelines,1.77827941004e-05
handled,1.77827941004e-05
hosted,1.77827941004e-05
indians,1.77827941004e-05
indonesia,1.77827941004e-05
inquiry,1.77827941004e-05
inspector,1.77827941004e-05
jumped,1.77827941004e-05
khan,1.77827941004e-05
li,1.77827941004e-05
lion,1.77827941004e-05
loaded,1.77827941004e-05
lonely,1.77827941004e-05
maintaining,1.77827941004e-05
measured,1.77827941004e-05
mercy,1.77827941004e-05
nevertheless,1.77827941004e-05
newspapers,1.77827941004e-05
outer,1.77827941004e-05
oxygen,1.77827941004e-05
pipe,1.77827941004e-05
pissed,1.77827941004e-05
poem,1.77827941004e-05
powder,1.77827941004e-05
powered,1.77827941004e-05
promises,1.77827941004e-05
quotes,1.77827941004e-05
racism,1.77827941004e-05
ratings,1.77827941004e-05
reads,1.77827941004e-05
recovered,1.77827941004e-05
refers,1.77827941004e-05
roy,1.77827941004e-05
rude,1.77827941004e-05
screw,1.77827941004e-05
seventh,1.77827941004e-05
shelter,1.77827941004e-05
signature,1.77827941004e-05
sooner,1.77827941004e-05
spider,1.77827941004e-05
stewart,1.77827941004e-05
strikes,1.77827941004e-05
suggesting,1.77827941004e-05
suits,1.77827941004e-05
toys,1.77827941004e-05
tracking,1.77827941004e-05
tribute,1.77827941004e-05
trigger,1.77827941004e-05
vary,1.77827941004e-05
venue,1.77827941004e-05
wages,1.77827941004e-05
wells,1.77827941004e-05
wheels,1.77827941004e-05
ye,1.77827941004e-05
abc,1.73780082875e-05
abortion,1.73780082875e-05
accuracy,1.73780082875e-05
albert,1.73780082875e-05
applying,1.73780082875e-05
artificial,1.73780082875e-05
belongs,1.73780082875e-05
beneath,1.73780082875e-05
bitcoin,1.73780082875e-05
bullet,1.73780082875e-05
burns,1.73780082875e-05
carl,1.73780082875e-05
celebrated,1.73780082875e-05
consistently,1.73780082875e-05
conversion,1.73780082875e-05
copyright,1.73780082875e-05
counties,1.73780082875e-05
democrat,1.73780082875e-05
deposit,1.73780082875e-05
destination,1.73780082875e-05
dirt,1.73780082875e-05
diverse,1.73780082875e-05
divine,1.73780082875e-05
emails,1.73780082875e-05
er,1.73780082875e-05
exclusively,1.73780082875e-05
export,1.73780082875e-05
fastest,1.73780082875e-05
formerly,1.73780082875e-05
functional,1.73780082875e-05
gather,1.73780082875e-05
grandfather,1.73780082875e-05
habit,1.73780082875e-05
harvard,1.73780082875e-05
indicates,1.73780082875e-05
isolated,1.73780082875e-05
jealous,1.73780082875e-05
knocked,1.73780082875e-05
landed,1.73780082875e-05
laughed,1.73780082875e-05
laura,1.73780082875e-05
lazy,1.73780082875e-05
mama,1.73780082875e-05
marshall,1.73780082875e-05
mitchell,1.73780082875e-05
modified,1.73780082875e-05
municipal,1.73780082875e-05
naval,1.73780082875e-05
neighbors,1.73780082875e-05
nelson,1.73780082875e-05
neutral,1.73780082875e-05
noble,1.73780082875e-05
oldest,1.73780082875e-05
pat,1.73780082875e-05
picks,1.73780082875e-05
poland,1.73780082875e-05
popularity,1.73780082875e-05
professionals,1.73780082875e-05
pussy,1.73780082875e-05
reactions,1.73780082875e-05
relate,1.73780082875e-05
robot,1.73780082875e-05
sacred,1.73780082875e-05
securities,1.73780082875e-05
shoe,1.73780082875e-05
speakers,1.73780082875e-05
springs,1.73780082875e-05
spy,1.73780082875e-05
steven,1.73780082875e-05
suggestions,1.73780082875e-05
supplied,1.73780082875e-05
susan,1.73780082875e-05
suspension,1.73780082875e-05
terrorism,1.73780082875e-05
terry,1.73780082875e-05
toxic,1.73780082875e-05
treasury,1.73780082875e-05
tunnel,1.73780082875e-05
unions,1.73780082875e-05
upgrade,1.73780082875e-05
warrant,1.73780082875e-05
wider,1.73780082875e-05
wound,1.73780082875e-05
aaron,1.69824365246e-05
actively,1.69824365246e-05
afghanistan,1.69824365246e-05
ai,1.69824365246e-05
applies,1.69824365246e-05
arrangements,1.69824365246e-05
asset,1.69824365246e-05
assuming,1.69824365246e-05
backing,1.69824365246e-05
baker,1.69824365246e-05
barcelona,1.69824365246e-05
blessed,1.69824365246e-05
brazilian,1.69824365246e-05
brush,1.69824365246e-05
burden,1.69824365246e-05
campbell,1.69824365246e-05
carries,1.69824365246e-05
casual,1.69824365246e-05
certified,1.69824365246e-05
charter,1.69824365246e-05
chef,1.69824365246e-05
civilian,1.69824365246e-05
coalition,1.69824365246e-05
cock,1.69824365246e-05
complain,1.69824365246e-05
complaints,1.69824365246e-05
controversial,1.69824365246e-05
denver,1.69824365246e-05
describing,1.69824365246e-05
differently,1.69824365246e-05
directions,1.69824365246e-05
discipline,1.69824365246e-05
discussing,1.69824365246e-05
disgusting,1.69824365246e-05
dj,1.69824365246e-05
dominant,1.69824365246e-05
earning,1.69824365246e-05
emma,1.69824365246e-05
essay,1.69824365246e-05
expense,1.69824365246e-05
explaining,1.69824365246e-05
furthermore,1.69824365246e-05
graphic,1.69824365246e-05
greg,1.69824365246e-05
healing,1.69824365246e-05
hiring,1.69824365246e-05
hosts,1.69824365246e-05
implemented,1.69824365246e-05
instantly,1.69824365246e-05
invasion,1.69824365246e-05
jacob,1.69824365246e-05
jumping,1.69824365246e-05
laptop,1.69824365246e-05
legendary,1.69824365246e-05
leo,1.69824365246e-05
maker,1.69824365246e-05
margaret,1.69824365246e-05
mario,1.69824365246e-05
opponents,1.69824365246e-05
outdoor,1.69824365246e-05
palm,1.69824365246e-05
parker,1.69824365246e-05
photograph,1.69824365246e-05
pole,1.69824365246e-05
pub,1.69824365246e-05
quarters,1.69824365246e-05
queensland,1.69824365246e-05
rangers,1.69824365246e-05
ranks,1.69824365246e-05
reception,1.69824365246e-05
recipe,1.69824365246e-05
regulatory,1.69824365246e-05
reviewed,1.69824365246e-05
rolls,1.69824365246e-05
rubber,1.69824365246e-05
secured,1.69824365246e-05
serial,1.69824365246e-05
settings,1.69824365246e-05
shed,1.69824365246e-05
snake,1.69824365246e-05
sponsored,1.69824365246e-05
stealing,1.69824365246e-05
strict,1.69824365246e-05
subsequently,1.69824365246e-05
substance,1.69824365246e-05
suggestion,1.69824365246e-05
switzerland,1.69824365246e-05
syndrome,1.69824365246e-05
tasks,1.69824365246e-05
trips,1.69824365246e-05
ultra,1.69824365246e-05
unexpected,1.69824365246e-05
usage,1.69824365246e-05
utah,1.69824365246e-05
worlds,1.69824365246e-05
accidentally,1.65958690744e-05
affordable,1.65958690744e-05
amateur,1.65958690744e-05
appeals,1.65958690744e-05
argentina,1.65958690744e-05
baltimore,1.65958690744e-05
batman,1.65958690744e-05
bearing,1.65958690744e-05
beats,1.65958690744e-05
bin,1.65958690744e-05
biology,1.65958690744e-05
bobby,1.65958690744e-05
briefly,1.65958690744e-05
canal,1.65958690744e-05
cancelled,1.65958690744e-05
charlotte,1.65958690744e-05
cheaper,1.65958690744e-05
christopher,1.65958690744e-05
climb,1.65958690744e-05
com,1.65958690744e-05
competing,1.65958690744e-05
completion,1.65958690744e-05
cruise,1.65958690744e-05
custody,1.65958690744e-05
delete,1.65958690744e-05
demonstrated,1.65958690744e-05
departure,1.65958690744e-05
developers,1.65958690744e-05
developments,1.65958690744e-05
dig,1.65958690744e-05
eagles,1.65958690744e-05
employer,1.65958690744e-05
evans,1.65958690744e-05
explosion,1.65958690744e-05
fever,1.65958690744e-05
fluid,1.65958690744e-05
folk,1.65958690744e-05
generate,1.65958690744e-05
gop,1.65958690744e-05
handsome,1.65958690744e-05
ho,1.65958690744e-05
holidays,1.65958690744e-05
hotels,1.65958690744e-05
imagination,1.65958690744e-05
integration,1.65958690744e-05
integrity,1.65958690744e-05
interpretation,1.65958690744e-05
leaf,1.65958690744e-05
legitimate,1.65958690744e-05
lightning,1.65958690744e-05
loads,1.65958690744e-05
longest,1.65958690744e-05
magical,1.65958690744e-05
mills,1.65958690744e-05
motivation,1.65958690744e-05
nasty,1.65958690744e-05
oliver,1.65958690744e-05
outfit,1.65958690744e-05
pension,1.65958690744e-05
permit,1.65958690744e-05
perry,1.65958690744e-05
plates,1.65958690744e-05
pleasant,1.65958690744e-05
portrait,1.65958690744e-05
productive,1.65958690744e-05
reminds,1.65958690744e-05
reserves,1.65958690744e-05
ron,1.65958690744e-05
safely,1.65958690744e-05
shirts,1.65958690744e-05
shorter,1.65958690744e-05
slight,1.65958690744e-05
socialist,1.65958690744e-05
streaming,1.65958690744e-05
sue,1.65958690744e-05
targeted,1.65958690744e-05
tension,1.65958690744e-05
thailand,1.65958690744e-05
theories,1.65958690744e-05
touching,1.65958690744e-05
transactions,1.65958690744e-05
twist,1.65958690744e-05
ugh,1.65958690744e-05
unemployment,1.65958690744e-05
unity,1.65958690744e-05
useless,1.65958690744e-05
viewers,1.65958690744e-05
winds,1.65958690744e-05
woke,1.65958690744e-05
wtf,1.65958690744e-05
abilities,1.62181009736e-05
advocate,1.62181009736e-05
aims,1.62181009736e-05
arc,1.62181009736e-05
backup,1.62181009736e-05
beaten,1.62181009736e-05
bitter,1.62181009736e-05
blown,1.62181009736e-05
branches,1.62181009736e-05
campaigns,1.62181009736e-05
chips,1.62181009736e-05
cia,1.62181009736e-05
clever,1.62181009736e-05
clinic,1.62181009736e-05
closest,1.62181009736e-05
collections,1.62181009736e-05
continuous,1.62181009736e-05
converted,1.62181009736e-05
correctly,1.62181009736e-05
creator,1.62181009736e-05
creatures,1.62181009736e-05
criteria,1.62181009736e-05
declined,1.62181009736e-05
detective,1.62181009736e-05
difficulties,1.62181009736e-05
disability,1.62181009736e-05
dish,1.62181009736e-05
douglas,1.62181009736e-05
du,1.62181009736e-05
duck,1.62181009736e-05
egyptian,1.62181009736e-05
ep,1.62181009736e-05
evaluation,1.62181009736e-05
excess,1.62181009736e-05
farming,1.62181009736e-05
fence,1.62181009736e-05
fifa,1.62181009736e-05
fighters,1.62181009736e-05
flights,1.62181009736e-05
forcing,1.62181009736e-05
forming,1.62181009736e-05
franklin,1.62181009736e-05
fred,1.62181009736e-05
gradually,1.62181009736e-05
gravity,1.62181009736e-05
habits,1.62181009736e-05
hawaii,1.62181009736e-05
highlight,1.62181009736e-05
holder,1.62181009736e-05
hood,1.62181009736e-05
hung,1.62181009736e-05
identical,1.62181009736e-05
imperial,1.62181009736e-05
investigations,1.62181009736e-05
jose,1.62181009736e-05
ken,1.62181009736e-05
legally,1.62181009736e-05
lied,1.62181009736e-05
listened,1.62181009736e-05
males,1.62181009736e-05
manufacturer,1.62181009736e-05
meters,1.62181009736e-05
nail,1.62181009736e-05
nasa,1.62181009736e-05
negotiations,1.62181009736e-05
nonsense,1.62181009736e-05
ontario,1.62181009736e-05
operational,1.62181009736e-05
orleans,1.62181009736e-05
owns,1.62181009736e-05
phoenix,1.62181009736e-05
playoffs,1.62181009736e-05
poet,1.62181009736e-05
quoted,1.62181009736e-05
relating,1.62181009736e-05
repeatedly,1.62181009736e-05
robinson,1.62181009736e-05
rolled,1.62181009736e-05
scientist,1.62181009736e-05
sink,1.62181009736e-05
skip,1.62181009736e-05
slavery,1.62181009736e-05
snap,1.62181009736e-05
sorts,1.62181009736e-05
souls,1.62181009736e-05
stole,1.62181009736e-05
swedish,1.62181009736e-05
swim,1.62181009736e-05
swiss,1.62181009736e-05
tennessee,1.62181009736e-05
transaction,1.62181009736e-05
transformation,1.62181009736e-05
veteran,1.62181009736e-05
vulnerable,1.62181009736e-05
wealthy,1.62181009736e-05
additionally,1.58489319246e-05
amy,1.58489319246e-05
attract,1.58489319246e-05
barbara,1.58489319246e-05
beta,1.58489319246e-05
blowing,1.58489319246e-05
bored,1.58489319246e-05
bronze,1.58489319246e-05
bug,1.58489319246e-05
caring,1.58489319246e-05
catching,1.58489319246e-05
cave,1.58489319246e-05
cheating,1.58489319246e-05
chronic,1.58489319246e-05
cleared,1.58489319246e-05
communicate,1.58489319246e-05
convicted,1.58489319246e-05
cultures,1.58489319246e-05
dealt,1.58489319246e-05
delayed,1.58489319246e-05
demonstrate,1.58489319246e-05
departments,1.58489319246e-05
depend,1.58489319246e-05
developer,1.58489319246e-05
diagnosis,1.58489319246e-05
dismissed,1.58489319246e-05
distinguished,1.58489319246e-05
dose,1.58489319246e-05
eighth,1.58489319246e-05
experiments,1.58489319246e-05
fa,1.58489319246e-05
flesh,1.58489319246e-05
flip,1.58489319246e-05
forty,1.58489319246e-05
generous,1.58489319246e-05
germans,1.58489319246e-05
hated,1.58489319246e-05
hr,1.58489319246e-05
implement,1.58489319246e-05
incorporated,1.58489319246e-05
influenced,1.58489319246e-05
jerusalem,1.58489319246e-05
kidding,1.58489319246e-05
laser,1.58489319246e-05
loyal,1.58489319246e-05
marijuana,1.58489319246e-05
md,1.58489319246e-05
mentally,1.58489319246e-05
missions,1.58489319246e-05
occupation,1.58489319246e-05
opponent,1.58489319246e-05
paintings,1.58489319246e-05
patch,1.58489319246e-05
patience,1.58489319246e-05
pic,1.58489319246e-05
pointing,1.58489319246e-05
pollution,1.58489319246e-05
precisely,1.58489319246e-05
prisoner,1.58489319246e-05
privilege,1.58489319246e-05
proposals,1.58489319246e-05
protests,1.58489319246e-05
punk,1.58489319246e-05
radar,1.58489319246e-05
regards,1.58489319246e-05
relatives,1.58489319246e-05
resist,1.58489319246e-05
solely,1.58489319246e-05
stepped,1.58489319246e-05
striking,1.58489319246e-05
terrorists,1.58489319246e-05
th,1.58489319246e-05
tourist,1.58489319246e-05
transit,1.58489319246e-05
trucks,1.58489319246e-05
trusted,1.58489319246e-05
vessels,1.58489319246e-05
villa,1.58489319246e-05
volumes,1.58489319246e-05
websites,1.58489319246e-05
wireless,1.58489319246e-05
wondered,1.58489319246e-05
wrap,1.58489319246e-05
wright,1.58489319246e-05
yoga,1.58489319246e-05
adopt,1.54881661891e-05
airlines,1.54881661891e-05
alaska,1.54881661891e-05
albums,1.54881661891e-05
anytime,1.54881661891e-05
bacteria,1.54881661891e-05
beings,1.54881661891e-05
beside,1.54881661891e-05
blade,1.54881661891e-05
boot,1.54881661891e-05
bottles,1.54881661891e-05
bucks,1.54881661891e-05
bulk,1.54881661891e-05
camps,1.54881661891e-05
cargo,1.54881661891e-05
census,1.54881661891e-05
christianity,1.54881661891e-05
coastal,1.54881661891e-05
coin,1.54881661891e-05
colored,1.54881661891e-05
commentary,1.54881661891e-05
confusion,1.54881661891e-05
congressional,1.54881661891e-05
corn,1.54881661891e-05
cried,1.54881661891e-05
customs,1.54881661891e-05
dealer,1.54881661891e-05
deemed,1.54881661891e-05
destiny,1.54881661891e-05
distant,1.54881661891e-05
electronics,1.54881661891e-05
emerging,1.54881661891e-05
emotion,1.54881661891e-05
emphasis,1.54881661891e-05
ethics,1.54881661891e-05
excitement,1.54881661891e-05
exploration,1.54881661891e-05
fights,1.54881661891e-05
filling,1.54881661891e-05
filming,1.54881661891e-05
glasgow,1.54881661891e-05
graphics,1.54881661891e-05
helen,1.54881661891e-05
humor,1.54881661891e-05
insight,1.54881661891e-05
invested,1.54881661891e-05
jennifer,1.54881661891e-05
lit,1.54881661891e-05
louisiana,1.54881661891e-05
mar,1.54881661891e-05
marie,1.54881661891e-05
meals,1.54881661891e-05
mississippi,1.54881661891e-05
nerve,1.54881661891e-05
netflix,1.54881661891e-05
nightmare,1.54881661891e-05
operators,1.54881661891e-05
overnight,1.54881661891e-05
partially,1.54881661891e-05
participating,1.54881661891e-05
pie,1.54881661891e-05
platforms,1.54881661891e-05
populations,1.54881661891e-05
poster,1.54881661891e-05
pr,1.54881661891e-05
practically,1.54881661891e-05
preserve,1.54881661891e-05
produces,1.54881661891e-05
qualify,1.54881661891e-05
raid,1.54881661891e-05
ram,1.54881661891e-05
ranging,1.54881661891e-05
ranking,1.54881661891e-05
receives,1.54881661891e-05
respective,1.54881661891e-05
restricted,1.54881661891e-05
routes,1.54881661891e-05
samuel,1.54881661891e-05
sandy,1.54881661891e-05
scenario,1.54881661891e-05
sheep,1.54881661891e-05
situated,1.54881661891e-05
slaves,1.54881661891e-05
sony,1.54881661891e-05
spotted,1.54881661891e-05
spreading,1.54881661891e-05
stanley,1.54881661891e-05
sustainable,1.54881661891e-05
sustained,1.54881661891e-05
taxi,1.54881661891e-05
themes,1.54881661891e-05
threatening,1.54881661891e-05
tobacco,1.54881661891e-05
trace,1.54881661891e-05
trapped,1.54881661891e-05
turner,1.54881661891e-05
uncomfortable,1.54881661891e-05
wasted,1.54881661891e-05
weakness,1.54881661891e-05
widespread,1.54881661891e-05
xbox,1.54881661891e-05
accepting,1.51356124844e-05
accessible,1.51356124844e-05
acknowledge,1.51356124844e-05
advised,1.51356124844e-05
advisory,1.51356124844e-05
animation,1.51356124844e-05
assignment,1.51356124844e-05
balanced,1.51356124844e-05
bare,1.51356124844e-05
basement,1.51356124844e-05
bases,1.51356124844e-05
battles,1.51356124844e-05
bias,1.51356124844e-05
birmingham,1.51356124844e-05
bits,1.51356124844e-05
cancel,1.51356124844e-05
carpet,1.51356124844e-05
ceiling,1.51356124844e-05
cherry,1.51356124844e-05
chill,1.51356124844e-05
classification,1.51356124844e-05
clue,1.51356124844e-05
codes,1.51356124844e-05
cole,1.51356124844e-05
collapse,1.51356124844e-05
collecting,1.51356124844e-05
compound,1.51356124844e-05
conscious,1.51356124844e-05
consecutive,1.51356124844e-05
contents,1.51356124844e-05
costume,1.51356124844e-05
craig,1.51356124844e-05
deleted,1.51356124844e-05
devoted,1.51356124844e-05
didnt,1.51356124844e-05
displayed,1.51356124844e-05
dominated,1.51356124844e-05
earl,1.51356124844e-05
endless,1.51356124844e-05
escaped,1.51356124844e-05
examine,1.51356124844e-05
floating,1.51356124844e-05
garbage,1.51356124844e-05
gospel,1.51356124844e-05
grain,1.51356124844e-05
grid,1.51356124844e-05
grows,1.51356124844e-05
heating,1.51356124844e-05
identification,1.51356124844e-05
knees,1.51356124844e-05
lap,1.51356124844e-05
lions,1.51356124844e-05
liver,1.51356124844e-05
metro,1.51356124844e-05
metropolitan,1.51356124844e-05
mines,1.51356124844e-05
mixture,1.51356124844e-05
nominated,1.51356124844e-05
oak,1.51356124844e-05
parliamentary,1.51356124844e-05
patent,1.51356124844e-05
perception,1.51356124844e-05
physician,1.51356124844e-05
portland,1.51356124844e-05
proceed,1.51356124844e-05
proceedings,1.51356124844e-05
pupils,1.51356124844e-05
reserved,1.51356124844e-05
restore,1.51356124844e-05
rifle,1.51356124844e-05
rival,1.51356124844e-05
rs,1.51356124844e-05
runner,1.51356124844e-05
sadly,1.51356124844e-05
sc,1.51356124844e-05
shoulders,1.51356124844e-05
significance,1.51356124844e-05
sits,1.51356124844e-05
sizes,1.51356124844e-05
slept,1.51356124844e-05
soap,1.51356124844e-05
spray,1.51356124844e-05
stored,1.51356124844e-05
stressed,1.51356124844e-05
structural,1.51356124844e-05
suite,1.51356124844e-05
tbh,1.51356124844e-05
tropical,1.51356124844e-05
ukrainian,1.51356124844e-05
unnecessary,1.51356124844e-05
verse,1.51356124844e-05
victor,1.51356124844e-05
vintage,1.51356124844e-05
warned,1.51356124844e-05
watson,1.51356124844e-05
acres,1.47910838817e-05
adapted,1.47910838817e-05
adoption,1.47910838817e-05
anonymous,1.47910838817e-05
antonio,1.47910838817e-05
approaching,1.47910838817e-05
artistic,1.47910838817e-05
attendance,1.47910838817e-05
aviation,1.47910838817e-05
barrel,1.47910838817e-05
beds,1.47910838817e-05
beloved,1.47910838817e-05
bless,1.47910838817e-05
boxing,1.47910838817e-05
celebrating,1.47910838817e-05
charging,1.47910838817e-05
chemicals,1.47910838817e-05
chuck,1.47910838817e-05
cinema,1.47910838817e-05
colonial,1.47910838817e-05
comics,1.47910838817e-05
compliance,1.47910838817e-05
contrary,1.47910838817e-05
controlling,1.47910838817e-05
corporations,1.47910838817e-05
couch,1.47910838817e-05
crush,1.47910838817e-05
dam,1.47910838817e-05
decrease,1.47910838817e-05
defeated,1.47910838817e-05
diabetes,1.47910838817e-05
dressing,1.47910838817e-05
expanding,1.47910838817e-05
fears,1.47910838817e-05
fires,1.47910838817e-05
genre,1.47910838817e-05
gentle,1.47910838817e-05
grammar,1.47910838817e-05
hiv,1.47910838817e-05
idk,1.47910838817e-05
illustrated,1.47910838817e-05
invented,1.47910838817e-05
jake,1.47910838817e-05
jam,1.47910838817e-05
jamie,1.47910838817e-05
jessica,1.47910838817e-05
keith,1.47910838817e-05
kent,1.47910838817e-05
layers,1.47910838817e-05
lease,1.47910838817e-05
lens,1.47910838817e-05
licensed,1.47910838817e-05
loyalty,1.47910838817e-05
madison,1.47910838817e-05
magnetic,1.47910838817e-05
metres,1.47910838817e-05
monsters,1.47910838817e-05
mysterious,1.47910838817e-05
notion,1.47910838817e-05
partial,1.47910838817e-05
piss,1.47910838817e-05
placing,1.47910838817e-05
propaganda,1.47910838817e-05
rat,1.47910838817e-05
reflection,1.47910838817e-05
reminded,1.47910838817e-05
resolve,1.47910838817e-05
revolutionary,1.47910838817e-05
scandal,1.47910838817e-05
shine,1.47910838817e-05
si,1.47910838817e-05
simultaneously,1.47910838817e-05
substitute,1.47910838817e-05
surveillance,1.47910838817e-05
tactics,1.47910838817e-05
testimony,1.47910838817e-05
thai,1.47910838817e-05
treasure,1.47910838817e-05
trophy,1.47910838817e-05
tweet,1.47910838817e-05
tyler,1.47910838817e-05
underlying,1.47910838817e-05
unfair,1.47910838817e-05
villages,1.47910838817e-05
von,1.47910838817e-05
wa,1.47910838817e-05
acceptance,1.44543977075e-05
accidents,1.44543977075e-05
affects,1.44543977075e-05
annually,1.44543977075e-05
apologize,1.44543977075e-05
appreciated,1.44543977075e-05
approached,1.44543977075e-05
arriving,1.44543977075e-05
ash,1.44543977075e-05
aunt,1.44543977075e-05
benjamin,1.44543977075e-05
blake,1.44543977075e-05
bubble,1.44543977075e-05
buyers,1.44543977075e-05
casino,1.44543977075e-05
charts,1.44543977075e-05
clouds,1.44543977075e-05
connecting,1.44543977075e-05
counsel,1.44543977075e-05
creature,1.44543977075e-05
deadly,1.44543977075e-05
decides,1.44543977075e-05
der,1.44543977075e-05
desired,1.44543977075e-05
determination,1.44543977075e-05
embrace,1.44543977075e-05
emerged,1.44543977075e-05
exhibit,1.44543977075e-05
flew,1.44543977075e-05
gentleman,1.44543977075e-05
gm,1.44543977075e-05
halloween,1.44543977075e-05
hammer,1.44543977075e-05
hitler,1.44543977075e-05
hosting,1.44543977075e-05
icon,1.44543977075e-05
imposed,1.44543977075e-05
indigenous,1.44543977075e-05
infinite,1.44543977075e-05
installation,1.44543977075e-05
inter,1.44543977075e-05
interactions,1.44543977075e-05
introducing,1.44543977075e-05
iranian,1.44543977075e-05
kicking,1.44543977075e-05
laying,1.44543977075e-05
legislature,1.44543977075e-05
liability,1.44543977075e-05
maine,1.44543977075e-05
makers,1.44543977075e-05
manhattan,1.44543977075e-05
marathon,1.44543977075e-05
marvel,1.44543977075e-05
michelle,1.44543977075e-05
moreover,1.44543977075e-05
mps,1.44543977075e-05
neil,1.44543977075e-05
organisations,1.44543977075e-05
ours,1.44543977075e-05
parade,1.44543977075e-05
paradise,1.44543977075e-05
perceived,1.44543977075e-05
pics,1.44543977075e-05
planes,1.44543977075e-05
politician,1.44543977075e-05
preliminary,1.44543977075e-05
premiere,1.44543977075e-05
presidency,1.44543977075e-05
reaches,1.44543977075e-05
react,1.44543977075e-05
realistic,1.44543977075e-05
remarks,1.44543977075e-05
retain,1.44543977075e-05
roberts,1.44543977075e-05
rocky,1.44543977075e-05
russians,1.44543977075e-05
saints,1.44543977075e-05
satisfaction,1.44543977075e-05
scratch,1.44543977075e-05
shade,1.44543977075e-05
sheets,1.44543977075e-05
sheriff,1.44543977075e-05
shy,1.44543977075e-05
sometime,1.44543977075e-05
spirits,1.44543977075e-05
sporting,1.44543977075e-05
strictly,1.44543977075e-05
sunshine,1.44543977075e-05
teens,1.44543977075e-05
thou,1.44543977075e-05
tier,1.44543977075e-05
tommy,1.44543977075e-05
travelling,1.44543977075e-05
vancouver,1.44543977075e-05
vocal,1.44543977075e-05
warrior,1.44543977075e-05
worries,1.44543977075e-05
yield,1.44543977075e-05
accomplished,1.41253754462e-05
admission,1.41253754462e-05
adventures,1.41253754462e-05
aka,1.41253754462e-05
appearing,1.41253754462e-05
bacon,1.41253754462e-05
barrier,1.41253754462e-05
belgium,1.41253754462e-05
believing,1.41253754462e-05
blacks,1.41253754462e-05
bombs,1.41253754462e-05
burst,1.41253754462e-05
caps,1.41253754462e-05
casting,1.41253754462e-05
cattle,1.41253754462e-05
cc,1.41253754462e-05
classroom,1.41253754462e-05
collins,1.41253754462e-05
colours,1.41253754462e-05
compromise,1.41253754462e-05
convenient,1.41253754462e-05
costa,1.41253754462e-05
criminals,1.41253754462e-05
crop,1.41253754462e-05
earthquake,1.41253754462e-05
elderly,1.41253754462e-05
eliminate,1.41253754462e-05
embarrassing,1.41253754462e-05
farmer,1.41253754462e-05
finest,1.41253754462e-05
grants,1.41253754462e-05
harbor,1.41253754462e-05
harvey,1.41253754462e-05
hates,1.41253754462e-05
incidents,1.41253754462e-05
inform,1.41253754462e-05
ion,1.41253754462e-05
jeremy,1.41253754462e-05
lesbian,1.41253754462e-05
lovers,1.41253754462e-05
lt,1.41253754462e-05
mathematics,1.41253754462e-05
medication,1.41253754462e-05
minded,1.41253754462e-05
morris,1.41253754462e-05
norway,1.41253754462e-05
par,1.41253754462e-05
podcast,1.41253754462e-05
portfolio,1.41253754462e-05
productivity,1.41253754462e-05
promoted,1.41253754462e-05
protocol,1.41253754462e-05
quietly,1.41253754462e-05
rachel,1.41253754462e-05
replacing,1.41253754462e-05
responsibilities,1.41253754462e-05
salad,1.41253754462e-05
scholarship,1.41253754462e-05
screening,1.41253754462e-05
sends,1.41253754462e-05
smiling,1.41253754462e-05
soup,1.41253754462e-05
southeast,1.41253754462e-05
stake,1.41253754462e-05
stating,1.41253754462e-05
strain,1.41253754462e-05
suspected,1.41253754462e-05
swift,1.41253754462e-05
tackle,1.41253754462e-05
tigers,1.41253754462e-05
timeline,1.41253754462e-05
torture,1.41253754462e-05
traded,1.41253754462e-05
translated,1.41253754462e-05
tricks,1.41253754462e-05
twins,1.41253754462e-05
urgent,1.41253754462e-05
vegetables,1.41253754462e-05
vertical,1.41253754462e-05
violation,1.41253754462e-05
wallet,1.41253754462e-05
welsh,1.41253754462e-05
workshop,1.41253754462e-05
wrapped,1.41253754462e-05
aboard,1.3803842646e-05
abstract,1.3803842646e-05
accent,1.3803842646e-05
addiction,1.3803842646e-05
associates,1.3803842646e-05
awake,1.3803842646e-05
beam,1.3803842646e-05
beans,1.3803842646e-05
binding,1.3803842646e-05
blank,1.3803842646e-05
buffalo,1.3803842646e-05
cbs,1.3803842646e-05
commons,1.3803842646e-05
conservatives,1.3803842646e-05
contacts,1.3803842646e-05
conviction,1.3803842646e-05
corrupt,1.3803842646e-05
cow,1.3803842646e-05
curve,1.3803842646e-05
depressed,1.3803842646e-05
deserved,1.3803842646e-05
dining,1.3803842646e-05
disorders,1.3803842646e-05
duration,1.3803842646e-05
eddie,1.3803842646e-05
emily,1.3803842646e-05
encouraging,1.3803842646e-05
farms,1.3803842646e-05
fifteen,1.3803842646e-05
flows,1.3803842646e-05
ga,1.3803842646e-05
genes,1.3803842646e-05
graduated,1.3803842646e-05
grandmother,1.3803842646e-05
harsh,1.3803842646e-05
heights,1.3803842646e-05
horn,1.3803842646e-05
hurry,1.3803842646e-05
immune,1.3803842646e-05
inflation,1.3803842646e-05
ingredients,1.3803842646e-05
inspection,1.3803842646e-05
install,1.3803842646e-05
instruction,1.3803842646e-05
intensity,1.3803842646e-05
inventory,1.3803842646e-05
investigated,1.3803842646e-05
invitation,1.3803842646e-05
judicial,1.3803842646e-05
justify,1.3803842646e-05
kyle,1.3803842646e-05
lakes,1.3803842646e-05
lean,1.3803842646e-05
lecture,1.3803842646e-05
libraries,1.3803842646e-05
logical,1.3803842646e-05
mason,1.3803842646e-05
meaningful,1.3803842646e-05
migration,1.3803842646e-05
missile,1.3803842646e-05
motivated,1.3803842646e-05
muscles,1.3803842646e-05
nancy,1.3803842646e-05
norman,1.3803842646e-05
northwest,1.3803842646e-05
nurses,1.3803842646e-05
organ,1.3803842646e-05
patrol,1.3803842646e-05
pearl,1.3803842646e-05
peer,1.3803842646e-05
pepper,1.3803842646e-05
pig,1.3803842646e-05
pile,1.3803842646e-05
plug,1.3803842646e-05
provision,1.3803842646e-05
releasing,1.3803842646e-05
requiring,1.3803842646e-05
revised,1.3803842646e-05
rod,1.3803842646e-05
scream,1.3803842646e-05
stairs,1.3803842646e-05
staring,1.3803842646e-05
statistical,1.3803842646e-05
sticks,1.3803842646e-05
strangers,1.3803842646e-05
succeeded,1.3803842646e-05
sweat,1.3803842646e-05
switched,1.3803842646e-05
syrian,1.3803842646e-05
tattoo,1.3803842646e-05
teenage,1.3803842646e-05
thunder,1.3803842646e-05
tours,1.3803842646e-05
tragedy,1.3803842646e-05
trauma,1.3803842646e-05
vincent,1.3803842646e-05
wrestling,1.3803842646e-05
zoo,1.3803842646e-05
accordance,1.34896288259e-05
acquire,1.34896288259e-05
activist,1.34896288259e-05
activists,1.34896288259e-05
addresses,1.34896288259e-05
alike,1.34896288259e-05
applicable,1.34896288259e-05
arrow,1.34896288259e-05
availability,1.34896288259e-05
aw,1.34896288259e-05
ba,1.34896288259e-05
bend,1.34896288259e-05
boundary,1.34896288259e-05
breach,1.34896288259e-05
cabin,1.34896288259e-05
cage,1.34896288259e-05
chancellor,1.34896288259e-05
cheers,1.34896288259e-05
circles,1.34896288259e-05
closet,1.34896288259e-05
combine,1.34896288259e-05
companion,1.34896288259e-05
comparing,1.34896288259e-05
consciousness,1.34896288259e-05
consultant,1.34896288259e-05
controller,1.34896288259e-05
corresponding,1.34896288259e-05
courtesy,1.34896288259e-05
cuba,1.34896288259e-05
damages,1.34896288259e-05
demanding,1.34896288259e-05
disc,1.34896288259e-05
dishes,1.34896288259e-05
dozens,1.34896288259e-05
eagle,1.34896288259e-05
eaten,1.34896288259e-05
embassy,1.34896288259e-05
engaging,1.34896288259e-05
fascinating,1.34896288259e-05
financing,1.34896288259e-05
fitted,1.34896288259e-05
flexible,1.34896288259e-05
gaining,1.34896288259e-05
gentlemen,1.34896288259e-05
goodness,1.34896288259e-05
guilt,1.34896288259e-05
haven,1.34896288259e-05
helicopter,1.34896288259e-05
homework,1.34896288259e-05
households,1.34896288259e-05
hp,1.34896288259e-05
iconic,1.34896288259e-05
infected,1.34896288259e-05
keen,1.34896288259e-05
kenya,1.34896288259e-05
lesser,1.34896288259e-05
liberals,1.34896288259e-05
lip,1.34896288259e-05
mandatory,1.34896288259e-05
manufactured,1.34896288259e-05
mechanics,1.34896288259e-05
mere,1.34896288259e-05
miracle,1.34896288259e-05
mt,1.34896288259e-05
mud,1.34896288259e-05
murphy,1.34896288259e-05
nathan,1.34896288259e-05
observation,1.34896288259e-05
operates,1.34896288259e-05
owe,1.34896288259e-05
permitted,1.34896288259e-05
phenomenon,1.34896288259e-05
pittsburgh,1.34896288259e-05
playoff,1.34896288259e-05
precise,1.34896288259e-05
profession,1.34896288259e-05
prospect,1.34896288259e-05
protective,1.34896288259e-05
providers,1.34896288259e-05
publisher,1.34896288259e-05
putin,1.34896288259e-05
reportedly,1.34896288259e-05
retreat,1.34896288259e-05
rookie,1.34896288259e-05
sandwich,1.34896288259e-05
seeks,1.34896288259e-05
sentences,1.34896288259e-05
separation,1.34896288259e-05
sexually,1.34896288259e-05
ski,1.34896288259e-05
skilled,1.34896288259e-05
sterling,1.34896288259e-05
stuart,1.34896288259e-05
surgeon,1.34896288259e-05
theft,1.34896288259e-05
um,1.34896288259e-05
understands,1.34896288259e-05
valve,1.34896288259e-05
visa,1.34896288259e-05
washing,1.34896288259e-05
adjacent,1.31825673856e-05
agreements,1.31825673856e-05
appreciation,1.31825673856e-05
arabia,1.31825673856e-05
athletic,1.31825673856e-05
authorized,1.31825673856e-05
banner,1.31825673856e-05
beijing,1.31825673856e-05
blew,1.31825673856e-05
blocking,1.31825673856e-05
brad,1.31825673856e-05
caribbean,1.31825673856e-05
charm,1.31825673856e-05
chasing,1.31825673856e-05
climbing,1.31825673856e-05
colony,1.31825673856e-05
complaining,1.31825673856e-05
cookies,1.31825673856e-05
cruel,1.31825673856e-05
curriculum,1.31825673856e-05
deadline,1.31825673856e-05
deer,1.31825673856e-05
delta,1.31825673856e-05
demanded,1.31825673856e-05
dive,1.31825673856e-05
divide,1.31825673856e-05
easter,1.31825673856e-05
electoral,1.31825673856e-05
eleven,1.31825673856e-05
entity,1.31825673856e-05
excessive,1.31825673856e-05
exercises,1.31825673856e-05
feminist,1.31825673856e-05
governing,1.31825673856e-05
ham,1.31825673856e-05
heal,1.31825673856e-05
interface,1.31825673856e-05
ios,1.31825673856e-05
jewelry,1.31825673856e-05
journalism,1.31825673856e-05
juan,1.31825673856e-05
julia,1.31825673856e-05
jungle,1.31825673856e-05
linear,1.31825673856e-05
mg,1.31825673856e-05
occasional,1.31825673856e-05
oriented,1.31825673856e-05
pete,1.31825673856e-05
pilots,1.31825673856e-05
prayers,1.31825673856e-05
predicted,1.31825673856e-05
pressed,1.31825673856e-05
preventing,1.31825673856e-05
prof,1.31825673856e-05
provisions,1.31825673856e-05
pursuit,1.31825673856e-05
rap,1.31825673856e-05
reflected,1.31825673856e-05
reminder,1.31825673856e-05
restored,1.31825673856e-05
resume,1.31825673856e-05
rev,1.31825673856e-05
richmond,1.31825673856e-05
ridge,1.31825673856e-05
samsung,1.31825673856e-05
scholars,1.31825673856e-05
sealed,1.31825673856e-05
sounded,1.31825673856e-05
sri,1.31825673856e-05
streams,1.31825673856e-05
strongest,1.31825673856e-05
tends,1.31825673856e-05
tribe,1.31825673856e-05
unfortunate,1.31825673856e-05
variable,1.31825673856e-05
victorian,1.31825673856e-05
worrying,1.31825673856e-05
xi,1.31825673856e-05
zones,1.31825673856e-05
ace,1.28824955169e-05
adjusted,1.28824955169e-05
alternate,1.28824955169e-05
arrives,1.28824955169e-05
artwork,1.28824955169e-05
ashley,1.28824955169e-05
athlete,1.28824955169e-05
attraction,1.28824955169e-05
babe,1.28824955169e-05
bankruptcy,1.28824955169e-05
canon,1.28824955169e-05
capabilities,1.28824955169e-05
cared,1.28824955169e-05
catherine,1.28824955169e-05
chains,1.28824955169e-05
closure,1.28824955169e-05
cognitive,1.28824955169e-05
competitors,1.28824955169e-05
connecticut,1.28824955169e-05
convert,1.28824955169e-05
cooked,1.28824955169e-05
ct,1.28824955169e-05
cups,1.28824955169e-05
deciding,1.28824955169e-05
defender,1.28824955169e-05
dental,1.28824955169e-05
diplomatic,1.28824955169e-05
divisions,1.28824955169e-05
drum,1.28824955169e-05
editorial,1.28824955169e-05
enabled,1.28824955169e-05
entertaining,1.28824955169e-05
est,1.28824955169e-05
establishing,1.28824955169e-05
eternal,1.28824955169e-05
freeze,1.28824955169e-05
generic,1.28824955169e-05
grandma,1.28824955169e-05
grip,1.28824955169e-05
handful,1.28824955169e-05
happily,1.28824955169e-05
harmony,1.28824955169e-05
hmm,1.28824955169e-05
humble,1.28824955169e-05
hurting,1.28824955169e-05
hybrid,1.28824955169e-05
intentions,1.28824955169e-05
investing,1.28824955169e-05
keyboard,1.28824955169e-05
lasting,1.28824955169e-05
locally,1.28824955169e-05
loses,1.28824955169e-05
mild,1.28824955169e-05
minimal,1.28824955169e-05
mixing,1.28824955169e-05
molecular,1.28824955169e-05
nearest,1.28824955169e-05
neighbor,1.28824955169e-05
noon,1.28824955169e-05
nowadays,1.28824955169e-05
openly,1.28824955169e-05
overview,1.28824955169e-05
pairs,1.28824955169e-05
palestinian,1.28824955169e-05
parish,1.28824955169e-05
pathetic,1.28824955169e-05
poems,1.28824955169e-05
possibilities,1.28824955169e-05
potato,1.28824955169e-05
potter,1.28824955169e-05
preference,1.28824955169e-05
promising,1.28824955169e-05
proportion,1.28824955169e-05
purchases,1.28824955169e-05
rage,1.28824955169e-05
rd,1.28824955169e-05
reflects,1.28824955169e-05
respected,1.28824955169e-05
restoration,1.28824955169e-05
selfish,1.28824955169e-05
sergeant,1.28824955169e-05
silk,1.28824955169e-05
stamp,1.28824955169e-05
throne,1.28824955169e-05
thy,1.28824955169e-05
urge,1.28824955169e-05
voter,1.28824955169e-05
warner,1.28824955169e-05
wasting,1.28824955169e-05
witch,1.28824955169e-05
advantages,1.25892541179e-05
ally,1.25892541179e-05
archives,1.25892541179e-05
array,1.25892541179e-05
assisted,1.25892541179e-05
backs,1.25892541179e-05
belly,1.25892541179e-05
booth,1.25892541179e-05
breakdown,1.25892541179e-05
bridges,1.25892541179e-05
brutal,1.25892541179e-05
calculated,1.25892541179e-05
cam,1.25892541179e-05
centres,1.25892541179e-05
chapters,1.25892541179e-05
citizenship,1.25892541179e-05
civilians,1.25892541179e-05
cliff,1.25892541179e-05
conflicts,1.25892541179e-05
consensus,1.25892541179e-05
cycling,1.25892541179e-05
declaration,1.25892541179e-05
dennis,1.25892541179e-05
derby,1.25892541179e-05
distinction,1.25892541179e-05
donations,1.25892541179e-05
dragons,1.25892541179e-05
draws,1.25892541179e-05
examined,1.25892541179e-05
facial,1.25892541179e-05
faithful,1.25892541179e-05
fatal,1.25892541179e-05
fig,1.25892541179e-05
fitting,1.25892541179e-05
genuinely,1.25892541179e-05
hardest,1.25892541179e-05
holland,1.25892541179e-05
honored,1.25892541179e-05
hunger,1.25892541179e-05
hurricane,1.25892541179e-05
implications,1.25892541179e-05
import,1.25892541179e-05
innovative,1.25892541179e-05
ipad,1.25892541179e-05
jurisdiction,1.25892541179e-05
laughter,1.25892541179e-05
lemon,1.25892541179e-05
les,1.25892541179e-05
lifted,1.25892541179e-05
loading,1.25892541179e-05
lung,1.25892541179e-05
matching,1.25892541179e-05
mighty,1.25892541179e-05
monetary,1.25892541179e-05
novels,1.25892541179e-05
nutrition,1.25892541179e-05
ore,1.25892541179e-05
os,1.25892541179e-05
outcomes,1.25892541179e-05
outta,1.25892541179e-05
pine,1.25892541179e-05
polls,1.25892541179e-05
poorly,1.25892541179e-05
portugal,1.25892541179e-05
pose,1.25892541179e-05
pour,1.25892541179e-05
proteins,1.25892541179e-05
provider,1.25892541179e-05
publish,1.25892541179e-05
purely,1.25892541179e-05
ralph,1.25892541179e-05
rental,1.25892541179e-05
resolved,1.25892541179e-05
rewards,1.25892541179e-05
sang,1.25892541179e-05
seemingly,1.25892541179e-05
senators,1.25892541179e-05
severely,1.25892541179e-05
shark,1.25892541179e-05
shocking,1.25892541179e-05
southwest,1.25892541179e-05
ss,1.25892541179e-05
studios,1.25892541179e-05
survivors,1.25892541179e-05
tales,1.25892541179e-05
technically,1.25892541179e-05
titled,1.25892541179e-05
traditions,1.25892541179e-05
unlimited,1.25892541179e-05
washed,1.25892541179e-05
watches,1.25892541179e-05
advise,1.23026877081e-05
anxious,1.23026877081e-05
appearances,1.23026877081e-05
bee,1.23026877081e-05
bombing,1.23026877081e-05
cafe,1.23026877081e-05
carlos,1.23026877081e-05
challenged,1.23026877081e-05
cigarettes,1.23026877081e-05
colin,1.23026877081e-05
consisting,1.23026877081e-05
cult,1.23026877081e-05
dairy,1.23026877081e-05
dakota,1.23026877081e-05
darling,1.23026877081e-05
delighted,1.23026877081e-05
delivering,1.23026877081e-05
destroying,1.23026877081e-05
diary,1.23026877081e-05
disagree,1.23026877081e-05
disappear,1.23026877081e-05
drill,1.23026877081e-05
earliest,1.23026877081e-05
edges,1.23026877081e-05
entries,1.23026877081e-05
euro,1.23026877081e-05
evolved,1.23026877081e-05
exports,1.23026877081e-05
fixing,1.23026877081e-05
fl,1.23026877081e-05
flags,1.23026877081e-05
flies,1.23026877081e-05
forecast,1.23026877081e-05
fr,1.23026877081e-05
governance,1.23026877081e-05
heated,1.23026877081e-05
hug,1.23026877081e-05
importantly,1.23026877081e-05
indicating,1.23026877081e-05
indoor,1.23026877081e-05
influential,1.23026877081e-05
intend,1.23026877081e-05
invisible,1.23026877081e-05
jeans,1.23026877081e-05
jets,1.23026877081e-05
julie,1.23026877081e-05
karen,1.23026877081e-05
lasted,1.23026877081e-05
lawsuit,1.23026877081e-05
leak,1.23026877081e-05
lighter,1.23026877081e-05
lucas,1.23026877081e-05
marcus,1.23026877081e-05
mentions,1.23026877081e-05
meter,1.23026877081e-05
mice,1.23026877081e-05
musicians,1.23026877081e-05
olive,1.23026877081e-05
passionate,1.23026877081e-05
potatoes,1.23026877081e-05
prevented,1.23026877081e-05
receiver,1.23026877081e-05
recommendation,1.23026877081e-05
riot,1.23026877081e-05
rogers,1.23026877081e-05
roster,1.23026877081e-05
safer,1.23026877081e-05
sells,1.23026877081e-05
sentenced,1.23026877081e-05
servant,1.23026877081e-05
setup,1.23026877081e-05
skull,1.23026877081e-05
slot,1.23026877081e-05
smash,1.23026877081e-05
statue,1.23026877081e-05
surprisingly,1.23026877081e-05
surrender,1.23026877081e-05
suspicious,1.23026877081e-05
teenager,1.23026877081e-05
tender,1.23026877081e-05
thoroughly,1.23026877081e-05
todd,1.23026877081e-05
treatments,1.23026877081e-05
tweeted,1.23026877081e-05
vacuum,1.23026877081e-05
variations,1.23026877081e-05
vi,1.23026877081e-05
wi,1.23026877081e-05
wont,1.23026877081e-05
acknowledged,1.20226443462e-05
advances,1.20226443462e-05
agrees,1.20226443462e-05
allegations,1.20226443462e-05
anticipated,1.20226443462e-05
approve,1.20226443462e-05
architect,1.20226443462e-05
basin,1.20226443462e-05
beneficial,1.20226443462e-05
bleeding,1.20226443462e-05
breed,1.20226443462e-05
breeding,1.20226443462e-05
bride,1.20226443462e-05
broadway,1.20226443462e-05
bros,1.20226443462e-05
bud,1.20226443462e-05
butler,1.20226443462e-05
careers,1.20226443462e-05
cartoon,1.20226443462e-05
celebrities,1.20226443462e-05
chick,1.20226443462e-05
coke,1.20226443462e-05
comparable,1.20226443462e-05
confirmation,1.20226443462e-05
console,1.20226443462e-05
contractor,1.20226443462e-05
contributing,1.20226443462e-05
diameter,1.20226443462e-05
dubai,1.20226443462e-05
dublin,1.20226443462e-05
dump,1.20226443462e-05
duo,1.20226443462e-05
dynamics,1.20226443462e-05
elephant,1.20226443462e-05
enhanced,1.20226443462e-05
essays,1.20226443462e-05
exhausted,1.20226443462e-05
fabric,1.20226443462e-05
fabulous,1.20226443462e-05
fairy,1.20226443462e-05
fathers,1.20226443462e-05
focuses,1.20226443462e-05
fold,1.20226443462e-05
freak,1.20226443462e-05
frustrated,1.20226443462e-05
gambling,1.20226443462e-05
gently,1.20226443462e-05
glorious,1.20226443462e-05
grief,1.20226443462e-05
harrison,1.20226443462e-05
historically,1.20226443462e-05
hub,1.20226443462e-05
hughes,1.20226443462e-05
inevitable,1.20226443462e-05
investigating,1.20226443462e-05
kg,1.20226443462e-05
labels,1.20226443462e-05
lacking,1.20226443462e-05
laughs,1.20226443462e-05
layout,1.20226443462e-05
lined,1.20226443462e-05
lodge,1.20226443462e-05
lords,1.20226443462e-05
merchant,1.20226443462e-05
merit,1.20226443462e-05
micro,1.20226443462e-05
myth,1.20226443462e-05
nintendo,1.20226443462e-05
objectives,1.20226443462e-05
obsessed,1.20226443462e-05
organised,1.20226443462e-05
overwhelming,1.20226443462e-05
pale,1.20226443462e-05
particles,1.20226443462e-05
pastor,1.20226443462e-05
penalties,1.20226443462e-05
permanently,1.20226443462e-05
pets,1.20226443462e-05
pockets,1.20226443462e-05
poison,1.20226443462e-05
predict,1.20226443462e-05
presenting,1.20226443462e-05
presidents,1.20226443462e-05
pressing,1.20226443462e-05
prints,1.20226443462e-05
provincial,1.20226443462e-05
raped,1.20226443462e-05
realised,1.20226443462e-05
rebel,1.20226443462e-05
repairs,1.20226443462e-05
rotation,1.20226443462e-05
separately,1.20226443462e-05
shaking,1.20226443462e-05
shaw,1.20226443462e-05
societies,1.20226443462e-05
solved,1.20226443462e-05
starring,1.20226443462e-05
struggles,1.20226443462e-05
subtle,1.20226443462e-05
tastes,1.20226443462e-05
throws,1.20226443462e-05
toll,1.20226443462e-05
tooth,1.20226443462e-05
torn,1.20226443462e-05
tragic,1.20226443462e-05
trainer,1.20226443462e-05
transformed,1.20226443462e-05
unbelievable,1.20226443462e-05
underneath,1.20226443462e-05
variation,1.20226443462e-05
viewing,1.20226443462e-05
viral,1.20226443462e-05
warehouse,1.20226443462e-05
wears,1.20226443462e-05
widow,1.20226443462e-05
wives,1.20226443462e-05
adjust,1.17489755494e-05
administrator,1.17489755494e-05
affecting,1.17489755494e-05
allied,1.17489755494e-05
altogether,1.17489755494e-05
animated,1.17489755494e-05
answering,1.17489755494e-05
assess,1.17489755494e-05
assumption,1.17489755494e-05
assured,1.17489755494e-05
austria,1.17489755494e-05
avoided,1.17489755494e-05
avoiding,1.17489755494e-05
basket,1.17489755494e-05
beard,1.17489755494e-05
bio,1.17489755494e-05
blanket,1.17489755494e-05
brains,1.17489755494e-05
bucket,1.17489755494e-05
burger,1.17489755494e-05
capability,1.17489755494e-05
charming,1.17489755494e-05
chiefs,1.17489755494e-05
commented,1.17489755494e-05
computing,1.17489755494e-05
concentrate,1.17489755494e-05
conducting,1.17489755494e-05
consequence,1.17489755494e-05
continent,1.17489755494e-05
cookie,1.17489755494e-05
cruz,1.17489755494e-05
curse,1.17489755494e-05
displays,1.17489755494e-05
drain,1.17489755494e-05
emissions,1.17489755494e-05
ethical,1.17489755494e-05
excellence,1.17489755494e-05
flame,1.17489755494e-05
forests,1.17489755494e-05
freely,1.17489755494e-05
fruits,1.17489755494e-05
grabbed,1.17489755494e-05
graduation,1.17489755494e-05
hint,1.17489755494e-05
horizon,1.17489755494e-05
hostile,1.17489755494e-05
imagined,1.17489755494e-05
inhabitants,1.17489755494e-05
ink,1.17489755494e-05
inn,1.17489755494e-05
intel,1.17489755494e-05
kicks,1.17489755494e-05
legends,1.17489755494e-05
lo,1.17489755494e-05
lucy,1.17489755494e-05
magazines,1.17489755494e-05
matrix,1.17489755494e-05
measuring,1.17489755494e-05
miserable,1.17489755494e-05
momentum,1.17489755494e-05
monkey,1.17489755494e-05
montreal,1.17489755494e-05
motorcycle,1.17489755494e-05
nationwide,1.17489755494e-05
nest,1.17489755494e-05
newcastle,1.17489755494e-05
nicely,1.17489755494e-05
ninth,1.17489755494e-05
nomination,1.17489755494e-05
notable,1.17489755494e-05
obligation,1.17489755494e-05
optical,1.17489755494e-05
outlook,1.17489755494e-05
penny,1.17489755494e-05
petty,1.17489755494e-05
phd,1.17489755494e-05
ports,1.17489755494e-05
preserved,1.17489755494e-05
programmes,1.17489755494e-05
prospects,1.17489755494e-05
publishers,1.17489755494e-05
quantity,1.17489755494e-05
quantum,1.17489755494e-05
rainbow,1.17489755494e-05
rebels,1.17489755494e-05
recognised,1.17489755494e-05
reed,1.17489755494e-05
reign,1.17489755494e-05
responding,1.17489755494e-05
retained,1.17489755494e-05
rises,1.17489755494e-05
saves,1.17489755494e-05
scan,1.17489755494e-05
scare,1.17489755494e-05
sectors,1.17489755494e-05
shorts,1.17489755494e-05
span,1.17489755494e-05
specialized,1.17489755494e-05
spencer,1.17489755494e-05
submission,1.17489755494e-05
sunny,1.17489755494e-05
supporter,1.17489755494e-05
te,1.17489755494e-05
testament,1.17489755494e-05
toe,1.17489755494e-05
tops,1.17489755494e-05
tremendous,1.17489755494e-05
valued,1.17489755494e-05
wounds,1.17489755494e-05
ab,1.1481536215e-05
accommodation,1.1481536215e-05
achievements,1.1481536215e-05
addressing,1.1481536215e-05
adorable,1.1481536215e-05
allegedly,1.1481536215e-05
ambulance,1.1481536215e-05
ar,1.1481536215e-05
ashamed,1.1481536215e-05
assure,1.1481536215e-05
bailey,1.1481536215e-05
ballot,1.1481536215e-05
batteries,1.1481536215e-05
blessing,1.1481536215e-05
btw,1.1481536215e-05
cemetery,1.1481536215e-05
chambers,1.1481536215e-05
cheat,1.1481536215e-05
cheer,1.1481536215e-05
chile,1.1481536215e-05
cigarette,1.1481536215e-05
compact,1.1481536215e-05
completing,1.1481536215e-05
consulting,1.1481536215e-05
cooling,1.1481536215e-05
corners,1.1481536215e-05
deficit,1.1481536215e-05
demo,1.1481536215e-05
demon,1.1481536215e-05
demonstration,1.1481536215e-05
detected,1.1481536215e-05
detection,1.1481536215e-05
doll,1.1481536215e-05
donated,1.1481536215e-05
elaborate,1.1481536215e-05
elder,1.1481536215e-05
encountered,1.1481536215e-05
expertise,1.1481536215e-05
exploring,1.1481536215e-05
fc,1.1481536215e-05
fiber,1.1481536215e-05
filmed,1.1481536215e-05
fried,1.1481536215e-05
grocery,1.1481536215e-05
guided,1.1481536215e-05
guinea,1.1481536215e-05
halfway,1.1481536215e-05
happier,1.1481536215e-05
heels,1.1481536215e-05
holmes,1.1481536215e-05
hull,1.1481536215e-05
independently,1.1481536215e-05
indication,1.1481536215e-05
insisted,1.1481536215e-05
instances,1.1481536215e-05
intensive,1.1481536215e-05
interactive,1.1481536215e-05
intimate,1.1481536215e-05
laundry,1.1481536215e-05
lbs,1.1481536215e-05
lifting,1.1481536215e-05
linda,1.1481536215e-05
martial,1.1481536215e-05
nigerian,1.1481536215e-05
northeast,1.1481536215e-05
observe,1.1481536215e-05
packing,1.1481536215e-05
panels,1.1481536215e-05
password,1.1481536215e-05
pokemon,1.1481536215e-05
politically,1.1481536215e-05
presumably,1.1481536215e-05
pretending,1.1481536215e-05
priorities,1.1481536215e-05
pronounced,1.1481536215e-05
prosecution,1.1481536215e-05
proves,1.1481536215e-05
pulse,1.1481536215e-05
purchasing,1.1481536215e-05
qualities,1.1481536215e-05
queens,1.1481536215e-05
rational,1.1481536215e-05
realm,1.1481536215e-05
reforms,1.1481536215e-05
revenues,1.1481536215e-05
rides,1.1481536215e-05
ripped,1.1481536215e-05
rope,1.1481536215e-05
shadows,1.1481536215e-05
shout,1.1481536215e-05
sierra,1.1481536215e-05
smartphone,1.1481536215e-05
specified,1.1481536215e-05
spectacular,1.1481536215e-05
stan,1.1481536215e-05
streak,1.1481536215e-05
subscription,1.1481536215e-05
switching,1.1481536215e-05
technological,1.1481536215e-05
temporarily,1.1481536215e-05
tolerance,1.1481536215e-05
tourists,1.1481536215e-05
traditionally,1.1481536215e-05
traveled,1.1481536215e-05
treats,1.1481536215e-05
unhappy,1.1481536215e-05
whites,1.1481536215e-05
yup,1.1481536215e-05
accomplish,1.1220184543e-05
adequate,1.1220184543e-05
alter,1.1220184543e-05
apology,1.1220184543e-05
arkansas,1.1220184543e-05
attributed,1.1220184543e-05
beg,1.1220184543e-05
belonging,1.1220184543e-05
booked,1.1220184543e-05
bout,1.1220184543e-05
bowling,1.1220184543e-05
brass,1.1220184543e-05
buzz,1.1220184543e-05
clarke,1.1220184543e-05
comeback,1.1220184543e-05
cos,1.1220184543e-05
crops,1.1220184543e-05
declare,1.1220184543e-05
designers,1.1220184543e-05
detect,1.1220184543e-05
diagnosed,1.1220184543e-05
diesel,1.1220184543e-05
dimensions,1.1220184543e-05
dip,1.1220184543e-05
disturbing,1.1220184543e-05
doesnt,1.1220184543e-05
dot,1.1220184543e-05
dresses,1.1220184543e-05
dylan,1.1220184543e-05
effectiveness,1.1220184543e-05
eliminated,1.1220184543e-05
ellen,1.1220184543e-05
embarrassed,1.1220184543e-05
exceptional,1.1220184543e-05
filing,1.1220184543e-05
fled,1.1220184543e-05
foul,1.1220184543e-05
frankly,1.1220184543e-05
freezing,1.1220184543e-05
graph,1.1220184543e-05
hack,1.1220184543e-05
hannah,1.1220184543e-05
hatred,1.1220184543e-05
ignorant,1.1220184543e-05
influences,1.1220184543e-05
interact,1.1220184543e-05
judging,1.1220184543e-05
knights,1.1220184543e-05
lamp,1.1220184543e-05
limitations,1.1220184543e-05
majesty,1.1220184543e-05
measurement,1.1220184543e-05
measurements,1.1220184543e-05
median,1.1220184543e-05
medieval,1.1220184543e-05
milan,1.1220184543e-05
mobility,1.1220184543e-05
montana,1.1220184543e-05
murders,1.1220184543e-05
nc,1.1220184543e-05
ne,1.1220184543e-05
nyc,1.1220184543e-05
omg,1.1220184543e-05
orientation,1.1220184543e-05
oven,1.1220184543e-05
owen,1.1220184543e-05
passport,1.1220184543e-05
penis,1.1220184543e-05
pills,1.1220184543e-05
planets,1.1220184543e-05
proceeds,1.1220184543e-05
rabbit,1.1220184543e-05
raises,1.1220184543e-05
ranges,1.1220184543e-05
rats,1.1220184543e-05
retire,1.1220184543e-05
rhythm,1.1220184543e-05
ruth,1.1220184543e-05
savage,1.1220184543e-05
servers,1.1220184543e-05
shook,1.1220184543e-05
shooter,1.1220184543e-05
siblings,1.1220184543e-05
slim,1.1220184543e-05
someday,1.1220184543e-05
sophisticated,1.1220184543e-05
spam,1.1220184543e-05
speeds,1.1220184543e-05
stack,1.1220184543e-05
stance,1.1220184543e-05
static,1.1220184543e-05
subway,1.1220184543e-05
supportive,1.1220184543e-05
surgical,1.1220184543e-05
symbols,1.1220184543e-05
tablet,1.1220184543e-05
tent,1.1220184543e-05
thesis,1.1220184543e-05
tide,1.1220184543e-05
travels,1.1220184543e-05
wallace,1.1220184543e-05
warfare,1.1220184543e-05
warming,1.1220184543e-05
weekends,1.1220184543e-05
withdraw,1.1220184543e-05
withdrawal,1.1220184543e-05
youngest,1.1220184543e-05
aging,1.09647819614e-05
airline,1.09647819614e-05
alternatives,1.09647819614e-05
anyways,1.09647819614e-05
argues,1.09647819614e-05
audit,1.09647819614e-05
authentic,1.09647819614e-05
ave,1.09647819614e-05
backwards,1.09647819614e-05
bi,1.09647819614e-05
blonde,1.09647819614e-05
blows,1.09647819614e-05
bolt,1.09647819614e-05
brooks,1.09647819614e-05
bugs,1.09647819614e-05
bust,1.09647819614e-05
clearing,1.09647819614e-05
clips,1.09647819614e-05
collar,1.09647819614e-05
columbus,1.09647819614e-05
comply,1.09647819614e-05
cope,1.09647819614e-05
counted,1.09647819614e-05
crashed,1.09647819614e-05
creepy,1.09647819614e-05
cum,1.09647819614e-05
denmark,1.09647819614e-05
divorced,1.09647819614e-05
donate,1.09647819614e-05
drawings,1.09647819614e-05
dried,1.09647819614e-05
ebay,1.09647819614e-05
echo,1.09647819614e-05
editors,1.09647819614e-05
edwards,1.09647819614e-05
emotionally,1.09647819614e-05
enhance,1.09647819614e-05
experiencing,1.09647819614e-05
extending,1.09647819614e-05
finale,1.09647819614e-05
flavor,1.09647819614e-05
floors,1.09647819614e-05
freaking,1.09647819614e-05
gloves,1.09647819614e-05
harper,1.09647819614e-05
hart,1.09647819614e-05
ignorance,1.09647819614e-05
ignoring,1.09647819614e-05
immigrant,1.09647819614e-05
induced,1.09647819614e-05
inspiring,1.09647819614e-05
intermediate,1.09647819614e-05
invention,1.09647819614e-05
ip,1.09647819614e-05
jesse,1.09647819614e-05
joins,1.09647819614e-05
joking,1.09647819614e-05
lgbt,1.09647819614e-05
likewise,1.09647819614e-05
lineup,1.09647819614e-05
logan,1.09647819614e-05
magnificent,1.09647819614e-05
mathematical,1.09647819614e-05
meantime,1.09647819614e-05
nails,1.09647819614e-05
nevada,1.09647819614e-05
newest,1.09647819614e-05
nonetheless,1.09647819614e-05
nut,1.09647819614e-05
opposing,1.09647819614e-05
origins,1.09647819614e-05
orlando,1.09647819614e-05
physicians,1.09647819614e-05
pipeline,1.09647819614e-05
placement,1.09647819614e-05
planted,1.09647819614e-05
pricing,1.09647819614e-05
pt,1.09647819614e-05
puerto,1.09647819614e-05
questioning,1.09647819614e-05
recreation,1.09647819614e-05
renewed,1.09647819614e-05
resigned,1.09647819614e-05
rt,1.09647819614e-05
shallow,1.09647819614e-05
shanghai,1.09647819614e-05
shitty,1.09647819614e-05
singh,1.09647819614e-05
sins,1.09647819614e-05
sketch,1.09647819614e-05
smells,1.09647819614e-05
soda,1.09647819614e-05
spite,1.09647819614e-05
sponsor,1.09647819614e-05
strengthen,1.09647819614e-05
strings,1.09647819614e-05
sunset,1.09647819614e-05
taiwan,1.09647819614e-05
thanksgiving,1.09647819614e-05
thee,1.09647819614e-05
thermal,1.09647819614e-05
trades,1.09647819614e-05
transform,1.09647819614e-05
witnessed,1.09647819614e-05
workplace,1.09647819614e-05
yelling,1.09647819614e-05
yorkshire,1.09647819614e-05
achieving,1.07151930524e-05
aliens,1.07151930524e-05
amsterdam,1.07151930524e-05
analyst,1.07151930524e-05
arabic,1.07151930524e-05
arctic,1.07151930524e-05
assists,1.07151930524e-05
bennett,1.07151930524e-05
bristol,1.07151930524e-05
burnt,1.07151930524e-05
buyer,1.07151930524e-05
calories,1.07151930524e-05
cannabis,1.07151930524e-05
cease,1.07151930524e-05
championships,1.07151930524e-05
chapel,1.07151930524e-05
cloth,1.07151930524e-05
conferences,1.07151930524e-05
considers,1.07151930524e-05
container,1.07151930524e-05
cowboys,1.07151930524e-05
crushed,1.07151930524e-05
deployed,1.07151930524e-05
differ,1.07151930524e-05
dimensional,1.07151930524e-05
eager,1.07151930524e-05
elect,1.07151930524e-05
elevated,1.07151930524e-05
essence,1.07151930524e-05
executives,1.07151930524e-05
flames,1.07151930524e-05
fork,1.07151930524e-05
fur,1.07151930524e-05
gps,1.07151930524e-05
harold,1.07151930524e-05
harvest,1.07151930524e-05
headline,1.07151930524e-05
hudson,1.07151930524e-05
hype,1.07151930524e-05
identifying,1.07151930524e-05
impacts,1.07151930524e-05
insist,1.07151930524e-05
jo,1.07151930524e-05
junk,1.07151930524e-05
kenny,1.07151930524e-05
kidney,1.07151930524e-05
ladder,1.07151930524e-05
lloyd,1.07151930524e-05
lobby,1.07151930524e-05
marc,1.07151930524e-05
mechanisms,1.07151930524e-05
mineral,1.07151930524e-05
mob,1.07151930524e-05
modest,1.07151930524e-05
motors,1.07151930524e-05
mph,1.07151930524e-05
navigation,1.07151930524e-05
nicholas,1.07151930524e-05
orbit,1.07151930524e-05
paragraph,1.07151930524e-05
passive,1.07151930524e-05
peninsula,1.07151930524e-05
phillips,1.07151930524e-05
pill,1.07151930524e-05
pork,1.07151930524e-05
portuguese,1.07151930524e-05
profitable,1.07151930524e-05
provinces,1.07151930524e-05
ranch,1.07151930524e-05
rays,1.07151930524e-05
reasonably,1.07151930524e-05
reject,1.07151930524e-05
remainder,1.07151930524e-05
schemes,1.07151930524e-05
screens,1.07151930524e-05
seized,1.07151930524e-05
semester,1.07151930524e-05
sentiment,1.07151930524e-05
servants,1.07151930524e-05
shipped,1.07151930524e-05
socks,1.07151930524e-05
sp,1.07151930524e-05
sr,1.07151930524e-05
suited,1.07151930524e-05
supplement,1.07151930524e-05
surviving,1.07151930524e-05
thereby,1.07151930524e-05
threshold,1.07151930524e-05
til,1.07151930524e-05
tin,1.07151930524e-05
tires,1.07151930524e-05
tribal,1.07151930524e-05
tribes,1.07151930524e-05
trunk,1.07151930524e-05
uncertainty,1.07151930524e-05
vampire,1.07151930524e-05
varied,1.07151930524e-05
verdict,1.07151930524e-05
abandon,1.04712854805e-05
accommodate,1.04712854805e-05
accordingly,1.04712854805e-05
aesthetic,1.04712854805e-05
algorithm,1.04712854805e-05
altered,1.04712854805e-05
anchor,1.04712854805e-05
angela,1.04712854805e-05
apr,1.04712854805e-05
arch,1.04712854805e-05
associations,1.04712854805e-05
au,1.04712854805e-05
audiences,1.04712854805e-05
axis,1.04712854805e-05
badge,1.04712854805e-05
bernard,1.04712854805e-05
bizarre,1.04712854805e-05
bounce,1.04712854805e-05
broadcasting,1.04712854805e-05
bs,1.04712854805e-05
bullets,1.04712854805e-05
buses,1.04712854805e-05
cannon,1.04712854805e-05
carol,1.04712854805e-05
carriers,1.04712854805e-05
chairs,1.04712854805e-05
cleaned,1.04712854805e-05
complexity,1.04712854805e-05
confusing,1.04712854805e-05
consultation,1.04712854805e-05
continental,1.04712854805e-05
convenience,1.04712854805e-05
deliberately,1.04712854805e-05
diamonds,1.04712854805e-05
diana,1.04712854805e-05
dictionary,1.04712854805e-05
dignity,1.04712854805e-05
dimension,1.04712854805e-05
disappointing,1.04712854805e-05
diving,1.04712854805e-05
doug,1.04712854805e-05
duncan,1.04712854805e-05
ego,1.04712854805e-05
enthusiasm,1.04712854805e-05
environments,1.04712854805e-05
equation,1.04712854805e-05
extract,1.04712854805e-05
favorites,1.04712854805e-05
ferry,1.04712854805e-05
fisher,1.04712854805e-05
flexibility,1.04712854805e-05
flowing,1.04712854805e-05
fm,1.04712854805e-05
fridge,1.04712854805e-05
functioning,1.04712854805e-05
fusion,1.04712854805e-05
gauge,1.04712854805e-05
goat,1.04712854805e-05
graduates,1.04712854805e-05
gut,1.04712854805e-05
heck,1.04712854805e-05
helmet,1.04712854805e-05
holders,1.04712854805e-05
ideology,1.04712854805e-05
idiots,1.04712854805e-05
inclusion,1.04712854805e-05
initiatives,1.04712854805e-05
innings,1.04712854805e-05
insects,1.04712854805e-05
instructor,1.04712854805e-05
isolation,1.04712854805e-05
ive,1.04712854805e-05
justified,1.04712854805e-05
keeper,1.04712854805e-05
lamb,1.04712854805e-05
liar,1.04712854805e-05
machinery,1.04712854805e-05
mansion,1.04712854805e-05
mega,1.04712854805e-05
mercury,1.04712854805e-05
namely,1.04712854805e-05
nbc,1.04712854805e-05
needing,1.04712854805e-05
nerves,1.04712854805e-05
nhl,1.04712854805e-05
observations,1.04712854805e-05
ordering,1.04712854805e-05
palmer,1.04712854805e-05
paths,1.04712854805e-05
peers,1.04712854805e-05
pending,1.04712854805e-05
platinum,1.04712854805e-05
possess,1.04712854805e-05
praised,1.04712854805e-05
premises,1.04712854805e-05
probability,1.04712854805e-05
ps,1.04712854805e-05
questioned,1.04712854805e-05
refuses,1.04712854805e-05
resignation,1.04712854805e-05
rider,1.04712854805e-05
ritual,1.04712854805e-05
ruins,1.04712854805e-05
shelf,1.04712854805e-05
slam,1.04712854805e-05
stakes,1.04712854805e-05
starter,1.04712854805e-05
sticking,1.04712854805e-05
subscribe,1.04712854805e-05
superman,1.04712854805e-05
surfaces,1.04712854805e-05
ta,1.04712854805e-05
territories,1.04712854805e-05
tire,1.04712854805e-05
tl,1.04712854805e-05
towers,1.04712854805e-05
transfers,1.04712854805e-05
utterly,1.04712854805e-05
voltage,1.04712854805e-05
warn,1.04712854805e-05
width,1.04712854805e-05
workout,1.04712854805e-05
aa,1.02329299228e-05
abu,1.02329299228e-05
activated,1.02329299228e-05
adaptation,1.02329299228e-05
advisor,1.02329299228e-05
aluminum,1.02329299228e-05
apartments,1.02329299228e-05
attitudes,1.02329299228e-05
attorneys,1.02329299228e-05
bail,1.02329299228e-05
barriers,1.02329299228e-05
belonged,1.02329299228e-05
bradley,1.02329299228e-05
brandon,1.02329299228e-05
broader,1.02329299228e-05
buck,1.02329299228e-05
cal,1.02329299228e-05
caroline,1.02329299228e-05
characterized,1.02329299228e-05
civilization,1.02329299228e-05
congrats,1.02329299228e-05
contractors,1.02329299228e-05
creativity,1.02329299228e-05
dealers,1.02329299228e-05
delicate,1.02329299228e-05
den,1.02329299228e-05
derek,1.02329299228e-05
desires,1.02329299228e-05
disappointment,1.02329299228e-05
disk,1.02329299228e-05
enters,1.02329299228e-05
evaluate,1.02329299228e-05
formally,1.02329299228e-05
frames,1.02329299228e-05
goddess,1.02329299228e-05
gov,1.02329299228e-05
hampshire,1.02329299228e-05
harassment,1.02329299228e-05
hats,1.02329299228e-05
hugh,1.02329299228e-05
insert,1.02329299228e-05
joan,1.02329299228e-05
lebanon,1.02329299228e-05
leeds,1.02329299228e-05
legit,1.02329299228e-05
leonard,1.02329299228e-05
liquor,1.02329299228e-05
loser,1.02329299228e-05
malcolm,1.02329299228e-05
massage,1.02329299228e-05
matched,1.02329299228e-05
messed,1.02329299228e-05
milwaukee,1.02329299228e-05
musician,1.02329299228e-05
nato,1.02329299228e-05
nephew,1.02329299228e-05
notably,1.02329299228e-05
orchestra,1.02329299228e-05
oz,1.02329299228e-05
packages,1.02329299228e-05
pad,1.02329299228e-05
pakistani,1.02329299228e-05
participated,1.02329299228e-05
precision,1.02329299228e-05
preservation,1.02329299228e-05
priests,1.02329299228e-05
privately,1.02329299228e-05
prizes,1.02329299228e-05
pulls,1.02329299228e-05
qualifying,1.02329299228e-05
reasoning,1.02329299228e-05
relaxed,1.02329299228e-05
reporters,1.02329299228e-05
roses,1.02329299228e-05
rumors,1.02329299228e-05
sail,1.02329299228e-05
salmon,1.02329299228e-05
secretly,1.02329299228e-05
seller,1.02329299228e-05
sen,1.02329299228e-05
seo,1.02329299228e-05
sheer,1.02329299228e-05
shifts,1.02329299228e-05
simpson,1.02329299228e-05
smallest,1.02329299228e-05
specially,1.02329299228e-05
stark,1.02329299228e-05
struggled,1.02329299228e-05
sympathy,1.02329299228e-05
tan,1.02329299228e-05
teenagers,1.02329299228e-05
theoretical,1.02329299228e-05
thumb,1.02329299228e-05
timber,1.02329299228e-05
transparent,1.02329299228e-05
travis,1.02329299228e-05
tweets,1.02329299228e-05
tx,1.02329299228e-05
upside,1.02329299228e-05
urged,1.02329299228e-05
visitor,1.02329299228e-05
vitamin,1.02329299228e-05
void,1.02329299228e-05
voluntary,1.02329299228e-05
wheat,1.02329299228e-05
whip,1.02329299228e-05
wipe,1.02329299228e-05
wolves,1.02329299228e-05
wrist,1.02329299228e-05
abused,1e-05
acute,1e-05
admiral,1e-05
amanda,1e-05
arnold,1e-05
arrange,1e-05
banana,1e-05
behave,1e-05
betting,1e-05
blair,1e-05
bo,1e-05
borrow,1e-05
camping,1e-05
capitol,1e-05
celtic,1e-05
chan,1e-05
chin,1e-05
civic,1e-05
clerk,1e-05
conclusions,1e-05
considerably,1e-05
contacted,1e-05
cottage,1e-05
coup,1e-05
criticized,1e-05
crude,1e-05
dash,1e-05
decreased,1e-05
defended,1e-05
demons,1e-05
deposits,1e-05
disclosure,1e-05
disposal,1e-05
distinctive,1e-05
documented,1e-05
donation,1e-05
dragged,1e-05
drone,1e-05
encounters,1e-05
ensuring,1e-05
enterprises,1e-05
escort,1e-05
exams,1e-05
firmly,1e-05
flour,1e-05
gdp,1e-05
geneva,1e-05
hindu,1e-05
holdings,1e-05
indie,1e-05
indirect,1e-05
inspire,1e-05
institutional,1e-05
interim,1e-05
interviewed,1e-05
java,1e-05
jefferson,1e-05
jerk,1e-05
karl,1e-05
kindly,1e-05
kindness,1e-05
leaked,1e-05
locals,1e-05
lottery,1e-05
louise,1e-05
magnitude,1e-05
mc,1e-05
minus,1e-05
nhs,1e-05
noting,1e-05
nude,1e-05
organs,1e-05
outlet,1e-05
outlets,1e-05
parameters,1e-05
pause,1e-05
pledge,1e-05
portal,1e-05
prescription,1e-05
protesters,1e-05
proving,1e-05
publicity,1e-05
punished,1e-05
puppy,1e-05
recruitment,1e-05
screwed,1e-05
shades,1e-05
shakespeare,1e-05
silicon,1e-05
slice,1e-05
spelling,1e-05
spurs,1e-05
subscribers,1e-05
surveys,1e-05
survivor,1e-05
telegraph,1e-05
tits,1e-05
vaccine,1e-05
vinyl,1e-05
westminster,1e-05
wished,1e-05
wonders,1e-05
accurately,9.77237220956e-06
adelaide,9.77237220956e-06
affiliate,9.77237220956e-06
alfred,9.77237220956e-06
asylum,9.77237220956e-06
barn,9.77237220956e-06
bent,9.77237220956e-06
bernie,9.77237220956e-06
brussels,9.77237220956e-06
cathedral,9.77237220956e-06
centered,9.77237220956e-06
clause,9.77237220956e-06
cluster,9.77237220956e-06
complained,9.77237220956e-06
compounds,9.77237220956e-06
consistency,9.77237220956e-06
cr,9.77237220956e-06
cracked,9.77237220956e-06
cylinder,9.77237220956e-06
dancer,9.77237220956e-06
deaf,9.77237220956e-06
debts,9.77237220956e-06
denial,9.77237220956e-06
digging,9.77237220956e-06
dock,9.77237220956e-06
entrepreneur,9.77237220956e-06
evident,9.77237220956e-06
expectation,9.77237220956e-06
expedition,9.77237220956e-06
expressing,9.77237220956e-06
extends,9.77237220956e-06
facilitate,9.77237220956e-06
failures,9.77237220956e-06
feat,9.77237220956e-06
fossil,9.77237220956e-06
founding,9.77237220956e-06
freight,9.77237220956e-06
generating,9.77237220956e-06
goddamn,9.77237220956e-06
guides,9.77237220956e-06
honesty,9.77237220956e-06
inappropriate,9.77237220956e-06
infant,9.77237220956e-06
initiated,9.77237220956e-06
injection,9.77237220956e-06
instrumental,9.77237220956e-06
insult,9.77237220956e-06
interference,9.77237220956e-06
interstate,9.77237220956e-06
julian,9.77237220956e-06
launching,9.77237220956e-06
liking,9.77237220956e-06
linux,9.77237220956e-06
luis,9.77237220956e-06
mates,9.77237220956e-06
mediterranean,9.77237220956e-06
neat,9.77237220956e-06
negotiate,9.77237220956e-06
neo,9.77237220956e-06
nicole,9.77237220956e-06
obligations,9.77237220956e-06
offset,9.77237220956e-06
outbreak,9.77237220956e-06
pal,9.77237220956e-06
palestine,9.77237220956e-06
perfection,9.77237220956e-06
pigs,9.77237220956e-06
pirates,9.77237220956e-06
posters,9.77237220956e-06
practicing,9.77237220956e-06
praying,9.77237220956e-06
probe,9.77237220956e-06
prohibited,9.77237220956e-06
projected,9.77237220956e-06
propose,9.77237220956e-06
quarterly,9.77237220956e-06
recipes,9.77237220956e-06
recruiting,9.77237220956e-06
refusing,9.77237220956e-06
rehabilitation,9.77237220956e-06
reid,9.77237220956e-06
remix,9.77237220956e-06
resistant,9.77237220956e-06
reynolds,9.77237220956e-06
riders,9.77237220956e-06
robots,9.77237220956e-06
rockets,9.77237220956e-06
roller,9.77237220956e-06
sailing,9.77237220956e-06
shapes,9.77237220956e-06
skinny,9.77237220956e-06
slipped,9.77237220956e-06
sneak,9.77237220956e-06
solving,9.77237220956e-06
sore,9.77237220956e-06
spark,9.77237220956e-06
speculation,9.77237220956e-06
steep,9.77237220956e-06
stevens,9.77237220956e-06
straw,9.77237220956e-06
successor,9.77237220956e-06
targeting,9.77237220956e-06
triggered,9.77237220956e-06
troubles,9.77237220956e-06
uncertain,9.77237220956e-06
upload,9.77237220956e-06
vector,9.77237220956e-06
violations,9.77237220956e-06
weigh,9.77237220956e-06
whatsoever,9.77237220956e-06
wicked,9.77237220956e-06
abraham,9.54992586021e-06
absent,9.54992586021e-06
acoustic,9.54992586021e-06
adapt,9.54992586021e-06
ancestors,9.54992586021e-06
archive,9.54992586021e-06
atomic,9.54992586021e-06
bean,9.54992586021e-06
bicycle,9.54992586021e-06
bryan,9.54992586021e-06
bump,9.54992586021e-06
buttons,9.54992586021e-06
cart,9.54992586021e-06
circus,9.54992586021e-06
claire,9.54992586021e-06
cocaine,9.54992586021e-06
cohen,9.54992586021e-06
colleague,9.54992586021e-06
compelling,9.54992586021e-06
compiled,9.54992586021e-06
complications,9.54992586021e-06
construct,9.54992586021e-06
cord,9.54992586021e-06
crowded,9.54992586021e-06
cyber,9.54992586021e-06
dale,9.54992586021e-06
debates,9.54992586021e-06
defendant,9.54992586021e-06
delays,9.54992586021e-06
dense,9.54992586021e-06
desperately,9.54992586021e-06
doctrine,9.54992586021e-06
expose,9.54992586021e-06
financially,9.54992586021e-06
freshman,9.54992586021e-06
furious,9.54992586021e-06
gameplay,9.54992586021e-06
geography,9.54992586021e-06
gig,9.54992586021e-06
habitat,9.54992586021e-06
harbour,9.54992586021e-06
hazard,9.54992586021e-06
hydrogen,9.54992586021e-06
implies,9.54992586021e-06
intact,9.54992586021e-06
intake,9.54992586021e-06
irrelevant,9.54992586021e-06
jaw,9.54992586021e-06
jin,9.54992586021e-06
kitty,9.54992586021e-06
lauren,9.54992586021e-06
lawn,9.54992586021e-06
manufacture,9.54992586021e-06
martha,9.54992586021e-06
medals,9.54992586021e-06
mercedes,9.54992586021e-06
mistaken,9.54992586021e-06
moses,9.54992586021e-06
nashville,9.54992586021e-06
nebraska,9.54992586021e-06
needle,9.54992586021e-06
ol,9.54992586021e-06
olds,9.54992586021e-06
organize,9.54992586021e-06
ottawa,9.54992586021e-06
oval,9.54992586021e-06
pity,9.54992586021e-06
pond,9.54992586021e-06
porter,9.54992586021e-06
portions,9.54992586021e-06
prey,9.54992586021e-06
prophet,9.54992586021e-06
raymond,9.54992586021e-06
recalled,9.54992586021e-06
reduces,9.54992586021e-06
referendum,9.54992586021e-06
refugee,9.54992586021e-06
regulated,9.54992586021e-06
rounded,9.54992586021e-06
ruby,9.54992586021e-06
rushed,9.54992586021e-06
sanders,9.54992586021e-06
satisfy,9.54992586021e-06
scales,9.54992586021e-06
seasonal,9.54992586021e-06
segments,9.54992586021e-06
sensible,9.54992586021e-06
sequel,9.54992586021e-06
shifted,9.54992586021e-06
shifting,9.54992586021e-06
shining,9.54992586021e-06
slower,9.54992586021e-06
spinning,9.54992586021e-06
stanford,9.54992586021e-06
stepping,9.54992586021e-06
teammates,9.54992586021e-06
touches,9.54992586021e-06
township,9.54992586021e-06
travelled,9.54992586021e-06
twisted,9.54992586021e-06
usb,9.54992586021e-06
vienna,9.54992586021e-06
wade,9.54992586021e-06
whale,9.54992586021e-06
writings,9.54992586021e-06
admire,9.33254300797e-06
af,9.33254300797e-06
amber,9.33254300797e-06
ankle,9.33254300797e-06
armor,9.33254300797e-06
autism,9.33254300797e-06
bachelor,9.33254300797e-06
berry,9.33254300797e-06
billions,9.33254300797e-06
brady,9.33254300797e-06
brisbane,9.33254300797e-06
bulls,9.33254300797e-06
bullying,9.33254300797e-06
capitalism,9.33254300797e-06
caution,9.33254300797e-06
certification,9.33254300797e-06
characteristic,9.33254300797e-06
clan,9.33254300797e-06
clash,9.33254300797e-06
columns,9.33254300797e-06
compatible,9.33254300797e-06
concerts,9.33254300797e-06
condemned,9.33254300797e-06
configuration,9.33254300797e-06
continuously,9.33254300797e-06
convincing,9.33254300797e-06
coupled,9.33254300797e-06
curiosity,9.33254300797e-06
delight,9.33254300797e-06
determining,9.33254300797e-06
entities,9.33254300797e-06
exceptions,9.33254300797e-06
explosive,9.33254300797e-06
flooding,9.33254300797e-06
fortunate,9.33254300797e-06
fortunately,9.33254300797e-06
foundations,9.33254300797e-06
frontier,9.33254300797e-06
frustrating,9.33254300797e-06
frustration,9.33254300797e-06
geographic,9.33254300797e-06
glenn,9.33254300797e-06
grande,9.33254300797e-06
grasp,9.33254300797e-06
handy,9.33254300797e-06
hardcore,9.33254300797e-06
harmful,9.33254300797e-06
headache,9.33254300797e-06
hers,9.33254300797e-06
hispanic,9.33254300797e-06
incentive,9.33254300797e-06
inclusive,9.33254300797e-06
infections,9.33254300797e-06
jackie,9.33254300797e-06
joel,9.33254300797e-06
kissing,9.33254300797e-06
lanes,9.33254300797e-06
licence,9.33254300797e-06
lungs,9.33254300797e-06
madness,9.33254300797e-06
mandate,9.33254300797e-06
manga,9.33254300797e-06
memorable,9.33254300797e-06
merger,9.33254300797e-06
minorities,9.33254300797e-06
nj,9.33254300797e-06
occurring,9.33254300797e-06
organizing,9.33254300797e-06
performs,9.33254300797e-06
ph,9.33254300797e-06
po,9.33254300797e-06
poker,9.33254300797e-06
portable,9.33254300797e-06
priced,9.33254300797e-06
quebec,9.33254300797e-06
randomly,9.33254300797e-06
rankings,9.33254300797e-06
realizing,9.33254300797e-06
resign,9.33254300797e-06
revealing,9.33254300797e-06
rico,9.33254300797e-06
robbery,9.33254300797e-06
rub,9.33254300797e-06
runners,9.33254300797e-06
sally,9.33254300797e-06
scattered,9.33254300797e-06
scout,9.33254300797e-06
searched,9.33254300797e-06
sexuality,9.33254300797e-06
shouting,9.33254300797e-06
slap,9.33254300797e-06
steak,9.33254300797e-06
succession,9.33254300797e-06
superintendent,9.33254300797e-06
suspicion,9.33254300797e-06
sweep,9.33254300797e-06
tactical,9.33254300797e-06
talents,9.33254300797e-06
therapist,9.33254300797e-06
thereafter,9.33254300797e-06
thorough,9.33254300797e-06
tuition,9.33254300797e-06
tumor,9.33254300797e-06
usd,9.33254300797e-06
variables,9.33254300797e-06
varying,9.33254300797e-06
wholesale,9.33254300797e-06
wwe,9.33254300797e-06
administered,9.12010839356e-06
affiliated,9.12010839356e-06
apples,9.12010839356e-06
architectural,9.12010839356e-06
artillery,9.12010839356e-06
assembled,9.12010839356e-06
bangladesh,9.12010839356e-06
barack,9.12010839356e-06
beaches,9.12010839356e-06
bees,9.12010839356e-06
boarding,9.12010839356e-06
bothered,9.12010839356e-06
canvas,9.12010839356e-06
canyon,9.12010839356e-06
casey,9.12010839356e-06
cheek,9.12010839356e-06
chen,9.12010839356e-06
cincinnati,9.12010839356e-06
circular,9.12010839356e-06
circulation,9.12010839356e-06
clearance,9.12010839356e-06
closes,9.12010839356e-06
coincidence,9.12010839356e-06
comedian,9.12010839356e-06
commands,9.12010839356e-06
commissioned,9.12010839356e-06
concentrated,9.12010839356e-06
conscience,9.12010839356e-06
cooler,9.12010839356e-06
countless,9.12010839356e-06
curry,9.12010839356e-06
dame,9.12010839356e-06
deceased,9.12010839356e-06
dedication,9.12010839356e-06
defining,9.12010839356e-06
detention,9.12010839356e-06
disputes,9.12010839356e-06
drake,9.12010839356e-06
employ,9.12010839356e-06
enforce,9.12010839356e-06
explicit,9.12010839356e-06
explicitly,9.12010839356e-06
eyed,9.12010839356e-06
florence,9.12010839356e-06
flu,9.12010839356e-06
forbidden,9.12010839356e-06
fraction,9.12010839356e-06
hes,9.12010839356e-06
infantry,9.12010839356e-06
integral,9.12010839356e-06
investor,9.12010839356e-06
janet,9.12010839356e-06
judged,9.12010839356e-06
katie,9.12010839356e-06
kidnapped,9.12010839356e-06
lectures,9.12010839356e-06
lightly,9.12010839356e-06
linking,9.12010839356e-06
maintains,9.12010839356e-06
marble,9.12010839356e-06
maritime,9.12010839356e-06
melt,9.12010839356e-06
modes,9.12010839356e-06
monica,9.12010839356e-06
mumbai,9.12010839356e-06
nominee,9.12010839356e-06
oath,9.12010839356e-06
offence,9.12010839356e-06
packaging,9.12010839356e-06
patriots,9.12010839356e-06
pee,9.12010839356e-06
pillow,9.12010839356e-06
pirate,9.12010839356e-06
polar,9.12010839356e-06
prediction,9.12010839356e-06
preview,9.12010839356e-06
processed,9.12010839356e-06
pursuing,9.12010839356e-06
puzzle,9.12010839356e-06
rapper,9.12010839356e-06
rebecca,9.12010839356e-06
reconstruction,9.12010839356e-06
renowned,9.12010839356e-06
revelation,9.12010839356e-06
sara,9.12010839356e-06
scholar,9.12010839356e-06
sharks,9.12010839356e-06
shoots,9.12010839356e-06
skirt,9.12010839356e-06
socially,9.12010839356e-06
spa,9.12010839356e-06
spike,9.12010839356e-06
sprint,9.12010839356e-06
stir,9.12010839356e-06
stuffed,9.12010839356e-06
substantially,9.12010839356e-06
suburbs,9.12010839356e-06
superb,9.12010839356e-06
supposedly,9.12010839356e-06
tab,9.12010839356e-06
tendency,9.12010839356e-06
theirs,9.12010839356e-06
toast,9.12010839356e-06
toes,9.12010839356e-06
touchdown,9.12010839356e-06
traits,9.12010839356e-06
trek,9.12010839356e-06
tricky,9.12010839356e-06
triumph,9.12010839356e-06
uber,9.12010839356e-06
underwear,9.12010839356e-06
unto,9.12010839356e-06
viable,9.12010839356e-06
waist,9.12010839356e-06
welcomed,9.12010839356e-06
wit,9.12010839356e-06
wreck,9.12010839356e-06
absurd,8.91250938134e-06
accessories,8.91250938134e-06
adrian,8.91250938134e-06
advocates,8.91250938134e-06
ag,8.91250938134e-06
ambitious,8.91250938134e-06
amid,8.91250938134e-06
annoyed,8.91250938134e-06
appealing,8.91250938134e-06
appointments,8.91250938134e-06
assumptions,8.91250938134e-06
ballet,8.91250938134e-06
bargain,8.91250938134e-06
binary,8.91250938134e-06
blend,8.91250938134e-06
blogs,8.91250938134e-06
brake,8.91250938134e-06
builds,8.91250938134e-06
businessman,8.91250938134e-06
cab,8.91250938134e-06
ch,8.91250938134e-06
chi,8.91250938134e-06
col,8.91250938134e-06
collision,8.91250938134e-06
colombia,8.91250938134e-06
compassion,8.91250938134e-06
consumed,8.91250938134e-06
corrected,8.91250938134e-06
correction,8.91250938134e-06
cough,8.91250938134e-06
cousins,8.91250938134e-06
critic,8.91250938134e-06
czech,8.91250938134e-06
defenders,8.91250938134e-06
denying,8.91250938134e-06
depot,8.91250938134e-06
distress,8.91250938134e-06
documentation,8.91250938134e-06
doubts,8.91250938134e-06
dramatically,8.91250938134e-06
drank,8.91250938134e-06
dudes,8.91250938134e-06
eats,8.91250938134e-06
elegant,8.91250938134e-06
elevator,8.91250938134e-06
ellis,8.91250938134e-06
exchanges,8.91250938134e-06
excuses,8.91250938134e-06
execute,8.91250938134e-06
factories,8.91250938134e-06
feast,8.91250938134e-06
finland,8.91250938134e-06
frederick,8.91250938134e-06
frost,8.91250938134e-06
goin,8.91250938134e-06
herald,8.91250938134e-06
hike,8.91250938134e-06
hollow,8.91250938134e-06
homeland,8.91250938134e-06
imported,8.91250938134e-06
ing,8.91250938134e-06
internationally,8.91250938134e-06
iraqi,8.91250938134e-06
itunes,8.91250938134e-06
kane,8.91250938134e-06
kissed,8.91250938134e-06
lame,8.91250938134e-06
licensing,8.91250938134e-06
lily,8.91250938134e-06
limiting,8.91250938134e-06
locker,8.91250938134e-06
mainland,8.91250938134e-06
marking,8.91250938134e-06
meditation,8.91250938134e-06
messenger,8.91250938134e-06
metals,8.91250938134e-06
missiles,8.91250938134e-06
munich,8.91250938134e-06
norwegian,8.91250938134e-06
pencil,8.91250938134e-06
philosophical,8.91250938134e-06
pierre,8.91250938134e-06
pipes,8.91250938134e-06
plasma,8.91250938134e-06
plea,8.91250938134e-06
punish,8.91250938134e-06
purse,8.91250938134e-06
quarterback,8.91250938134e-06
reagan,8.91250938134e-06
ref,8.91250938134e-06
relieved,8.91250938134e-06
replies,8.91250938134e-06
reservation,8.91250938134e-06
rhetoric,8.91250938134e-06
rivals,8.91250938134e-06
rushing,8.91250938134e-06
salvation,8.91250938134e-06
sanctions,8.91250938134e-06
secular,8.91250938134e-06
sensitivity,8.91250938134e-06
shane,8.91250938134e-06
sigh,8.91250938134e-06
sixteen,8.91250938134e-06
sovereign,8.91250938134e-06
specifications,8.91250938134e-06
spends,8.91250938134e-06
spouse,8.91250938134e-06
stat,8.91250938134e-06
supervisor,8.91250938134e-06
synthetic,8.91250938134e-06
teaches,8.91250938134e-06
tense,8.91250938134e-06
terrifying,8.91250938134e-06
toyota,8.91250938134e-06
tracked,8.91250938134e-06
traders,8.91250938134e-06
troy,8.91250938134e-06
varieties,8.91250938134e-06
vegan,8.91250938134e-06
waking,8.91250938134e-06
walmart,8.91250938134e-06
wang,8.91250938134e-06
wilderness,8.91250938134e-06
admits,8.70963589956e-06
adviser,8.70963589956e-06
aggregate,8.70963589956e-06
anal,8.70963589956e-06
anatomy,8.70963589956e-06
annie,8.70963589956e-06
announces,8.70963589956e-06
applicants,8.70963589956e-06
automobile,8.70963589956e-06
barnes,8.70963589956e-06
breasts,8.70963589956e-06
cement,8.70963589956e-06
chess,8.70963589956e-06
citing,8.70963589956e-06
colonies,8.70963589956e-06
composite,8.70963589956e-06
consequently,8.70963589956e-06
consist,8.70963589956e-06
councils,8.70963589956e-06
cox,8.70963589956e-06
curtis,8.70963589956e-06
decorated,8.70963589956e-06
delegates,8.70963589956e-06
dreaming,8.70963589956e-06
dull,8.70963589956e-06
enables,8.70963589956e-06
fare,8.70963589956e-06
fashioned,8.70963589956e-06
feared,8.70963589956e-06
float,8.70963589956e-06
generator,8.70963589956e-06
grind,8.70963589956e-06
grinding,8.70963589956e-06
grove,8.70963589956e-06
guessing,8.70963589956e-06
gum,8.70963589956e-06
hobby,8.70963589956e-06
hunters,8.70963589956e-06
idol,8.70963589956e-06
illusion,8.70963589956e-06
incorrect,8.70963589956e-06
jun,8.70963589956e-06
junction,8.70963589956e-06
lance,8.70963589956e-06
leap,8.70963589956e-06
locate,8.70963589956e-06
locks,8.70963589956e-06
lou,8.70963589956e-06
lynch,8.70963589956e-06
manages,8.70963589956e-06
masses,8.70963589956e-06
medicare,8.70963589956e-06
modeling,8.70963589956e-06
motive,8.70963589956e-06
nazis,8.70963589956e-06
neighbourhood,8.70963589956e-06
networking,8.70963589956e-06
newer,8.70963589956e-06
newton,8.70963589956e-06
oppose,8.70963589956e-06
optimal,8.70963589956e-06
overtime,8.70963589956e-06
packs,8.70963589956e-06
permits,8.70963589956e-06
playstation,8.70963589956e-06
pops,8.70963589956e-06
postal,8.70963589956e-06
predictions,8.70963589956e-06
prep,8.70963589956e-06
profound,8.70963589956e-06
prosecutor,8.70963589956e-06
rebellion,8.70963589956e-06
recipient,8.70963589956e-06
refund,8.70963589956e-06
remembering,8.70963589956e-06
rescued,8.70963589956e-06
risky,8.70963589956e-06
robust,8.70963589956e-06
scam,8.70963589956e-06
sci,8.70963589956e-06
sep,8.70963589956e-06
shareholders,8.70963589956e-06
sided,8.70963589956e-06
simulation,8.70963589956e-06
sober,8.70963589956e-06
spice,8.70963589956e-06
squeeze,8.70963589956e-06
storms,8.70963589956e-06
supervision,8.70963589956e-06
suspects,8.70963589956e-06
swap,8.70963589956e-06
swept,8.70963589956e-06
terrain,8.70963589956e-06
terrified,8.70963589956e-06
themed,8.70963589956e-06
threaten,8.70963589956e-06
thrilled,8.70963589956e-06
towel,8.70963589956e-06
trio,8.70963589956e-06
tubes,8.70963589956e-06
unconscious,8.70963589956e-06
und,8.70963589956e-06
varies,8.70963589956e-06
vegetable,8.70963589956e-06
verified,8.70963589956e-06
vibe,8.70963589956e-06
virtue,8.70963589956e-06
wifi,8.70963589956e-06
wishing,8.70963589956e-06
workforce,8.70963589956e-06
zombie,8.70963589956e-06
acre,8.51138038202e-06
airports,8.51138038202e-06
alot,8.51138038202e-06
amen,8.51138038202e-06
andrews,8.51138038202e-06
arise,8.51138038202e-06
ashes,8.51138038202e-06
automotive,8.51138038202e-06
battlefield,8.51138038202e-06
begging,8.51138038202e-06
berkeley,8.51138038202e-06
bloom,8.51138038202e-06
bore,8.51138038202e-06
bundle,8.51138038202e-06
butterfly,8.51138038202e-06
buys,8.51138038202e-06
casualties,8.51138038202e-06
catches,8.51138038202e-06
chad,8.51138038202e-06
clown,8.51138038202e-06
committees,8.51138038202e-06
conjunction,8.51138038202e-06
costly,8.51138038202e-06
cows,8.51138038202e-06
cries,8.51138038202e-06
cuban,8.51138038202e-06
cycles,8.51138038202e-06
darker,8.51138038202e-06
davies,8.51138038202e-06
descent,8.51138038202e-06
desktop,8.51138038202e-06
dial,8.51138038202e-06
directory,8.51138038202e-06
disabilities,8.51138038202e-06
discharge,8.51138038202e-06
discusses,8.51138038202e-06
dodge,8.51138038202e-06
downs,8.51138038202e-06
drilling,8.51138038202e-06
drums,8.51138038202e-06
elimination,8.51138038202e-06
enjoys,8.51138038202e-06
es,8.51138038202e-06
espn,8.51138038202e-06
ginger,8.51138038202e-06
governors,8.51138038202e-06
guild,8.51138038202e-06
halt,8.51138038202e-06
han,8.51138038202e-06
henderson,8.51138038202e-06
ibm,8.51138038202e-06
imaging,8.51138038202e-06
implied,8.51138038202e-06
impress,8.51138038202e-06
inability,8.51138038202e-06
incoming,8.51138038202e-06
isaac,8.51138038202e-06
jar,8.51138038202e-06
kay,8.51138038202e-06
lb,8.51138038202e-06
leicester,8.51138038202e-06
liam,8.51138038202e-06
litigation,8.51138038202e-06
mentor,8.51138038202e-06
merchandise,8.51138038202e-06
minerals,8.51138038202e-06
miners,8.51138038202e-06
monk,8.51138038202e-06
neighborhoods,8.51138038202e-06
ni,8.51138038202e-06
noah,8.51138038202e-06
norm,8.51138038202e-06
obtaining,8.51138038202e-06
occupy,8.51138038202e-06
offended,8.51138038202e-06
orthodox,8.51138038202e-06
overhead,8.51138038202e-06
pac,8.51138038202e-06
painter,8.51138038202e-06
perth,8.51138038202e-06
pierce,8.51138038202e-06
pistol,8.51138038202e-06
printer,8.51138038202e-06
prone,8.51138038202e-06
raiders,8.51138038202e-06
readily,8.51138038202e-06
reflecting,8.51138038202e-06
regiment,8.51138038202e-06
remembers,8.51138038202e-06
reunion,8.51138038202e-06
revival,8.51138038202e-06
sanctuary,8.51138038202e-06
satan,8.51138038202e-06
satisfying,8.51138038202e-06
seas,8.51138038202e-06
securing,8.51138038202e-06
sensors,8.51138038202e-06
seoul,8.51138038202e-06
shells,8.51138038202e-06
siege,8.51138038202e-06
sixty,8.51138038202e-06
sleeve,8.51138038202e-06
sonic,8.51138038202e-06
soundtrack,8.51138038202e-06
speeches,8.51138038202e-06
spine,8.51138038202e-06
steering,8.51138038202e-06
substances,8.51138038202e-06
sullivan,8.51138038202e-06
sustain,8.51138038202e-06
tenure,8.51138038202e-06
texture,8.51138038202e-06
thankful,8.51138038202e-06
translate,8.51138038202e-06
treasurer,8.51138038202e-06
triangle,8.51138038202e-06
unclear,8.51138038202e-06
upgraded,8.51138038202e-06
venezuela,8.51138038202e-06
venice,8.51138038202e-06
vladimir,8.51138038202e-06
wizard,8.51138038202e-06
yankees,8.51138038202e-06
absorbed,8.31763771103e-06
admin,8.31763771103e-06
affection,8.31763771103e-06
airplane,8.31763771103e-06
altitude,8.31763771103e-06
athens,8.31763771103e-06
attributes,8.31763771103e-06
baked,8.31763771103e-06
baking,8.31763771103e-06
beautifully,8.31763771103e-06
betty,8.31763771103e-06
biblical,8.31763771103e-06
bmw,8.31763771103e-06
boo,8.31763771103e-06
cardiff,8.31763771103e-06
collapsed,8.31763771103e-06
coloured,8.31763771103e-06
competent,8.31763771103e-06
countryside,8.31763771103e-06
cracking,8.31763771103e-06
crane,8.31763771103e-06
debris,8.31763771103e-06
delegation,8.31763771103e-06
demographic,8.31763771103e-06
descriptions,8.31763771103e-06
donor,8.31763771103e-06
easiest,8.31763771103e-06
educate,8.31763771103e-06
enabling,8.31763771103e-06
enrolled,8.31763771103e-06
enrollment,8.31763771103e-06
essex,8.31763771103e-06
exceed,8.31763771103e-06
excluding,8.31763771103e-06
expressions,8.31763771103e-06
fierce,8.31763771103e-06
forgetting,8.31763771103e-06
gabriel,8.31763771103e-06
garlic,8.31763771103e-06
gaza,8.31763771103e-06
gratitude,8.31763771103e-06
hail,8.31763771103e-06
heroin,8.31763771103e-06
honda,8.31763771103e-06
hooked,8.31763771103e-06
illustration,8.31763771103e-06
impose,8.31763771103e-06
indicator,8.31763771103e-06
inequality,8.31763771103e-06
ins,8.31763771103e-06
interpreted,8.31763771103e-06
jamaica,8.31763771103e-06
joey,8.31763771103e-06
joshua,8.31763771103e-06
journals,8.31763771103e-06
leisure,8.31763771103e-06
lend,8.31763771103e-06
lengths,8.31763771103e-06
leon,8.31763771103e-06
lounge,8.31763771103e-06
luckily,8.31763771103e-06
manuscript,8.31763771103e-06
marco,8.31763771103e-06
marines,8.31763771103e-06
mint,8.31763771103e-06
molecules,8.31763771103e-06
montgomery,8.31763771103e-06
notification,8.31763771103e-06
nova,8.31763771103e-06
oakland,8.31763771103e-06
outline,8.31763771103e-06
pasta,8.31763771103e-06
pi,8.31763771103e-06
polite,8.31763771103e-06
productions,8.31763771103e-06
professors,8.31763771103e-06
quicker,8.31763771103e-06
randy,8.31763771103e-06
receipt,8.31763771103e-06
recognise,8.31763771103e-06
reliability,8.31763771103e-06
researcher,8.31763771103e-06
retailers,8.31763771103e-06
reviewing,8.31763771103e-06
romans,8.31763771103e-06
runway,8.31763771103e-06
sculpture,8.31763771103e-06
senses,8.31763771103e-06
sensor,8.31763771103e-06
seth,8.31763771103e-06
sharon,8.31763771103e-06
showcase,8.31763771103e-06
smoked,8.31763771103e-06
su,8.31763771103e-06
subsidiary,8.31763771103e-06
tampa,8.31763771103e-06
tenth,8.31763771103e-06
theology,8.31763771103e-06
topped,8.31763771103e-06
trails,8.31763771103e-06
underwater,8.31763771103e-06
uploaded,8.31763771103e-06
velocity,8.31763771103e-06
venues,8.31763771103e-06
wax,8.31763771103e-06
wikipedia,8.31763771103e-06
winston,8.31763771103e-06
yay,8.31763771103e-06
yu,8.31763771103e-06
accountability,8.12830516164e-06
aerial,8.12830516164e-06
albeit,8.12830516164e-06
alcoholic,8.12830516164e-06
amazed,8.12830516164e-06
ambition,8.12830516164e-06
ammunition,8.12830516164e-06
anthem,8.12830516164e-06
architects,8.12830516164e-06
automated,8.12830516164e-06
bake,8.12830516164e-06
batch,8.12830516164e-06
borrowed,8.12830516164e-06
carson,8.12830516164e-06
catalog,8.12830516164e-06
catalogue,8.12830516164e-06
charitable,8.12830516164e-06
christine,8.12830516164e-06
clicking,8.12830516164e-06
collector,8.12830516164e-06
compliment,8.12830516164e-06
consisted,8.12830516164e-06
continually,8.12830516164e-06
coordinator,8.12830516164e-06
damaging,8.12830516164e-06
danish,8.12830516164e-06
def,8.12830516164e-06
deployment,8.12830516164e-06
drafted,8.12830516164e-06
enjoyable,8.12830516164e-06
exotic,8.12830516164e-06
exterior,8.12830516164e-06
feminine,8.12830516164e-06
firearms,8.12830516164e-06
fountain,8.12830516164e-06
fury,8.12830516164e-06
gb,8.12830516164e-06
genocide,8.12830516164e-06
glance,8.12830516164e-06
glow,8.12830516164e-06
hay,8.12830516164e-06
headlines,8.12830516164e-06
hebrew,8.12830516164e-06
hometown,8.12830516164e-06
humanitarian,8.12830516164e-06
hungary,8.12830516164e-06
idaho,8.12830516164e-06
immunity,8.12830516164e-06
implementing,8.12830516164e-06
inherited,8.12830516164e-06
killers,8.12830516164e-06
labeled,8.12830516164e-06
lebron,8.12830516164e-06
liberation,8.12830516164e-06
likelihood,8.12830516164e-06
lone,8.12830516164e-06
massacre,8.12830516164e-06
meme,8.12830516164e-06
mitch,8.12830516164e-06
mod,8.12830516164e-06
nationalist,8.12830516164e-06
nationals,8.12830516164e-06
necessity,8.12830516164e-06
nickname,8.12830516164e-06
nixon,8.12830516164e-06
observer,8.12830516164e-06
offshore,8.12830516164e-06
optional,8.12830516164e-06
papa,8.12830516164e-06
parked,8.12830516164e-06
paste,8.12830516164e-06
pioneer,8.12830516164e-06
plaza,8.12830516164e-06
prescribed,8.12830516164e-06
pressures,8.12830516164e-06
prosperity,8.12830516164e-06
recreational,8.12830516164e-06
reds,8.12830516164e-06
refuge,8.12830516164e-06
religions,8.12830516164e-06
renewable,8.12830516164e-06
richardson,8.12830516164e-06
ricky,8.12830516164e-06
rode,8.12830516164e-06
ronald,8.12830516164e-06
sack,8.12830516164e-06
settlements,8.12830516164e-06
sheffield,8.12830516164e-06
shortage,8.12830516164e-06
skies,8.12830516164e-06
smarter,8.12830516164e-06
smiles,8.12830516164e-06
sophie,8.12830516164e-06
sphere,8.12830516164e-06
sponsors,8.12830516164e-06
stamps,8.12830516164e-06
stare,8.12830516164e-06
suburban,8.12830516164e-06
sung,8.12830516164e-06
suppliers,8.12830516164e-06
tablets,8.12830516164e-06
terribly,8.12830516164e-06
territorial,8.12830516164e-06
thirds,8.12830516164e-06
thriller,8.12830516164e-06
toss,8.12830516164e-06
transgender,8.12830516164e-06
troubled,8.12830516164e-06
turtle,8.12830516164e-06
ur,8.12830516164e-06
verbal,8.12830516164e-06
violated,8.12830516164e-06
vocals,8.12830516164e-06
wool,8.12830516164e-06
yang,8.12830516164e-06
accountable,7.94328234724e-06
advocacy,7.94328234724e-06
aftermath,7.94328234724e-06
aggression,7.94328234724e-06
analyzed,7.94328234724e-06
angles,7.94328234724e-06
arguably,7.94328234724e-06
armies,7.94328234724e-06
armstrong,7.94328234724e-06
assessed,7.94328234724e-06
attractions,7.94328234724e-06
balloon,7.94328234724e-06
beers,7.94328234724e-06
bells,7.94328234724e-06
blamed,7.94328234724e-06
blunt,7.94328234724e-06
boobs,7.94328234724e-06
bosses,7.94328234724e-06
brakes,7.94328234724e-06
brigade,7.94328234724e-06
bulgaria,7.94328234724e-06
burial,7.94328234724e-06
canceled,7.94328234724e-06
cardinal,7.94328234724e-06
champ,7.94328234724e-06
champagne,7.94328234724e-06
cheated,7.94328234724e-06
chorus,7.94328234724e-06
chrome,7.94328234724e-06
clarity,7.94328234724e-06
classics,7.94328234724e-06
cleaner,7.94328234724e-06
combining,7.94328234724e-06
conclude,7.94328234724e-06
confidential,7.94328234724e-06
coordination,7.94328234724e-06
cracks,7.94328234724e-06
cs,7.94328234724e-06
dancers,7.94328234724e-06
delaware,7.94328234724e-06
directing,7.94328234724e-06
discretion,7.94328234724e-06
ditch,7.94328234724e-06
dome,7.94328234724e-06
dope,7.94328234724e-06
drought,7.94328234724e-06
ducks,7.94328234724e-06
dumped,7.94328234724e-06
elevation,7.94328234724e-06
entrepreneurs,7.94328234724e-06
epa,7.94328234724e-06
esteem,7.94328234724e-06
eva,7.94328234724e-06
explored,7.94328234724e-06
fe,7.94328234724e-06
finances,7.94328234724e-06
finishes,7.94328234724e-06
fog,7.94328234724e-06
framed,7.94328234724e-06
fucks,7.94328234724e-06
gesture,7.94328234724e-06
ghana,7.94328234724e-06
gibson,7.94328234724e-06
gif,7.94328234724e-06
gilbert,7.94328234724e-06
gosh,7.94328234724e-06
griffin,7.94328234724e-06
historian,7.94328234724e-06
horizontal,7.94328234724e-06
hospitality,7.94328234724e-06
hostage,7.94328234724e-06
hottest,7.94328234724e-06
individually,7.94328234724e-06
inevitably,7.94328234724e-06
jeffrey,7.94328234724e-06
kenneth,7.94328234724e-06
lad,7.94328234724e-06
lakers,7.94328234724e-06
lasts,7.94328234724e-06
leagues,7.94328234724e-06
leslie,7.94328234724e-06
listings,7.94328234724e-06
literacy,7.94328234724e-06
marriages,7.94328234724e-06
migrants,7.94328234724e-06
mins,7.94328234724e-06
misleading,7.94328234724e-06
moisture,7.94328234724e-06
monument,7.94328234724e-06
mortality,7.94328234724e-06
ng,7.94328234724e-06
notices,7.94328234724e-06
obsession,7.94328234724e-06
opt,7.94328234724e-06
particle,7.94328234724e-06
peanut,7.94328234724e-06
penn,7.94328234724e-06
persistent,7.94328234724e-06
personalities,7.94328234724e-06
petroleum,7.94328234724e-06
pharmaceutical,7.94328234724e-06
progression,7.94328234724e-06
quinn,7.94328234724e-06
ra,7.94328234724e-06
rack,7.94328234724e-06
rebuild,7.94328234724e-06
recordings,7.94328234724e-06
rejection,7.94328234724e-06
relaxing,7.94328234724e-06
reservoir,7.94328234724e-06
respects,7.94328234724e-06
riley,7.94328234724e-06
scrap,7.94328234724e-06
sebastian,7.94328234724e-06
sensation,7.94328234724e-06
shaft,7.94328234724e-06
shepherd,7.94328234724e-06
shuttle,7.94328234724e-06
slope,7.94328234724e-06
snack,7.94328234724e-06
sounding,7.94328234724e-06
specialists,7.94328234724e-06
spotlight,7.94328234724e-06
stabbed,7.94328234724e-06
stern,7.94328234724e-06
stiff,7.94328234724e-06
striker,7.94328234724e-06
sudan,7.94328234724e-06
sued,7.94328234724e-06
sums,7.94328234724e-06
sworn,7.94328234724e-06
tel,7.94328234724e-06
terrific,7.94328234724e-06
theres,7.94328234724e-06
titans,7.94328234724e-06
tomatoes,7.94328234724e-06
tory,7.94328234724e-06
trafficking,7.94328234724e-06
transparency,7.94328234724e-06
trinity,7.94328234724e-06
unemployed,7.94328234724e-06
unite,7.94328234724e-06
unlock,7.94328234724e-06
vault,7.94328234724e-06
vet,7.94328234724e-06
vince,7.94328234724e-06
wagon,7.94328234724e-06
walt,7.94328234724e-06
withdrawn,7.94328234724e-06
accessed,7.76247116629e-06
adverse,7.76247116629e-06
aiming,7.76247116629e-06
allah,7.76247116629e-06
alumni,7.76247116629e-06
ana,7.76247116629e-06
awhile,7.76247116629e-06
aye,7.76247116629e-06
bastard,7.76247116629e-06
behaviors,7.76247116629e-06
bikes,7.76247116629e-06
biography,7.76247116629e-06
br,7.76247116629e-06
broker,7.76247116629e-06
browser,7.76247116629e-06
bury,7.76247116629e-06
cellular,7.76247116629e-06
cocktail,7.76247116629e-06
cod,7.76247116629e-06
conditioning,7.76247116629e-06
consuming,7.76247116629e-06
contracted,7.76247116629e-06
costumes,7.76247116629e-06
counseling,7.76247116629e-06
crews,7.76247116629e-06
cubs,7.76247116629e-06
cuz,7.76247116629e-06
dangers,7.76247116629e-06
designing,7.76247116629e-06
destructive,7.76247116629e-06
develops,7.76247116629e-06
dislike,7.76247116629e-06
doubled,7.76247116629e-06
doubles,7.76247116629e-06
economies,7.76247116629e-06
embedded,7.76247116629e-06
emerge,7.76247116629e-06
excluded,7.76247116629e-06
expects,7.76247116629e-06
farewell,7.76247116629e-06
feeds,7.76247116629e-06
fist,7.76247116629e-06
fond,7.76247116629e-06
foolish,7.76247116629e-06
frog,7.76247116629e-06
fry,7.76247116629e-06
garcia,7.76247116629e-06
gifted,7.76247116629e-06
hacking,7.76247116629e-06
hawks,7.76247116629e-06
heir,7.76247116629e-06
highlighted,7.76247116629e-06
holocaust,7.76247116629e-06
homer,7.76247116629e-06
hon,7.76247116629e-06
hopkins,7.76247116629e-06
imprisonment,7.76247116629e-06
indonesian,7.76247116629e-06
irs,7.76247116629e-06
isnt,7.76247116629e-06
jenny,7.76247116629e-06
ji,7.76247116629e-06
lacks,7.76247116629e-06
landlord,7.76247116629e-06
landmark,7.76247116629e-06
lanka,7.76247116629e-06
launches,7.76247116629e-06
leaning,7.76247116629e-06
liable,7.76247116629e-06
memphis,7.76247116629e-06
midst,7.76247116629e-06
misery,7.76247116629e-06
module,7.76247116629e-06
mommy,7.76247116629e-06
monroe,7.76247116629e-06
mosque,7.76247116629e-06
moss,7.76247116629e-06
museums,7.76247116629e-06
mvp,7.76247116629e-06
nursery,7.76247116629e-06
obamacare,7.76247116629e-06
onion,7.76247116629e-06
perspectives,7.76247116629e-06
peru,7.76247116629e-06
phrases,7.76247116629e-06
plague,7.76247116629e-06
plains,7.76247116629e-06
positively,7.76247116629e-06
powell,7.76247116629e-06
prevents,7.76247116629e-06
profiles,7.76247116629e-06
pursued,7.76247116629e-06
raids,7.76247116629e-06
recruit,7.76247116629e-06
resting,7.76247116629e-06
rex,7.76247116629e-06
rogue,7.76247116629e-06
roosevelt,7.76247116629e-06
salaries,7.76247116629e-06
sd,7.76247116629e-06
seated,7.76247116629e-06
sharply,7.76247116629e-06
showers,7.76247116629e-06
sincerely,7.76247116629e-06
sings,7.76247116629e-06
solidarity,7.76247116629e-06
specialty,7.76247116629e-06
supernatural,7.76247116629e-06
surprises,7.76247116629e-06
td,7.76247116629e-06
tens,7.76247116629e-06
thirteen,7.76247116629e-06
tomb,7.76247116629e-06
touring,7.76247116629e-06
traces,7.76247116629e-06
trademark,7.76247116629e-06
trim,7.76247116629e-06
umbrella,7.76247116629e-06
utilities,7.76247116629e-06
voyage,7.76247116629e-06
weaker,7.76247116629e-06
willie,7.76247116629e-06
yields,7.76247116629e-06
abbey,7.58577575029e-06
accepts,7.58577575029e-06
adjustment,7.58577575029e-06
andrea,7.58577575029e-06
assignments,7.58577575029e-06
attachment,7.58577575029e-06
baron,7.58577575029e-06
beatles,7.58577575029e-06
belfast,7.58577575029e-06
blah,7.58577575029e-06
blaming,7.58577575029e-06
bomber,7.58577575029e-06
bt,7.58577575029e-06
bunny,7.58577575029e-06
candle,7.58577575029e-06
carved,7.58577575029e-06
choir,7.58577575029e-06
clutch,7.58577575029e-06
coconut,7.58577575029e-06
committing,7.58577575029e-06
comprising,7.58577575029e-06
confession,7.58577575029e-06
consume,7.58577575029e-06
corridor,7.58577575029e-06
credibility,7.58577575029e-06
credited,7.58577575029e-06
critically,7.58577575029e-06
dem,7.58577575029e-06
distracted,7.58577575029e-06
dm,7.58577575029e-06
dolphins,7.58577575029e-06
estates,7.58577575029e-06
ferguson,7.58577575029e-06
ferrari,7.58577575029e-06
filters,7.58577575029e-06
fools,7.58577575029e-06
fourteen,7.58577575029e-06
fu,7.58577575029e-06
geometry,7.58577575029e-06
gf,7.58577575029e-06
ghosts,7.58577575029e-06
gossip,7.58577575029e-06
gp,7.58577575029e-06
grandparents,7.58577575029e-06
haul,7.58577575029e-06
header,7.58577575029e-06
headphones,7.58577575029e-06
highways,7.58577575029e-06
holly,7.58577575029e-06
immense,7.58577575029e-06
imports,7.58577575029e-06
incentives,7.58577575029e-06
interfere,7.58577575029e-06
intersection,7.58577575029e-06
investigators,7.58577575029e-06
juvenile,7.58577575029e-06
karma,7.58577575029e-06
ki,7.58577575029e-06
knocking,7.58577575029e-06
kurt,7.58577575029e-06
leaks,7.58577575029e-06
leverage,7.58577575029e-06
lil,7.58577575029e-06
lining,7.58577575029e-06
luther,7.58577575029e-06
manila,7.58577575029e-06
mankind,7.58577575029e-06
mapping,7.58577575029e-06
masks,7.58577575029e-06
med,7.58577575029e-06
metric,7.58577575029e-06
militia,7.58577575029e-06
naming,7.58577575029e-06
ncaa,7.58577575029e-06
nike,7.58577575029e-06
node,7.58577575029e-06
obstacles,7.58577575029e-06
opener,7.58577575029e-06
overwhelmed,7.58577575029e-06
performers,7.58577575029e-06
pg,7.58577575029e-06
pl,7.58577575029e-06
pointless,7.58577575029e-06
poles,7.58577575029e-06
preferences,7.58577575029e-06
prompted,7.58577575029e-06
proximity,7.58577575029e-06
qualification,7.58577575029e-06
qualifications,7.58577575029e-06
ranger,7.58577575029e-06
rendered,7.58577575029e-06
rented,7.58577575029e-06
reversed,7.58577575029e-06
robbed,7.58577575029e-06
sadness,7.58577575029e-06
scenarios,7.58577575029e-06
selective,7.58577575029e-06
seniors,7.58577575029e-06
sf,7.58577575029e-06
shiny,7.58577575029e-06
socialism,7.58577575029e-06
sour,7.58577575029e-06
spoon,7.58577575029e-06
stressful,7.58577575029e-06
stretched,7.58577575029e-06
sucking,7.58577575029e-06
teddy,7.58577575029e-06
tenants,7.58577575029e-06
terrace,7.58577575029e-06
thief,7.58577575029e-06
transported,7.58577575029e-06
tribunal,7.58577575029e-06
undoubtedly,7.58577575029e-06
uniforms,7.58577575029e-06
verify,7.58577575029e-06
villain,7.58577575029e-06
whats,7.58577575029e-06
whistle,7.58577575029e-06
workshops,7.58577575029e-06
yale,7.58577575029e-06
yearly,7.58577575029e-06
yemen,7.58577575029e-06
abusive,7.41310241301e-06
alley,7.41310241301e-06
announcing,7.41310241301e-06
appetite,7.41310241301e-06
backyard,7.41310241301e-06
beth,7.41310241301e-06
beverly,7.41310241301e-06
bids,7.41310241301e-06
billboard,7.41310241301e-06
blades,7.41310241301e-06
boris,7.41310241301e-06
bully,7.41310241301e-06
burke,7.41310241301e-06
cables,7.41310241301e-06
calculate,7.41310241301e-06
calculations,7.41310241301e-06
chicks,7.41310241301e-06
conceived,7.41310241301e-06
consult,7.41310241301e-06
crashes,7.41310241301e-06
crowds,7.41310241301e-06
cunt,7.41310241301e-06
damned,7.41310241301e-06
dissolved,7.41310241301e-06
distinguish,7.41310241301e-06
dominate,7.41310241301e-06
dynasty,7.41310241301e-06
economist,7.41310241301e-06
endorsed,7.41310241301e-06
europeans,7.41310241301e-06
examining,7.41310241301e-06
extensively,7.41310241301e-06
fda,7.41310241301e-06
festivals,7.41310241301e-06
forehead,7.41310241301e-06
foreigners,7.41310241301e-06
forgiveness,7.41310241301e-06
gem,7.41310241301e-06
glen,7.41310241301e-06
graves,7.41310241301e-06
gregory,7.41310241301e-06
haunted,7.41310241301e-06
hayes,7.41310241301e-06
heather,7.41310241301e-06
hiking,7.41310241301e-06
hypothesis,7.41310241301e-06
illegally,7.41310241301e-06
illustrations,7.41310241301e-06
inclined,7.41310241301e-06
informal,7.41310241301e-06
jew,7.41310241301e-06
learnt,7.41310241301e-06
lending,7.41310241301e-06
marker,7.41310241301e-06
marsh,7.41310241301e-06
marshal,7.41310241301e-06
maturity,7.41310241301e-06
maya,7.41310241301e-06
messy,7.41310241301e-06
mia,7.41310241301e-06
minneapolis,7.41310241301e-06
molly,7.41310241301e-06
morrison,7.41310241301e-06
mtv,7.41310241301e-06
muhammad,7.41310241301e-06
neighboring,7.41310241301e-06
neighbours,7.41310241301e-06
ninja,7.41310241301e-06
optimistic,7.41310241301e-06
outlined,7.41310241301e-06
owl,7.41310241301e-06
parenting,7.41310241301e-06
peaks,7.41310241301e-06
pharmacy,7.41310241301e-06
pools,7.41310241301e-06
preparations,7.41310241301e-06
problematic,7.41310241301e-06
proceeded,7.41310241301e-06
processor,7.41310241301e-06
promotional,7.41310241301e-06
pros,7.41310241301e-06
prospective,7.41310241301e-06
psychiatric,7.41310241301e-06
regulate,7.41310241301e-06
renaissance,7.41310241301e-06
repeal,7.41310241301e-06
reuters,7.41310241301e-06
riots,7.41310241301e-06
roast,7.41310241301e-06
robertson,7.41310241301e-06
rubbish,7.41310241301e-06
saga,7.41310241301e-06
salon,7.41310241301e-06
seventeen,7.41310241301e-06
shields,7.41310241301e-06
sliding,7.41310241301e-06
sodium,7.41310241301e-06
surplus,7.41310241301e-06
swallow,7.41310241301e-06
systematic,7.41310241301e-06
theaters,7.41310241301e-06
transmitted,7.41310241301e-06
tuned,7.41310241301e-06
unacceptable,7.41310241301e-06
unaware,7.41310241301e-06
uncommon,7.41310241301e-06
underway,7.41310241301e-06
unified,7.41310241301e-06
unstable,7.41310241301e-06
upstairs,7.41310241301e-06
vague,7.41310241301e-06
wee,7.41310241301e-06
woo,7.41310241301e-06
xd,7.41310241301e-06
zip,7.41310241301e-06
abs,7.24435960075e-06
abundance,7.24435960075e-06
advancing,7.24435960075e-06
ahh,7.24435960075e-06
alberta,7.24435960075e-06
ant,7.24435960075e-06
antique,7.24435960075e-06
autonomy,7.24435960075e-06
baptist,7.24435960075e-06
behavioral,7.24435960075e-06
biden,7.24435960075e-06
booking,7.24435960075e-06
breeze,7.24435960075e-06
brett,7.24435960075e-06
browns,7.24435960075e-06
canadians,7.24435960075e-06
carnival,7.24435960075e-06
commodity,7.24435960075e-06
congressman,7.24435960075e-06
containers,7.24435960075e-06
cooperative,7.24435960075e-06
coral,7.24435960075e-06
correlation,7.24435960075e-06
correspondent,7.24435960075e-06
coupon,7.24435960075e-06
covid,7.24435960075e-06
crosses,7.24435960075e-06
curtain,7.24435960075e-06
curves,7.24435960075e-06
defines,7.24435960075e-06
delivers,7.24435960075e-06
demonstrates,7.24435960075e-06
dentist,7.24435960075e-06
dodgers,7.24435960075e-06
dough,7.24435960075e-06
dug,7.24435960075e-06
endangered,7.24435960075e-06
envelope,7.24435960075e-06
exhibited,7.24435960075e-06
fade,7.24435960075e-06
fatigue,7.24435960075e-06
fellowship,7.24435960075e-06
fictional,7.24435960075e-06
fragile,7.24435960075e-06
fringe,7.24435960075e-06
fulfill,7.24435960075e-06
gaps,7.24435960075e-06
granite,7.24435960075e-06
greens,7.24435960075e-06
handbook,7.24435960075e-06
hardy,7.24435960075e-06
honors,7.24435960075e-06
insights,7.24435960075e-06
instinct,7.24435960075e-06
inviting,7.24435960075e-06
irony,7.24435960075e-06
ivan,7.24435960075e-06
joyce,7.24435960075e-06
judgement,7.24435960075e-06
judiciary,7.24435960075e-06
jumps,7.24435960075e-06
lads,7.24435960075e-06
legion,7.24435960075e-06
lethal,7.24435960075e-06
lime,7.24435960075e-06
lively,7.24435960075e-06
logistics,7.24435960075e-06
lowered,7.24435960075e-06
lynn,7.24435960075e-06
maid,7.24435960075e-06
manning,7.24435960075e-06
manuel,7.24435960075e-06
maple,7.24435960075e-06
mickey,7.24435960075e-06
midfielder,7.24435960075e-06
mindset,7.24435960075e-06
mistress,7.24435960075e-06
moms,7.24435960075e-06
mon,7.24435960075e-06
monkeys,7.24435960075e-06
morality,7.24435960075e-06
mortal,7.24435960075e-06
mounting,7.24435960075e-06
nonprofit,7.24435960075e-06
nsa,7.24435960075e-06
oils,7.24435960075e-06
operative,7.24435960075e-06
outs,7.24435960075e-06
owed,7.24435960075e-06
panama,7.24435960075e-06
patches,7.24435960075e-06
pickup,7.24435960075e-06
portraits,7.24435960075e-06
pouring,7.24435960075e-06
prestigious,7.24435960075e-06
prompt,7.24435960075e-06
quantities,7.24435960075e-06
radius,7.24435960075e-06
referee,7.24435960075e-06
relay,7.24435960075e-06
rig,7.24435960075e-06
risen,7.24435960075e-06
rows,7.24435960075e-06
sacramento,7.24435960075e-06
scroll,7.24435960075e-06
searches,7.24435960075e-06
sh,7.24435960075e-06
smiled,7.24435960075e-06
snacks,7.24435960075e-06
snakes,7.24435960075e-06
sovereignty,7.24435960075e-06
strips,7.24435960075e-06
stunt,7.24435960075e-06
subjected,7.24435960075e-06
sucked,7.24435960075e-06
sunlight,7.24435960075e-06
surf,7.24435960075e-06
symbolic,7.24435960075e-06
sync,7.24435960075e-06
taxpayer,7.24435960075e-06
tempted,7.24435960075e-06
thrust,7.24435960075e-06
trevor,7.24435960075e-06
trilogy,7.24435960075e-06
url,7.24435960075e-06
weights,7.24435960075e-06
wheelchair,7.24435960075e-06
whore,7.24435960075e-06
wiped,7.24435960075e-06
yahoo,7.24435960075e-06
youre,7.24435960075e-06
yourselves,7.24435960075e-06
accompanying,7.07945784384e-06
accusations,7.07945784384e-06
acids,7.07945784384e-06
administrators,7.07945784384e-06
aired,7.07945784384e-06
allowance,7.07945784384e-06
andre,7.07945784384e-06
apologies,7.07945784384e-06
arbitrary,7.07945784384e-06
atm,7.07945784384e-06
autonomous,7.07945784384e-06
averaged,7.07945784384e-06
bait,7.07945784384e-06
bark,7.07945784384e-06
bets,7.07945784384e-06
blogger,7.07945784384e-06
bra,7.07945784384e-06
brighton,7.07945784384e-06
brotherhood,7.07945784384e-06
buddhist,7.07945784384e-06
builder,7.07945784384e-06
cakes,7.07945784384e-06
carriage,7.07945784384e-06
celebrations,7.07945784384e-06
censorship,7.07945784384e-06
cf,7.07945784384e-06
cl,7.07945784384e-06
clarify,7.07945784384e-06
climbed,7.07945784384e-06
comp,7.07945784384e-06
compilation,7.07945784384e-06
composer,7.07945784384e-06
comprises,7.07945784384e-06
constitute,7.07945784384e-06
correspondence,7.07945784384e-06
cowboy,7.07945784384e-06
defendants,7.07945784384e-06
desirable,7.07945784384e-06
devastating,7.07945784384e-06
diagram,7.07945784384e-06
dismiss,7.07945784384e-06
editions,7.07945784384e-06
erected,7.07945784384e-06
explorer,7.07945784384e-06
farther,7.07945784384e-06
favorable,7.07945784384e-06
feminism,7.07945784384e-06
flaws,7.07945784384e-06
forums,7.07945784384e-06
freed,7.07945784384e-06
galleries,7.07945784384e-06
gasoline,7.07945784384e-06
genesis,7.07945784384e-06
geographical,7.07945784384e-06
governed,7.07945784384e-06
governmental,7.07945784384e-06
grandson,7.07945784384e-06
halls,7.07945784384e-06
handles,7.07945784384e-06
heavier,7.07945784384e-06
herbert,7.07945784384e-06
hints,7.07945784384e-06
incomplete,7.07945784384e-06
incorporate,7.07945784384e-06
interrupted,7.07945784384e-06
ivory,7.07945784384e-06
kerry,7.07945784384e-06
kirk,7.07945784384e-06
lang,7.07945784384e-06
lengthy,7.07945784384e-06
levy,7.07945784384e-06
lp,7.07945784384e-06
manipulation,7.07945784384e-06
merchants,7.07945784384e-06
misses,7.07945784384e-06
mlb,7.07945784384e-06
mock,7.07945784384e-06
necklace,7.07945784384e-06
niche,7.07945784384e-06
nina,7.07945784384e-06
obscure,7.07945784384e-06
ot,7.07945784384e-06
para,7.07945784384e-06
peterson,7.07945784384e-06
popped,7.07945784384e-06
porch,7.07945784384e-06
portrayed,7.07945784384e-06
possessed,7.07945784384e-06
princeton,7.07945784384e-06
proposition,7.07945784384e-06
railways,7.07945784384e-06
readings,7.07945784384e-06
recession,7.07945784384e-06
richards,7.07945784384e-06
rim,7.07945784384e-06
seals,7.07945784384e-06
secondly,7.07945784384e-06
sequences,7.07945784384e-06
settling,7.07945784384e-06
sherman,7.07945784384e-06
spinal,7.07945784384e-06
spiral,7.07945784384e-06
spit,7.07945784384e-06
splash,7.07945784384e-06
stretching,7.07945784384e-06
successive,7.07945784384e-06
superhero,7.07945784384e-06
taxpayers,7.07945784384e-06
therapeutic,7.07945784384e-06
threads,7.07945784384e-06
ti,7.07945784384e-06
timely,7.07945784384e-06
tomato,7.07945784384e-06
tub,7.07945784384e-06
ufc,7.07945784384e-06
undergraduate,7.07945784384e-06
undertaken,7.07945784384e-06
uranium,7.07945784384e-06
utter,7.07945784384e-06
vietnamese,7.07945784384e-06
volleyball,7.07945784384e-06
walsh,7.07945784384e-06
wires,7.07945784384e-06
yell,7.07945784384e-06
advertisement,6.91830970919e-06
analysts,6.91830970919e-06
analyze,6.91830970919e-06
atmospheric,6.91830970919e-06
bangkok,6.91830970919e-06
batting,6.91830970919e-06
bb,6.91830970919e-06
bitches,6.91830970919e-06
bracket,6.91830970919e-06
branded,6.91830970919e-06
bryant,6.91830970919e-06
cairo,6.91830970919e-06
cardiac,6.91830970919e-06
catholics,6.91830970919e-06
commanding,6.91830970919e-06
confirms,6.91830970919e-06
confronted,6.91830970919e-06
crashing,6.91830970919e-06
crawford,6.91830970919e-06
creep,6.91830970919e-06
daylight,6.91830970919e-06
dee,6.91830970919e-06
dems,6.91830970919e-06
devon,6.91830970919e-06
disclose,6.91830970919e-06
doe,6.91830970919e-06
donna,6.91830970919e-06
elbow,6.91830970919e-06
encourages,6.91830970919e-06
enthusiastic,6.91830970919e-06
envy,6.91830970919e-06
establishments,6.91830970919e-06
exile,6.91830970919e-06
exploitation,6.91830970919e-06
felix,6.91830970919e-06
futures,6.91830970919e-06
gel,6.91830970919e-06
genetics,6.91830970919e-06
goose,6.91830970919e-06
grill,6.91830970919e-06
grounded,6.91830970919e-06
hating,6.91830970919e-06
heel,6.91830970919e-06
heroic,6.91830970919e-06
hut,6.91830970919e-06
inmates,6.91830970919e-06
instructed,6.91830970919e-06
ira,6.91830970919e-06
jenkins,6.91830970919e-06
johns,6.91830970919e-06
knives,6.91830970919e-06
louisville,6.91830970919e-06
malaysian,6.91830970919e-06
margins,6.91830970919e-06
marina,6.91830970919e-06
mat,6.91830970919e-06
melissa,6.91830970919e-06
milton,6.91830970919e-06
miranda,6.91830970919e-06
ml,6.91830970919e-06
monopoly,6.91830970919e-06
nash,6.91830970919e-06
nationally,6.91830970919e-06
nobel,6.91830970919e-06
norfolk,6.91830970919e-06
outrage,6.91830970919e-06
owning,6.91830970919e-06
pains,6.91830970919e-06
paperwork,6.91830970919e-06
pdf,6.91830970919e-06
pitched,6.91830970919e-06
poets,6.91830970919e-06
poisoning,6.91830970919e-06
promptly,6.91830970919e-06
que,6.91830970919e-06
rains,6.91830970919e-06
recovering,6.91830970919e-06
renewal,6.91830970919e-06
repeating,6.91830970919e-06
rifles,6.91830970919e-06
robbie,6.91830970919e-06
ruler,6.91830970919e-06
screams,6.91830970919e-06
sellers,6.91830970919e-06
sights,6.91830970919e-06
sincere,6.91830970919e-06
skating,6.91830970919e-06
skiing,6.91830970919e-06
slaughter,6.91830970919e-06
smashed,6.91830970919e-06
sox,6.91830970919e-06
sperm,6.91830970919e-06
spill,6.91830970919e-06
steadily,6.91830970919e-06
stripped,6.91830970919e-06
supplier,6.91830970919e-06
swamp,6.91830970919e-06
swan,6.91830970919e-06
switches,6.91830970919e-06
synthesis,6.91830970919e-06
tasty,6.91830970919e-06
tattoos,6.91830970919e-06
teammate,6.91830970919e-06
testify,6.91830970919e-06
tolerate,6.91830970919e-06
tournaments,6.91830970919e-06
travelers,6.91830970919e-06
treason,6.91830970919e-06
trustees,6.91830970919e-06
typing,6.91830970919e-06
urine,6.91830970919e-06
vanilla,6.91830970919e-06
vermont,6.91830970919e-06
vic,6.91830970919e-06
vii,6.91830970919e-06
violet,6.91830970919e-06
weighing,6.91830970919e-06
wendy,6.91830970919e-06
activation,6.76082975392e-06
afghan,6.76082975392e-06
afterward,6.76082975392e-06
agreeing,6.76082975392e-06
ahmed,6.76082975392e-06
allocated,6.76082975392e-06
appealed,6.76082975392e-06
applause,6.76082975392e-06
bald,6.76082975392e-06
barrels,6.76082975392e-06
boil,6.76082975392e-06
borough,6.76082975392e-06
boyd,6.76082975392e-06
bp,6.76082975392e-06
breakthrough,6.76082975392e-06
calif,6.76082975392e-06
ce,6.76082975392e-06
charities,6.76082975392e-06
cheering,6.76082975392e-06
chooses,6.76082975392e-06
churchill,6.76082975392e-06
combinations,6.76082975392e-06
commenting,6.76082975392e-06
competitions,6.76082975392e-06
cone,6.76082975392e-06
connects,6.76082975392e-06
convey,6.76082975392e-06
critique,6.76082975392e-06
crushing,6.76082975392e-06
curved,6.76082975392e-06
cyrus,6.76082975392e-06
decay,6.76082975392e-06
declining,6.76082975392e-06
depressing,6.76082975392e-06
dessert,6.76082975392e-06
destinations,6.76082975392e-06
diagnostic,6.76082975392e-06
diane,6.76082975392e-06
differential,6.76082975392e-06
discourse,6.76082975392e-06
distances,6.76082975392e-06
dominance,6.76082975392e-06
donors,6.76082975392e-06
downloaded,6.76082975392e-06
economically,6.76082975392e-06
entertain,6.76082975392e-06
evaluated,6.76082975392e-06
exploit,6.76082975392e-06
fireworks,6.76082975392e-06
flown,6.76082975392e-06
floyd,6.76082975392e-06
founders,6.76082975392e-06
freeman,6.76082975392e-06
gandhi,6.76082975392e-06
gateway,6.76082975392e-06
ge,6.76082975392e-06
guarantees,6.76082975392e-06
humidity,6.76082975392e-06
humour,6.76082975392e-06
imagery,6.76082975392e-06
imply,6.76082975392e-06
indicators,6.76082975392e-06
inherent,6.76082975392e-06
inland,6.76082975392e-06
inning,6.76082975392e-06
innocence,6.76082975392e-06
investigator,6.76082975392e-06
isle,6.76082975392e-06
ivy,6.76082975392e-06
justification,6.76082975392e-06
ka,6.76082975392e-06
katherine,6.76082975392e-06
lego,6.76082975392e-06
licenses,6.76082975392e-06
livestock,6.76082975392e-06
liz,6.76082975392e-06
llc,6.76082975392e-06
mafia,6.76082975392e-06
manners,6.76082975392e-06
merry,6.76082975392e-06
mick,6.76082975392e-06
missionary,6.76082975392e-06
nationalism,6.76082975392e-06
naughty,6.76082975392e-06
nepal,6.76082975392e-06
newman,6.76082975392e-06
notified,6.76082975392e-06
notorious,6.76082975392e-06
obey,6.76082975392e-06
olivia,6.76082975392e-06
organizational,6.76082975392e-06
outfits,6.76082975392e-06
outright,6.76082975392e-06
overly,6.76082975392e-06
oversight,6.76082975392e-06
panthers,6.76082975392e-06
persian,6.76082975392e-06
phases,6.76082975392e-06
photographers,6.76082975392e-06
polling,6.76082975392e-06
popping,6.76082975392e-06
prisons,6.76082975392e-06
prototype,6.76082975392e-06
pumpkin,6.76082975392e-06
pumps,6.76082975392e-06
punched,6.76082975392e-06
ramp,6.76082975392e-06
rand,6.76082975392e-06
reactor,6.76082975392e-06
reef,6.76082975392e-06
refined,6.76082975392e-06
refreshing,6.76082975392e-06
refusal,6.76082975392e-06
reinforced,6.76082975392e-06
remedies,6.76082975392e-06
reset,6.76082975392e-06
sage,6.76082975392e-06
shave,6.76082975392e-06
sickness,6.76082975392e-06
simpler,6.76082975392e-06
sinking,6.76082975392e-06
slots,6.76082975392e-06
sorted,6.76082975392e-06
sq,6.76082975392e-06
staged,6.76082975392e-06
startup,6.76082975392e-06
statute,6.76082975392e-06
stems,6.76082975392e-06
straightforward,6.76082975392e-06
strengths,6.76082975392e-06
suffers,6.76082975392e-06
superstar,6.76082975392e-06
telecommunications,6.76082975392e-06
thieves,6.76082975392e-06
thoughtful,6.76082975392e-06
thru,6.76082975392e-06
tissues,6.76082975392e-06
toddler,6.76082975392e-06
utilized,6.76082975392e-06
vicious,6.76082975392e-06
victories,6.76082975392e-06
vikings,6.76082975392e-06
vodka,6.76082975392e-06
vr,6.76082975392e-06
wholly,6.76082975392e-06
zoom,6.76082975392e-06
accidental,6.60693448008e-06
accounted,6.60693448008e-06
addicted,6.60693448008e-06
adjustments,6.60693448008e-06
apollo,6.60693448008e-06
archbishop,6.60693448008e-06
assassination,6.60693448008e-06
athletics,6.60693448008e-06
basics,6.60693448008e-06
bats,6.60693448008e-06
belgian,6.60693448008e-06
bibliography,6.60693448008e-06
bot,6.60693448008e-06
broadly,6.60693448008e-06
calcium,6.60693448008e-06
calvin,6.60693448008e-06
candles,6.60693448008e-06
capita,6.60693448008e-06
certainty,6.60693448008e-06
cheeks,6.60693448008e-06
chickens,6.60693448008e-06
christina,6.60693448008e-06
citation,6.60693448008e-06
clues,6.60693448008e-06
collectively,6.60693448008e-06
commercials,6.60693448008e-06
commissions,6.60693448008e-06
compression,6.60693448008e-06
comprised,6.60693448008e-06
confess,6.60693448008e-06
confined,6.60693448008e-06
congregation,6.60693448008e-06
consolidated,6.60693448008e-06
coordinate,6.60693448008e-06
coordinates,6.60693448008e-06
cube,6.60693448008e-06
dana,6.60693448008e-06
declaring,6.60693448008e-06
decoration,6.60693448008e-06
decree,6.60693448008e-06
definitions,6.60693448008e-06
deliberate,6.60693448008e-06
despair,6.60693448008e-06
discovering,6.60693448008e-06
dividend,6.60693448008e-06
dragging,6.60693448008e-06
drift,6.60693448008e-06
dye,6.60693448008e-06
eden,6.60693448008e-06
educators,6.60693448008e-06
electron,6.60693448008e-06
endure,6.60693448008e-06
enzyme,6.60693448008e-06
evolutionary,6.60693448008e-06
exhibits,6.60693448008e-06
extensions,6.60693448008e-06
fellows,6.60693448008e-06
fragments,6.60693448008e-06
fraser,6.60693448008e-06
fuels,6.60693448008e-06
geological,6.60693448008e-06
globally,6.60693448008e-06
grams,6.60693448008e-06
guru,6.60693448008e-06
hacked,6.60693448008e-06
hans,6.60693448008e-06
hatch,6.60693448008e-06
hindi,6.60693448008e-06
historians,6.60693448008e-06
hm,6.60693448008e-06
hormone,6.60693448008e-06
inadequate,6.60693448008e-06
indianapolis,6.60693448008e-06
infinity,6.60693448008e-06
intentionally,6.60693448008e-06
joints,6.60693448008e-06
kilometers,6.60693448008e-06
labs,6.60693448008e-06
lace,6.60693448008e-06
libya,6.60693448008e-06
losers,6.60693448008e-06
louder,6.60693448008e-06
maiden,6.60693448008e-06
marching,6.60693448008e-06
marketplace,6.60693448008e-06
membrane,6.60693448008e-06
messing,6.60693448008e-06
metallic,6.60693448008e-06
methodology,6.60693448008e-06
modifications,6.60693448008e-06
monitors,6.60693448008e-06
murderer,6.60693448008e-06
nap,6.60693448008e-06
nickel,6.60693448008e-06
niece,6.60693448008e-06
nm,6.60693448008e-06
nominations,6.60693448008e-06
numbered,6.60693448008e-06
offerings,6.60693448008e-06
overlooked,6.60693448008e-06
pardon,6.60693448008e-06
partnerships,6.60693448008e-06
persuade,6.60693448008e-06
pier,6.60693448008e-06
poured,6.60693448008e-06
practiced,6.60693448008e-06
predecessor,6.60693448008e-06
premise,6.60693448008e-06
quiz,6.60693448008e-06
rainfall,6.60693448008e-06
recipients,6.60693448008e-06
reckless,6.60693448008e-06
redemption,6.60693448008e-06
relates,6.60693448008e-06
relied,6.60693448008e-06
remedy,6.60693448008e-06
replay,6.60693448008e-06
revision,6.60693448008e-06
rooted,6.60693448008e-06
scent,6.60693448008e-06
slate,6.60693448008e-06
spells,6.60693448008e-06
stimulus,6.60693448008e-06
strengthening,6.60693448008e-06
structured,6.60693448008e-06
sunrise,6.60693448008e-06
surge,6.60693448008e-06
tagged,6.60693448008e-06
tags,6.60693448008e-06
tapes,6.60693448008e-06
tee,6.60693448008e-06
testified,6.60693448008e-06
timothy,6.60693448008e-06
token,6.60693448008e-06
tornado,6.60693448008e-06
tracy,6.60693448008e-06
tunes,6.60693448008e-06
tunnels,6.60693448008e-06
twilight,6.60693448008e-06
unprecedented,6.60693448008e-06
vagina,6.60693448008e-06
verses,6.60693448008e-06
vocabulary,6.60693448008e-06
wellington,6.60693448008e-06
whoa,6.60693448008e-06
willingness,6.60693448008e-06
woody,6.60693448008e-06
worthless,6.60693448008e-06
yacht,6.60693448008e-06
aberdeen,6.45654229035e-06
absorb,6.45654229035e-06
accompany,6.45654229035e-06
accord,6.45654229035e-06
advancement,6.45654229035e-06
albany,6.45654229035e-06
algorithms,6.45654229035e-06
alt,6.45654229035e-06
alternatively,6.45654229035e-06
anglo,6.45654229035e-06
archer,6.45654229035e-06
asap,6.45654229035e-06
assurance,6.45654229035e-06
barber,6.45654229035e-06
bash,6.45654229035e-06
battalion,6.45654229035e-06
bidding,6.45654229035e-06
boycott,6.45654229035e-06
bricks,6.45654229035e-06
bruno,6.45654229035e-06
buddies,6.45654229035e-06
bulgarian,6.45654229035e-06
carpenter,6.45654229035e-06
ceased,6.45654229035e-06
chester,6.45654229035e-06
coding,6.45654229035e-06
competitor,6.45654229035e-06
creators,6.45654229035e-06
cuisine,6.45654229035e-06
detained,6.45654229035e-06
dioxide,6.45654229035e-06
dolls,6.45654229035e-06
doom,6.45654229035e-06
dubbed,6.45654229035e-06
ea,6.45654229035e-06
eclipse,6.45654229035e-06
eighteen,6.45654229035e-06
eleanor,6.45654229035e-06
elephants,6.45654229035e-06
enjoyment,6.45654229035e-06
exhaust,6.45654229035e-06
expired,6.45654229035e-06
flee,6.45654229035e-06
forbes,6.45654229035e-06
forwards,6.45654229035e-06
fries,6.45654229035e-06
fundraising,6.45654229035e-06
gal,6.45654229035e-06
glimpse,6.45654229035e-06
hahaha,6.45654229035e-06
hawk,6.45654229035e-06
healthier,6.45654229035e-06
homemade,6.45654229035e-06
honorable,6.45654229035e-06
infectious,6.45654229035e-06
inferior,6.45654229035e-06
injustice,6.45654229035e-06
inquiries,6.45654229035e-06
insulin,6.45654229035e-06
interpret,6.45654229035e-06
intro,6.45654229035e-06
jackets,6.45654229035e-06
jill,6.45654229035e-06
kindle,6.45654229035e-06
lid,6.45654229035e-06
lindsay,6.45654229035e-06
logs,6.45654229035e-06
manor,6.45654229035e-06
masterpiece,6.45654229035e-06
melody,6.45654229035e-06
memo,6.45654229035e-06
mic,6.45654229035e-06
mirrors,6.45654229035e-06
myanmar,6.45654229035e-06
narrator,6.45654229035e-06
nate,6.45654229035e-06
nets,6.45654229035e-06
nsw,6.45654229035e-06
obesity,6.45654229035e-06
partisan,6.45654229035e-06
planting,6.45654229035e-06
pony,6.45654229035e-06
posed,6.45654229035e-06
possessions,6.45654229035e-06
privileged,6.45654229035e-06
prolonged,6.45654229035e-06
promo,6.45654229035e-06
protestant,6.45654229035e-06
pumping,6.45654229035e-06
pupil,6.45654229035e-06
qb,6.45654229035e-06
recruited,6.45654229035e-06
reliance,6.45654229035e-06
relies,6.45654229035e-06
reluctant,6.45654229035e-06
relying,6.45654229035e-06
respiratory,6.45654229035e-06
retention,6.45654229035e-06
rewarded,6.45654229035e-06
ribbon,6.45654229035e-06
rochester,6.45654229035e-06
rodgers,6.45654229035e-06
roommate,6.45654229035e-06
rotten,6.45654229035e-06
sands,6.45654229035e-06
schedules,6.45654229035e-06
selecting,6.45654229035e-06
shah,6.45654229035e-06
shawn,6.45654229035e-06
shotgun,6.45654229035e-06
singers,6.45654229035e-06
snapped,6.45654229035e-06
sofa,6.45654229035e-06
solomon,6.45654229035e-06
southampton,6.45654229035e-06
spoil,6.45654229035e-06
spoiled,6.45654229035e-06
stephanie,6.45654229035e-06
submarine,6.45654229035e-06
suburb,6.45654229035e-06
surgeons,6.45654229035e-06
sympathetic,6.45654229035e-06
taxation,6.45654229035e-06
temper,6.45654229035e-06
undergo,6.45654229035e-06
venus,6.45654229035e-06
weighed,6.45654229035e-06
wu,6.45654229035e-06
acquiring,6.3095734448e-06
additions,6.3095734448e-06
admitting,6.3095734448e-06
afl,6.3095734448e-06
aligned,6.3095734448e-06
allan,6.3095734448e-06
altar,6.3095734448e-06
amp,6.3095734448e-06
arrows,6.3095734448e-06
atlas,6.3095734448e-06
austrian,6.3095734448e-06
automation,6.3095734448e-06
awe,6.3095734448e-06
balancing,6.3095734448e-06
banning,6.3095734448e-06
bishops,6.3095734448e-06
boeing,6.3095734448e-06
broncos,6.3095734448e-06
builders,6.3095734448e-06
burton,6.3095734448e-06
caesar,6.3095734448e-06
cans,6.3095734448e-06
carroll,6.3095734448e-06
cavalry,6.3095734448e-06
clara,6.3095734448e-06
coffin,6.3095734448e-06
collectors,6.3095734448e-06
colorful,6.3095734448e-06
combo,6.3095734448e-06
communism,6.3095734448e-06
conductor,6.3095734448e-06
confront,6.3095734448e-06
constraints,6.3095734448e-06
crow,6.3095734448e-06
davidson,6.3095734448e-06
decisive,6.3095734448e-06
decorative,6.3095734448e-06
definitive,6.3095734448e-06
disclosed,6.3095734448e-06
displaced,6.3095734448e-06
disturbed,6.3095734448e-06
diy,6.3095734448e-06
doin,6.3095734448e-06
epidemic,6.3095734448e-06
eternity,6.3095734448e-06
eugene,6.3095734448e-06
evolve,6.3095734448e-06
explode,6.3095734448e-06
extraction,6.3095734448e-06
fatty,6.3095734448e-06
filthy,6.3095734448e-06
fletcher,6.3095734448e-06
flush,6.3095734448e-06
font,6.3095734448e-06
freestyle,6.3095734448e-06
glue,6.3095734448e-06
grandpa,6.3095734448e-06
hairy,6.3095734448e-06
homicide,6.3095734448e-06
horns,6.3095734448e-06
ie,6.3095734448e-06
inheritance,6.3095734448e-06
introduces,6.3095734448e-06
ironic,6.3095734448e-06
lacked,6.3095734448e-06
lin,6.3095734448e-06
luggage,6.3095734448e-06
lyon,6.3095734448e-06
madame,6.3095734448e-06
maggie,6.3095734448e-06
marion,6.3095734448e-06
mel,6.3095734448e-06
melting,6.3095734448e-06
messaging,6.3095734448e-06
microwave,6.3095734448e-06
midwest,6.3095734448e-06
minimize,6.3095734448e-06
modi,6.3095734448e-06
morocco,6.3095734448e-06
natalie,6.3095734448e-06
ops,6.3095734448e-06
organisms,6.3095734448e-06
originated,6.3095734448e-06
ounce,6.3095734448e-06
pablo,6.3095734448e-06
peel,6.3095734448e-06
pensions,6.3095734448e-06
performer,6.3095734448e-06
picnic,6.3095734448e-06
pins,6.3095734448e-06
practitioners,6.3095734448e-06
predominantly,6.3095734448e-06
primitive,6.3095734448e-06
providence,6.3095734448e-06
psychic,6.3095734448e-06
psychologist,6.3095734448e-06
puppet,6.3095734448e-06
reproductive,6.3095734448e-06
requesting,6.3095734448e-06
responds,6.3095734448e-06
restrict,6.3095734448e-06
retiring,6.3095734448e-06
retrieved,6.3095734448e-06
ribs,6.3095734448e-06
righteous,6.3095734448e-06
rivalry,6.3095734448e-06
rosa,6.3095734448e-06
royalty,6.3095734448e-06
sandra,6.3095734448e-06
sausage,6.3095734448e-06
seize,6.3095734448e-06
sim,6.3095734448e-06
skeleton,6.3095734448e-06
spicy,6.3095734448e-06
sticky,6.3095734448e-06
sting,6.3095734448e-06
sufficiently,6.3095734448e-06
thankfully,6.3095734448e-06
thrones,6.3095734448e-06
tick,6.3095734448e-06
traced,6.3095734448e-06
trent,6.3095734448e-06
trusts,6.3095734448e-06
tutorial,6.3095734448e-06
twentieth,6.3095734448e-06
unpleasant,6.3095734448e-06
unrelated,6.3095734448e-06
ussr,6.3095734448e-06
vacant,6.3095734448e-06
vent,6.3095734448e-06
vicinity,6.3095734448e-06
wan,6.3095734448e-06
wandering,6.3095734448e-06
wardrobe,6.3095734448e-06
warmth,6.3095734448e-06
weaknesses,6.3095734448e-06
wines,6.3095734448e-06
wired,6.3095734448e-06
amendments,6.16595001861e-06
analyses,6.16595001861e-06
asses,6.16595001861e-06
assessments,6.16595001861e-06
assisting,6.16595001861e-06
axe,6.16595001861e-06
backgrounds,6.16595001861e-06
baldwin,6.16595001861e-06
belle,6.16595001861e-06
bf,6.16595001861e-06
bites,6.16595001861e-06
bombers,6.16595001861e-06
bonuses,6.16595001861e-06
bred,6.16595001861e-06
brexit,6.16595001861e-06
bubbles,6.16595001861e-06
buddha,6.16595001861e-06
bulletin,6.16595001861e-06
capitalist,6.16595001861e-06
cautious,6.16595001861e-06
clinics,6.16595001861e-06
commitments,6.16595001861e-06
companions,6.16595001861e-06
comparisons,6.16595001861e-06
constable,6.16595001861e-06
cooperate,6.16595001861e-06
coordinated,6.16595001861e-06
copied,6.16595001861e-06
counselor,6.16595001861e-06
cp,6.16595001861e-06
curb,6.16595001861e-06
dances,6.16595001861e-06
darren,6.16595001861e-06
deeds,6.16595001861e-06
destined,6.16595001861e-06
detached,6.16595001861e-06
devils,6.16595001861e-06
discounts,6.16595001861e-06
distribute,6.16595001861e-06
dong,6.16595001861e-06
edgar,6.16595001861e-06
efficiently,6.16595001861e-06
eliminating,6.16595001861e-06
elliott,6.16595001861e-06
encouragement,6.16595001861e-06
enforced,6.16595001861e-06
evan,6.16595001861e-06
explosives,6.16595001861e-06
faction,6.16595001861e-06
fascist,6.16595001861e-06
feathers,6.16595001861e-06
fixtures,6.16595001861e-06
flooded,6.16595001861e-06
fuller,6.16595001861e-06
gamble,6.16595001861e-06
goalkeeper,6.16595001861e-06
grandchildren,6.16595001861e-06
gt,6.16595001861e-06
guardians,6.16595001861e-06
harmless,6.16595001861e-06
hearings,6.16595001861e-06
hesitate,6.16595001861e-06
hid,6.16595001861e-06
hips,6.16595001861e-06
hopeful,6.16595001861e-06
horny,6.16595001861e-06
hungarian,6.16595001861e-06
hygiene,6.16595001861e-06
iceland,6.16595001861e-06
imaginary,6.16595001861e-06
imprisoned,6.16595001861e-06
inconsistent,6.16595001861e-06
int,6.16595001861e-06
iso,6.16595001861e-06
jared,6.16595001861e-06
johnston,6.16595001861e-06
judy,6.16595001861e-06
kindergarten,6.16595001861e-06
latino,6.16595001861e-06
lopez,6.16595001861e-06
loudly,6.16595001861e-06
mechanic,6.16595001861e-06
megan,6.16595001861e-06
mls,6.16595001861e-06
modify,6.16595001861e-06
neglect,6.16595001861e-06
northwestern,6.16595001861e-06
nz,6.16595001861e-06
offenders,6.16595001861e-06
oppression,6.16595001861e-06
patriotic,6.16595001861e-06
phillip,6.16595001861e-06
pictured,6.16595001861e-06
pitcher,6.16595001861e-06
playground,6.16595001861e-06
populated,6.16595001861e-06
poses,6.16595001861e-06
positioned,6.16595001861e-06
prejudice,6.16595001861e-06
preston,6.16595001861e-06
probable,6.16595001861e-06
probation,6.16595001861e-06
projection,6.16595001861e-06
promotes,6.16595001861e-06
pumped,6.16595001861e-06
rails,6.16595001861e-06
raven,6.16595001861e-06
receptor,6.16595001861e-06
rehab,6.16595001861e-06
remake,6.16595001861e-06
rendering,6.16595001861e-06
reproduction,6.16595001861e-06
res,6.16595001861e-06
reservations,6.16595001861e-06
rey,6.16595001861e-06
rhode,6.16595001861e-06
shrimp,6.16595001861e-06
similarities,6.16595001861e-06
skins,6.16595001861e-06
slopes,6.16595001861e-06
spelled,6.16595001861e-06
spokesman,6.16595001861e-06
springfield,6.16595001861e-06
stained,6.16595001861e-06
stall,6.16595001861e-06
starving,6.16595001861e-06
strap,6.16595001861e-06
subjective,6.16595001861e-06
surround,6.16595001861e-06
surroundings,6.16595001861e-06
sweeping,6.16595001861e-06
swinging,6.16595001861e-06
tearing,6.16595001861e-06
traumatic,6.16595001861e-06
trillion,6.16595001861e-06
tucker,6.16595001861e-06
vatican,6.16595001861e-06
vendor,6.16595001861e-06
watts,6.16595001861e-06
yr,6.16595001861e-06
abbott,6.02559586074e-06
aboriginal,6.02559586074e-06
academics,6.02559586074e-06
adopting,6.02559586074e-06
alignment,6.02559586074e-06
allergic,6.02559586074e-06
allison,6.02559586074e-06
amended,6.02559586074e-06
apparatus,6.02559586074e-06
assumes,6.02559586074e-06
avengers,6.02559586074e-06
backpack,6.02559586074e-06
balcony,6.02559586074e-06
banker,6.02559586074e-06
bliss,6.02559586074e-06
bodily,6.02559586074e-06
buffer,6.02559586074e-06
calgary,6.02559586074e-06
chapman,6.02559586074e-06
chopped,6.02559586074e-06
collaborative,6.02559586074e-06
commenced,6.02559586074e-06
compensate,6.02559586074e-06
compromised,6.02559586074e-06
constructive,6.02559586074e-06
conventions,6.02559586074e-06
cosmic,6.02559586074e-06
crystals,6.02559586074e-06
daisy,6.02559586074e-06
definite,6.02559586074e-06
demonstrations,6.02559586074e-06
departed,6.02559586074e-06
depths,6.02559586074e-06
developmental,6.02559586074e-06
disco,6.02559586074e-06
distraction,6.02559586074e-06
dom,6.02559586074e-06
dorothy,6.02559586074e-06
doses,6.02559586074e-06
drawer,6.02559586074e-06
drones,6.02559586074e-06
durham,6.02559586074e-06
ecological,6.02559586074e-06
ecosystem,6.02559586074e-06
elvis,6.02559586074e-06
euros,6.02559586074e-06
exclude,6.02559586074e-06
exempt,6.02559586074e-06
exposing,6.02559586074e-06
faint,6.02559586074e-06
fertility,6.02559586074e-06
ff,6.02559586074e-06
fines,6.02559586074e-06
finn,6.02559586074e-06
floods,6.02559586074e-06
flynn,6.02559586074e-06
foam,6.02559586074e-06
folded,6.02559586074e-06
foremost,6.02559586074e-06
forge,6.02559586074e-06
greenhouse,6.02559586074e-06
hears,6.02559586074e-06
hierarchy,6.02559586074e-06
ideals,6.02559586074e-06
identities,6.02559586074e-06
installations,6.02559586074e-06
invalid,6.02559586074e-06
jade,6.02559586074e-06
jointly,6.02559586074e-06
jung,6.02559586074e-06
kits,6.02559586074e-06
lancaster,6.02559586074e-06
lightweight,6.02559586074e-06
lowering,6.02559586074e-06
mb,6.02559586074e-06
melted,6.02559586074e-06
metabolism,6.02559586074e-06
neglected,6.02559586074e-06
negotiated,6.02559586074e-06
negotiating,6.02559586074e-06
negotiation,6.02559586074e-06
newborn,6.02559586074e-06
newport,6.02559586074e-06
nodes,6.02559586074e-06
notch,6.02559586074e-06
omega,6.02559586074e-06
onions,6.02559586074e-06
packers,6.02559586074e-06
paired,6.02559586074e-06
parental,6.02559586074e-06
parody,6.02559586074e-06
parole,6.02559586074e-06
participant,6.02559586074e-06
penguin,6.02559586074e-06
phantom,6.02559586074e-06
photoshop,6.02559586074e-06
pitt,6.02559586074e-06
precedent,6.02559586074e-06
prevalent,6.02559586074e-06
prom,6.02559586074e-06
promotions,6.02559586074e-06
python,6.02559586074e-06
qatar,6.02559586074e-06
questionable,6.02559586074e-06
queue,6.02559586074e-06
quo,6.02559586074e-06
regrets,6.02559586074e-06
render,6.02559586074e-06
respondents,6.02559586074e-06
retaining,6.02559586074e-06
romania,6.02559586074e-06
sailor,6.02559586074e-06
seventy,6.02559586074e-06
shouted,6.02559586074e-06
simmons,6.02559586074e-06
sims,6.02559586074e-06
slides,6.02559586074e-06
sociology,6.02559586074e-06
somerset,6.02559586074e-06
soo,6.02559586074e-06
specify,6.02559586074e-06
splitting,6.02559586074e-06
stab,6.02559586074e-06
supermarket,6.02559586074e-06
sweater,6.02559586074e-06
tenant,6.02559586074e-06
tensions,6.02559586074e-06
thomson,6.02559586074e-06
tortured,6.02559586074e-06
traction,6.02559586074e-06
tractor,6.02559586074e-06
trout,6.02559586074e-06
turnover,6.02559586074e-06
uganda,6.02559586074e-06
unwanted,6.02559586074e-06
upgrades,6.02559586074e-06
variant,6.02559586074e-06
vegetarian,6.02559586074e-06
vernon,6.02559586074e-06
visibility,6.02559586074e-06
warnings,6.02559586074e-06
wherein,6.02559586074e-06
whiskey,6.02559586074e-06
worms,6.02559586074e-06
wyoming,6.02559586074e-06
aaa,5.88843655356e-06
abundant,5.88843655356e-06
africans,5.88843655356e-06
alexandria,5.88843655356e-06
algebra,5.88843655356e-06
analytics,5.88843655356e-06
antenna,5.88843655356e-06
attribute,5.88843655356e-06
audition,5.88843655356e-06
bankers,5.88843655356e-06
biting,5.88843655356e-06
branding,5.88843655356e-06
bravo,5.88843655356e-06
busted,5.88843655356e-06
cardinals,5.88843655356e-06
carrie,5.88843655356e-06
certificates,5.88843655356e-06
charleston,5.88843655356e-06
chatting,5.88843655356e-06
chop,5.88843655356e-06
circuits,5.88843655356e-06
clifford,5.88843655356e-06
cody,5.88843655356e-06
coleman,5.88843655356e-06
commanded,5.88843655356e-06
commissioners,5.88843655356e-06
communicating,5.88843655356e-06
comparative,5.88843655356e-06
complement,5.88843655356e-06
connor,5.88843655356e-06
conquer,5.88843655356e-06
conquest,5.88843655356e-06
contested,5.88843655356e-06
continuity,5.88843655356e-06
cornwall,5.88843655356e-06
crawl,5.88843655356e-06
credible,5.88843655356e-06
cursed,5.88843655356e-06
db,5.88843655356e-06
deepest,5.88843655356e-06
defects,5.88843655356e-06
delightful,5.88843655356e-06
depicted,5.88843655356e-06
determines,5.88843655356e-06
digit,5.88843655356e-06
dinosaur,5.88843655356e-06
doomed,5.88843655356e-06
drainage,5.88843655356e-06
drowning,5.88843655356e-06
embarrassment,5.88843655356e-06
equations,5.88843655356e-06
evolving,5.88843655356e-06
exploded,5.88843655356e-06
fairness,5.88843655356e-06
favored,5.88843655356e-06
felony,5.88843655356e-06
flats,5.88843655356e-06
flint,5.88843655356e-06
floral,5.88843655356e-06
fortress,5.88843655356e-06
fulfilled,5.88843655356e-06
fundamentally,5.88843655356e-06
grabbing,5.88843655356e-06
guts,5.88843655356e-06
hairs,5.88843655356e-06
hammond,5.88843655356e-06
handing,5.88843655356e-06
hearted,5.88843655356e-06
herb,5.88843655356e-06
herd,5.88843655356e-06
husbands,5.88843655356e-06
ideological,5.88843655356e-06
immortal,5.88843655356e-06
incumbent,5.88843655356e-06
insider,5.88843655356e-06
insufficient,5.88843655356e-06
interval,5.88843655356e-06
jelly,5.88843655356e-06
kai,5.88843655356e-06
kanye,5.88843655356e-06
kidnapping,5.88843655356e-06
kilometres,5.88843655356e-06
ky,5.88843655356e-06
lenses,5.88843655356e-06
lick,5.88843655356e-06
literal,5.88843655356e-06
lunar,5.88843655356e-06
maternal,5.88843655356e-06
matthews,5.88843655356e-06
maxwell,5.88843655356e-06
mccain,5.88843655356e-06
mcdonald,5.88843655356e-06
medicines,5.88843655356e-06
memoir,5.88843655356e-06
messi,5.88843655356e-06
miguel,5.88843655356e-06
modification,5.88843655356e-06
mold,5.88843655356e-06
nailed,5.88843655356e-06
napoleon,5.88843655356e-06
neighbouring,5.88843655356e-06
nigel,5.88843655356e-06
objection,5.88843655356e-06
obliged,5.88843655356e-06
observers,5.88843655356e-06
occurrence,5.88843655356e-06
offspring,5.88843655356e-06
ou,5.88843655356e-06
outrageous,5.88843655356e-06
packet,5.88843655356e-06
pads,5.88843655356e-06
patents,5.88843655356e-06
pathway,5.88843655356e-06
peach,5.88843655356e-06
persuaded,5.88843655356e-06
plots,5.88843655356e-06
polo,5.88843655356e-06
presenter,5.88843655356e-06
proclaimed,5.88843655356e-06
prohibition,5.88843655356e-06
prop,5.88843655356e-06
recognizing,5.88843655356e-06
recommends,5.88843655356e-06
registry,5.88843655356e-06
relieve,5.88843655356e-06
remarkably,5.88843655356e-06
repaired,5.88843655356e-06
rotating,5.88843655356e-06
sanchez,5.88843655356e-06
sandwiches,5.88843655356e-06
satellites,5.88843655356e-06
scar,5.88843655356e-06
scouts,5.88843655356e-06
scripture,5.88843655356e-06
seating,5.88843655356e-06
seminar,5.88843655356e-06
shores,5.88843655356e-06
silva,5.88843655356e-06
simplicity,5.88843655356e-06
slightest,5.88843655356e-06
softly,5.88843655356e-06
specimens,5.88843655356e-06
starbucks,5.88843655356e-06
stereo,5.88843655356e-06
supplements,5.88843655356e-06
surrey,5.88843655356e-06
sustainability,5.88843655356e-06
symphony,5.88843655356e-06
tesla,5.88843655356e-06
textbook,5.88843655356e-06
theological,5.88843655356e-06
trader,5.88843655356e-06
undercover,5.88843655356e-06
valentine,5.88843655356e-06
vegetation,5.88843655356e-06
vein,5.88843655356e-06
velvet,5.88843655356e-06
vendors,5.88843655356e-06
viewer,5.88843655356e-06
webb,5.88843655356e-06
welcoming,5.88843655356e-06
whales,5.88843655356e-06
wheeler,5.88843655356e-06
worm,5.88843655356e-06
zombies,5.88843655356e-06
accountant,5.75439937337e-06
activate,5.75439937337e-06
admissions,5.75439937337e-06
alison,5.75439937337e-06
amusing,5.75439937337e-06
arabs,5.75439937337e-06
beams,5.75439937337e-06
behold,5.75439937337e-06
betrayed,5.75439937337e-06
biased,5.75439937337e-06
billionaire,5.75439937337e-06
bloggers,5.75439937337e-06
brewing,5.75439937337e-06
brooke,5.75439937337e-06
bypass,5.75439937337e-06
calculation,5.75439937337e-06
cancellation,5.75439937337e-06
cane,5.75439937337e-06
capturing,5.75439937337e-06
catalyst,5.75439937337e-06
cedar,5.75439937337e-06
celebrates,5.75439937337e-06
claude,5.75439937337e-06
concentrations,5.75439937337e-06
concludes,5.75439937337e-06
cons,5.75439937337e-06
corpse,5.75439937337e-06
crab,5.75439937337e-06
cruelty,5.75439937337e-06
darwin,5.75439937337e-06
dawson,5.75439937337e-06
decorations,5.75439937337e-06
dementia,5.75439937337e-06
demonstrating,5.75439937337e-06
designation,5.75439937337e-06
dev,5.75439937337e-06
dice,5.75439937337e-06
diploma,5.75439937337e-06
disasters,5.75439937337e-06
discharged,5.75439937337e-06
dispatch,5.75439937337e-06
disputed,5.75439937337e-06
dots,5.75439937337e-06
ds,5.75439937337e-06
duchess,5.75439937337e-06
dunno,5.75439937337e-06
economists,5.75439937337e-06
eds,5.75439937337e-06
elders,5.75439937337e-06
exceeded,5.75439937337e-06
explanations,5.75439937337e-06
extinction,5.75439937337e-06
factions,5.75439937337e-06
fb,5.75439937337e-06
foil,5.75439937337e-06
formats,5.75439937337e-06
freddie,5.75439937337e-06
gardner,5.75439937337e-06
geology,5.75439937337e-06
gerald,5.75439937337e-06
graduating,5.75439937337e-06
gram,5.75439937337e-06
greene,5.75439937337e-06
heath,5.75439937337e-06
heavenly,5.75439937337e-06
hormones,5.75439937337e-06
horrific,5.75439937337e-06
hugo,5.75439937337e-06
infants,5.75439937337e-06
insect,5.75439937337e-06
iris,5.75439937337e-06
issuing,5.75439937337e-06
lifts,5.75439937337e-06
locking,5.75439937337e-06
logging,5.75439937337e-06
lookin,5.75439937337e-06
maurice,5.75439937337e-06
medications,5.75439937337e-06
mentality,5.75439937337e-06
metre,5.75439937337e-06
minecraft,5.75439937337e-06
miracles,5.75439937337e-06
nascar,5.75439937337e-06
neural,5.75439937337e-06
newsletter,5.75439937337e-06
nineteenth,5.75439937337e-06
nitrogen,5.75439937337e-06
norms,5.75439937337e-06
oceans,5.75439937337e-06
ooh,5.75439937337e-06
patricia,5.75439937337e-06
paulo,5.75439937337e-06
payroll,5.75439937337e-06
phenomenal,5.75439937337e-06
philippine,5.75439937337e-06
photographic,5.75439937337e-06
pinch,5.75439937337e-06
ping,5.75439937337e-06
polished,5.75439937337e-06
pots,5.75439937337e-06
predictable,5.75439937337e-06
privileges,5.75439937337e-06
prix,5.75439937337e-06
professionally,5.75439937337e-06
protesting,5.75439937337e-06
protocols,5.75439937337e-06
pushes,5.75439937337e-06
queer,5.75439937337e-06
rebounds,5.75439937337e-06
reckon,5.75439937337e-06
recycling,5.75439937337e-06
restriction,5.75439937337e-06
resumed,5.75439937337e-06
resurrection,5.75439937337e-06
rover,5.75439937337e-06
scars,5.75439937337e-06
scholarships,5.75439937337e-06
shannon,5.75439937337e-06
shelves,5.75439937337e-06
shipment,5.75439937337e-06
slut,5.75439937337e-06
sparks,5.75439937337e-06
spatial,5.75439937337e-06
stainless,5.75439937337e-06
statutory,5.75439937337e-06
stellar,5.75439937337e-06
stockholm,5.75439937337e-06
stripes,5.75439937337e-06
stubborn,5.75439937337e-06
summoned,5.75439937337e-06
sussex,5.75439937337e-06
swords,5.75439937337e-06
syrup,5.75439937337e-06
tackles,5.75439937337e-06
tamil,5.75439937337e-06
tapping,5.75439937337e-06
teachings,5.75439937337e-06
tightly,5.75439937337e-06
tina,5.75439937337e-06
tones,5.75439937337e-06
tories,5.75439937337e-06
transplant,5.75439937337e-06
traps,5.75439937337e-06
tu,5.75439937337e-06
turf,5.75439937337e-06
twitch,5.75439937337e-06
unlocked,5.75439937337e-06
unusually,5.75439937337e-06
unveiled,5.75439937337e-06
username,5.75439937337e-06
vaccines,5.75439937337e-06
veins,5.75439937337e-06
ventures,5.75439937337e-06
vip,5.75439937337e-06
visions,5.75439937337e-06
voiced,5.75439937337e-06
volcano,5.75439937337e-06
warmer,5.75439937337e-06
webster,5.75439937337e-06
weddings,5.75439937337e-06
yelled,5.75439937337e-06
zach,5.75439937337e-06
accelerated,5.6234132519e-06
accomplishments,5.6234132519e-06
advertised,5.6234132519e-06
advertisements,5.6234132519e-06
ark,5.6234132519e-06
armour,5.6234132519e-06
assaulted,5.6234132519e-06
atoms,5.6234132519e-06
attach,5.6234132519e-06
awaiting,5.6234132519e-06
bayern,5.6234132519e-06
bind,5.6234132519e-06
blessings,5.6234132519e-06
blu,5.6234132519e-06
bluetooth,5.6234132519e-06
boiling,5.6234132519e-06
borrowing,5.6234132519e-06
bowls,5.6234132519e-06
bradford,5.6234132519e-06
bum,5.6234132519e-06
butcher,5.6234132519e-06
chandler,5.6234132519e-06
cheapest,5.6234132519e-06
chloe,5.6234132519e-06
communists,5.6234132519e-06
compares,5.6234132519e-06
conception,5.6234132519e-06
congo,5.6234132519e-06
counterparts,5.6234132519e-06
cue,5.6234132519e-06
deed,5.6234132519e-06
disciplinary,5.6234132519e-06
dreamed,5.6234132519e-06
dwarf,5.6234132519e-06
eighty,5.6234132519e-06
elena,5.6234132519e-06
eligibility,5.6234132519e-06
embraced,5.6234132519e-06
enacted,5.6234132519e-06
endorsement,5.6234132519e-06
enlisted,5.6234132519e-06
eyebrows,5.6234132519e-06
fcc,5.6234132519e-06
finite,5.6234132519e-06
flagship,5.6234132519e-06
forensic,5.6234132519e-06
forthcoming,5.6234132519e-06
gallon,5.6234132519e-06
gems,5.6234132519e-06
glowing,5.6234132519e-06
glucose,5.6234132519e-06
gore,5.6234132519e-06
govt,5.6234132519e-06
gown,5.6234132519e-06
greedy,5.6234132519e-06
halo,5.6234132519e-06
hilton,5.6234132519e-06
ideally,5.6234132519e-06
identifies,5.6234132519e-06
improves,5.6234132519e-06
infamous,5.6234132519e-06
inspirational,5.6234132519e-06
internally,5.6234132519e-06
kashmir,5.6234132519e-06
knox,5.6234132519e-06
lateral,5.6234132519e-06
leigh,5.6234132519e-06
lent,5.6234132519e-06
lib,5.6234132519e-06
lifelong,5.6234132519e-06
limestone,5.6234132519e-06
liner,5.6234132519e-06
majors,5.6234132519e-06
marched,5.6234132519e-06
marrying,5.6234132519e-06
maths,5.6234132519e-06
memes,5.6234132519e-06
mentioning,5.6234132519e-06
merge,5.6234132519e-06
mesh,5.6234132519e-06
migrant,5.6234132519e-06
mohammed,5.6234132519e-06
monitored,5.6234132519e-06
moron,5.6234132519e-06
mortar,5.6234132519e-06
myths,5.6234132519e-06
naive,5.6234132519e-06
nat,5.6234132519e-06
noises,5.6234132519e-06
norton,5.6234132519e-06
noticeable,5.6234132519e-06
nt,5.6234132519e-06
observing,5.6234132519e-06
omar,5.6234132519e-06
opted,5.6234132519e-06
palestinians,5.6234132519e-06
paula,5.6234132519e-06
paypal,5.6234132519e-06
pedro,5.6234132519e-06
pens,5.6234132519e-06
perfume,5.6234132519e-06
pitching,5.6234132519e-06
pleasing,5.6234132519e-06
premiums,5.6234132519e-06
prestige,5.6234132519e-06
protects,5.6234132519e-06
pyramid,5.6234132519e-06
realizes,5.6234132519e-06
relevance,5.6234132519e-06
remotely,5.6234132519e-06
resorts,5.6234132519e-06
retailer,5.6234132519e-06
rica,5.6234132519e-06
rigid,5.6234132519e-06
rita,5.6234132519e-06
rm,5.6234132519e-06
rom,5.6234132519e-06
ronaldo,5.6234132519e-06
sailors,5.6234132519e-06
samantha,5.6234132519e-06
sampling,5.6234132519e-06
screenshot,5.6234132519e-06
selfie,5.6234132519e-06
settlers,5.6234132519e-06
shattered,5.6234132519e-06
signatures,5.6234132519e-06
spacecraft,5.6234132519e-06
specification,5.6234132519e-06
spiders,5.6234132519e-06
splendid,5.6234132519e-06
strokes,5.6234132519e-06
successes,5.6234132519e-06
summers,5.6234132519e-06
sundays,5.6234132519e-06
supplying,5.6234132519e-06
telescope,5.6234132519e-06
temp,5.6234132519e-06
tended,5.6234132519e-06
terminated,5.6234132519e-06
textile,5.6234132519e-06
thickness,5.6234132519e-06
threatens,5.6234132519e-06
tossed,5.6234132519e-06
tray,5.6234132519e-06
uae,5.6234132519e-06
ucla,5.6234132519e-06
unreasonable,5.6234132519e-06
unsure,5.6234132519e-06
upwards,5.6234132519e-06
utilize,5.6234132519e-06
valuation,5.6234132519e-06
veterinary,5.6234132519e-06
villagers,5.6234132519e-06
violate,5.6234132519e-06
vivid,5.6234132519e-06
waving,5.6234132519e-06
accusing,5.49540873858e-06
aided,5.49540873858e-06
alexis,5.49540873858e-06
allocation,5.49540873858e-06
americas,5.49540873858e-06
amusement,5.49540873858e-06
antibiotics,5.49540873858e-06
anticipation,5.49540873858e-06
appropriately,5.49540873858e-06
arrests,5.49540873858e-06
arrogant,5.49540873858e-06
assessing,5.49540873858e-06
authorization,5.49540873858e-06
auxiliary,5.49540873858e-06
baggage,5.49540873858e-06
beacon,5.49540873858e-06
bella,5.49540873858e-06
belts,5.49540873858e-06
bounty,5.49540873858e-06
boxer,5.49540873858e-06
briefing,5.49540873858e-06
brook,5.49540873858e-06
budgets,5.49540873858e-06
canterbury,5.49540873858e-06
cartoons,5.49540873858e-06
ceramic,5.49540873858e-06
cereal,5.49540873858e-06
challenger,5.49540873858e-06
chased,5.49540873858e-06
clergy,5.49540873858e-06
coats,5.49540873858e-06
cola,5.49540873858e-06
coma,5.49540873858e-06
comfortably,5.49540873858e-06
commanders,5.49540873858e-06
compass,5.49540873858e-06
considerations,5.49540873858e-06
consultants,5.49540873858e-06
contempt,5.49540873858e-06
contributes,5.49540873858e-06
credentials,5.49540873858e-06
croatia,5.49540873858e-06
cured,5.49540873858e-06
descended,5.49540873858e-06
disappearance,5.49540873858e-06
doyle,5.49540873858e-06
drowned,5.49540873858e-06
drying,5.49540873858e-06
dwelling,5.49540873858e-06
dwight,5.49540873858e-06
ecology,5.49540873858e-06
einstein,5.49540873858e-06
eli,5.49540873858e-06
elliot,5.49540873858e-06
emergence,5.49540873858e-06
enclosed,5.49540873858e-06
endurance,5.49540873858e-06
equals,5.49540873858e-06
erotic,5.49540873858e-06
evacuation,5.49540873858e-06
exceptionally,5.49540873858e-06
exchanged,5.49540873858e-06
expenditure,5.49540873858e-06
falcon,5.49540873858e-06
favors,5.49540873858e-06
fernando,5.49540873858e-06
folder,5.49540873858e-06
frequencies,5.49540873858e-06
frightened,5.49540873858e-06
gavin,5.49540873858e-06
groove,5.49540873858e-06
hbo,5.49540873858e-06
hedge,5.49540873858e-06
homosexuality,5.49540873858e-06
icons,5.49540873858e-06
ingredient,5.49540873858e-06
initiate,5.49540873858e-06
inserted,5.49540873858e-06
interventions,5.49540873858e-06
invaded,5.49540873858e-06
ironically,5.49540873858e-06
istanbul,5.49540873858e-06
jacobs,5.49540873858e-06
jealousy,5.49540873858e-06
jewellery,5.49540873858e-06
joker,5.49540873858e-06
jonas,5.49540873858e-06
kingston,5.49540873858e-06
kisses,5.49540873858e-06
laden,5.49540873858e-06
learns,5.49540873858e-06
limbs,5.49540873858e-06
lionel,5.49540873858e-06
liu,5.49540873858e-06
mccarthy,5.49540873858e-06
medicaid,5.49540873858e-06
meta,5.49540873858e-06
mil,5.49540873858e-06
mit,5.49540873858e-06
newark,5.49540873858e-06
nod,5.49540873858e-06
notebook,5.49540873858e-06
offline,5.49540873858e-06
offs,5.49540873858e-06
overweight,5.49540873858e-06
palette,5.49540873858e-06
payne,5.49540873858e-06
phenomena,5.49540873858e-06
pneumonia,5.49540873858e-06
policeman,5.49540873858e-06
postponed,5.49540873858e-06
potent,5.49540873858e-06
preceding,5.49540873858e-06
predators,5.49540873858e-06
psycho,5.49540873858e-06
rainy,5.49540873858e-06
rams,5.49540873858e-06
ranged,5.49540873858e-06
recognizes,5.49540873858e-06
renovation,5.49540873858e-06
reverend,5.49540873858e-06
rewarding,5.49540873858e-06
rust,5.49540873858e-06
salty,5.49540873858e-06
scots,5.49540873858e-06
scrutiny,5.49540873858e-06
seizure,5.49540873858e-06
serum,5.49540873858e-06
singular,5.49540873858e-06
skate,5.49540873858e-06
sofia,5.49540873858e-06
storyline,5.49540873858e-06
stray,5.49540873858e-06
stud,5.49540873858e-06
subsidies,5.49540873858e-06
sunk,5.49540873858e-06
supper,5.49540873858e-06
sweetheart,5.49540873858e-06
systemic,5.49540873858e-06
tempo,5.49540873858e-06
thereof,5.49540873858e-06
thirsty,5.49540873858e-06
torch,5.49540873858e-06
transferring,5.49540873858e-06
tumblr,5.49540873858e-06
turbo,5.49540873858e-06
unchanged,5.49540873858e-06
understandable,5.49540873858e-06
upright,5.49540873858e-06
uprising,5.49540873858e-06
vain,5.49540873858e-06
vanity,5.49540873858e-06
violin,5.49540873858e-06
wh,5.49540873858e-06
whereby,5.49540873858e-06
whisper,5.49540873858e-06
worthwhile,5.49540873858e-06
xx,5.49540873858e-06
acceleration,5.3703179637e-06
aerospace,5.3703179637e-06
ak,5.3703179637e-06
aluminium,5.3703179637e-06
analog,5.3703179637e-06
analytical,5.3703179637e-06
anticipate,5.3703179637e-06
arcade,5.3703179637e-06
arlington,5.3703179637e-06
arose,5.3703179637e-06
asthma,5.3703179637e-06
aurora,5.3703179637e-06
averaging,5.3703179637e-06
bacterial,5.3703179637e-06
bankrupt,5.3703179637e-06
blink,5.3703179637e-06
brighter,5.3703179637e-06
carey,5.3703179637e-06
castro,5.3703179637e-06
ceremonies,5.3703179637e-06
chang,5.3703179637e-06
childish,5.3703179637e-06
chili,5.3703179637e-06
clayton,5.3703179637e-06
clearer,5.3703179637e-06
coil,5.3703179637e-06
combines,5.3703179637e-06
commodities,5.3703179637e-06
confessed,5.3703179637e-06
constituents,5.3703179637e-06
contention,5.3703179637e-06
converting,5.3703179637e-06
covenant,5.3703179637e-06
crafts,5.3703179637e-06
das,5.3703179637e-06
denies,5.3703179637e-06
devotion,5.3703179637e-06
dilemma,5.3703179637e-06
dis,5.3703179637e-06
discoveries,5.3703179637e-06
disgrace,5.3703179637e-06
dixon,5.3703179637e-06
emirates,5.3703179637e-06
emmy,5.3703179637e-06
employing,5.3703179637e-06
employs,5.3703179637e-06
escaping,5.3703179637e-06
ethiopia,5.3703179637e-06
ethnicity,5.3703179637e-06
eventual,5.3703179637e-06
excel,5.3703179637e-06
exercising,5.3703179637e-06
faded,5.3703179637e-06
firstly,5.3703179637e-06
flavour,5.3703179637e-06
flex,5.3703179637e-06
fluids,5.3703179637e-06
franco,5.3703179637e-06
gangs,5.3703179637e-06
gases,5.3703179637e-06
genus,5.3703179637e-06
gloria,5.3703179637e-06
glove,5.3703179637e-06
grabs,5.3703179637e-06
grammy,5.3703179637e-06
grapes,5.3703179637e-06
greed,5.3703179637e-06
greet,5.3703179637e-06
hank,5.3703179637e-06
hose,5.3703179637e-06
hq,5.3703179637e-06
impacted,5.3703179637e-06
imposing,5.3703179637e-06
inflammation,5.3703179637e-06
innovations,5.3703179637e-06
ko,5.3703179637e-06
lambert,5.3703179637e-06
lamps,5.3703179637e-06
lava,5.3703179637e-06
ln,5.3703179637e-06
longtime,5.3703179637e-06
madonna,5.3703179637e-06
magnet,5.3703179637e-06
mann,5.3703179637e-06
metaphor,5.3703179637e-06
millionaire,5.3703179637e-06
mn,5.3703179637e-06
motives,5.3703179637e-06
myers,5.3703179637e-06
mysteries,5.3703179637e-06
negro,5.3703179637e-06
nightmares,5.3703179637e-06
notify,5.3703179637e-06
null,5.3703179637e-06
ole,5.3703179637e-06
oops,5.3703179637e-06
oriental,5.3703179637e-06
owing,5.3703179637e-06
pact,5.3703179637e-06
paramount,5.3703179637e-06
paranoid,5.3703179637e-06
patriot,5.3703179637e-06
patron,5.3703179637e-06
pearson,5.3703179637e-06
popcorn,5.3703179637e-06
positioning,5.3703179637e-06
preserving,5.3703179637e-06
proxy,5.3703179637e-06
quantitative,5.3703179637e-06
regain,5.3703179637e-06
reminding,5.3703179637e-06
renew,5.3703179637e-06
resemble,5.3703179637e-06
retarded,5.3703179637e-06
retro,5.3703179637e-06
revolt,5.3703179637e-06
rightly,5.3703179637e-06
roasted,5.3703179637e-06
ruining,5.3703179637e-06
rumor,5.3703179637e-06
sacked,5.3703179637e-06
saddle,5.3703179637e-06
schmidt,5.3703179637e-06
schooling,5.3703179637e-06
sherlock,5.3703179637e-06
shirley,5.3703179637e-06
shrine,5.3703179637e-06
shrink,5.3703179637e-06
sniper,5.3703179637e-06
solitary,5.3703179637e-06
sorrow,5.3703179637e-06
squares,5.3703179637e-06
starters,5.3703179637e-06
stoke,5.3703179637e-06
sutton,5.3703179637e-06
talkin,5.3703179637e-06
taller,5.3703179637e-06
termination,5.3703179637e-06
thames,5.3703179637e-06
thigh,5.3703179637e-06
thrive,5.3703179637e-06
tr,5.3703179637e-06
troll,5.3703179637e-06
ty,5.3703179637e-06
uncovered,5.3703179637e-06
undertake,5.3703179637e-06
unpaid,5.3703179637e-06
unsuccessful,5.3703179637e-06
usc,5.3703179637e-06
vest,5.3703179637e-06
vine,5.3703179637e-06
violating,5.3703179637e-06
viruses,5.3703179637e-06
warns,5.3703179637e-06
warranty,5.3703179637e-06
weakened,5.3703179637e-06
windsor,5.3703179637e-06
xxx,5.3703179637e-06
yen,5.3703179637e-06
zimbabwe,5.3703179637e-06
admired,5.2480746025e-06
airways,5.2480746025e-06
aisle,5.2480746025e-06
almighty,5.2480746025e-06
amino,5.2480746025e-06
ants,5.2480746025e-06
apparel,5.2480746025e-06
arbitration,5.2480746025e-06
arising,5.2480746025e-06
artifacts,5.2480746025e-06
ashton,5.2480746025e-06
atom,5.2480746025e-06
auburn,5.2480746025e-06
awakening,5.2480746025e-06
bedrooms,5.2480746025e-06
bilateral,5.2480746025e-06
bleed,5.2480746025e-06
brace,5.2480746025e-06
burgers,5.2480746025e-06
caption,5.2480746025e-06
captures,5.2480746025e-06
choke,5.2480746025e-06
cholesterol,5.2480746025e-06
classy,5.2480746025e-06
clicks,5.2480746025e-06
clyde,5.2480746025e-06
compelled,5.2480746025e-06
concealed,5.2480746025e-06
condemn,5.2480746025e-06
confrontation,5.2480746025e-06
constitutes,5.2480746025e-06
contributor,5.2480746025e-06
cpu,5.2480746025e-06
damon,5.2480746025e-06
deluxe,5.2480746025e-06
devastated,5.2480746025e-06
dinosaurs,5.2480746025e-06
disguise,5.2480746025e-06
dismissal,5.2480746025e-06
domains,5.2480746025e-06
downstairs,5.2480746025e-06
empathy,5.2480746025e-06
ensemble,5.2480746025e-06
ernest,5.2480746025e-06
feasible,5.2480746025e-06
flawed,5.2480746025e-06
forged,5.2480746025e-06
generals,5.2480746025e-06
genres,5.2480746025e-06
gettin,5.2480746025e-06
gi,5.2480746025e-06
goats,5.2480746025e-06
grease,5.2480746025e-06
greeks,5.2480746025e-06
guessed,5.2480746025e-06
haiti,5.2480746025e-06
hallway,5.2480746025e-06
harley,5.2480746025e-06
heavens,5.2480746025e-06
helicopters,5.2480746025e-06
homosexual,5.2480746025e-06
hulk,5.2480746025e-06
hydraulic,5.2480746025e-06
impulse,5.2480746025e-06
incapable,5.2480746025e-06
indies,5.2480746025e-06
inflammatory,5.2480746025e-06
insanity,5.2480746025e-06
insecure,5.2480746025e-06
institutes,5.2480746025e-06
integrate,5.2480746025e-06
intentional,5.2480746025e-06
ish,5.2480746025e-06
jeep,5.2480746025e-06
knot,5.2480746025e-06
laboratories,5.2480746025e-06
landscapes,5.2480746025e-06
lebanese,5.2480746025e-06
lecturer,5.2480746025e-06
lust,5.2480746025e-06
marilyn,5.2480746025e-06
markers,5.2480746025e-06
mayo,5.2480746025e-06
michel,5.2480746025e-06
microphone,5.2480746025e-06
miniature,5.2480746025e-06
monks,5.2480746025e-06
motto,5.2480746025e-06
mouths,5.2480746025e-06
murdering,5.2480746025e-06
nationality,5.2480746025e-06
natives,5.2480746025e-06
nottingham,5.2480746025e-06
nw,5.2480746025e-06
obstacle,5.2480746025e-06
occupational,5.2480746025e-06
og,5.2480746025e-06
onset,5.2480746025e-06
owes,5.2480746025e-06
pe,5.2480746025e-06
perceive,5.2480746025e-06
persecution,5.2480746025e-06
petrol,5.2480746025e-06
philosopher,5.2480746025e-06
photographed,5.2480746025e-06
pits,5.2480746025e-06
pixel,5.2480746025e-06
plantation,5.2480746025e-06
presently,5.2480746025e-06
props,5.2480746025e-06
prose,5.2480746025e-06
prostitution,5.2480746025e-06
quoting,5.2480746025e-06
radioactive,5.2480746025e-06
raining,5.2480746025e-06
rang,5.2480746025e-06
razor,5.2480746025e-06
realization,5.2480746025e-06
reconciliation,5.2480746025e-06
removes,5.2480746025e-06
restoring,5.2480746025e-06
reunited,5.2480746025e-06
rocking,5.2480746025e-06
rory,5.2480746025e-06
royals,5.2480746025e-06
rug,5.2480746025e-06
sacrifices,5.2480746025e-06
salvador,5.2480746025e-06
scanning,5.2480746025e-06
screamed,5.2480746025e-06
shaping,5.2480746025e-06
slogan,5.2480746025e-06
specimen,5.2480746025e-06
sponsorship,5.2480746025e-06
steals,5.2480746025e-06
steer,5.2480746025e-06
stefan,5.2480746025e-06
strains,5.2480746025e-06
strawberry,5.2480746025e-06
strive,5.2480746025e-06
sunglasses,5.2480746025e-06
surfing,5.2480746025e-06
tate,5.2480746025e-06
temptation,5.2480746025e-06
thrill,5.2480746025e-06
tile,5.2480746025e-06
tonnes,5.2480746025e-06
tow,5.2480746025e-06
trainers,5.2480746025e-06
translations,5.2480746025e-06
trusting,5.2480746025e-06
turtles,5.2480746025e-06
uc,5.2480746025e-06
unarmed,5.2480746025e-06
undertaking,5.2480746025e-06
unfinished,5.2480746025e-06
unhealthy,5.2480746025e-06
unlawful,5.2480746025e-06
unpopular,5.2480746025e-06
ut,5.2480746025e-06
vanessa,5.2480746025e-06
vanished,5.2480746025e-06
verb,5.2480746025e-06
versa,5.2480746025e-06
viii,5.2480746025e-06
volatile,5.2480746025e-06
voluntarily,5.2480746025e-06
vp,5.2480746025e-06
whitney,5.2480746025e-06
withdrew,5.2480746025e-06
abnormal,5.12861383991e-06
accredited,5.12861383991e-06
accuse,5.12861383991e-06
ada,5.12861383991e-06
adjusting,5.12861383991e-06
ample,5.12861383991e-06
analogy,5.12861383991e-06
analyzing,5.12861383991e-06
apex,5.12861383991e-06
apocalypse,5.12861383991e-06
appliances,5.12861383991e-06
assholes,5.12861383991e-06
backward,5.12861383991e-06
badass,5.12861383991e-06
barred,5.12861383991e-06
beck,5.12861383991e-06
bingo,5.12861383991e-06
blogging,5.12861383991e-06
boiler,5.12861383991e-06
bon,5.12861383991e-06
boulder,5.12861383991e-06
brock,5.12861383991e-06
calf,5.12861383991e-06
cambodia,5.12861383991e-06
capt,5.12861383991e-06
cb,5.12861383991e-06
clarence,5.12861383991e-06
coating,5.12861383991e-06
commentators,5.12861383991e-06
consolidation,5.12861383991e-06
continuation,5.12861383991e-06
convictions,5.12861383991e-06
convoy,5.12861383991e-06
cork,5.12861383991e-06
cosmetic,5.12861383991e-06
cubic,5.12861383991e-06
cyprus,5.12861383991e-06
declares,5.12861383991e-06
defeats,5.12861383991e-06
defenses,5.12861383991e-06
dept,5.12861383991e-06
deputies,5.12861383991e-06
descendants,5.12861383991e-06
detector,5.12861383991e-06
digest,5.12861383991e-06
diplomacy,5.12861383991e-06
directive,5.12861383991e-06
disadvantage,5.12861383991e-06
disruption,5.12861383991e-06
distract,5.12861383991e-06
downward,5.12861383991e-06
ebook,5.12861383991e-06
eco,5.12861383991e-06
emphasized,5.12861383991e-06
energetic,5.12861383991e-06
engineered,5.12861383991e-06
fest,5.12861383991e-06
fills,5.12861383991e-06
friction,5.12861383991e-06
fulfilling,5.12861383991e-06
funk,5.12861383991e-06
greatness,5.12861383991e-06
grilled,5.12861383991e-06
guiding,5.12861383991e-06
hackers,5.12861383991e-06
hazardous,5.12861383991e-06
hooker,5.12861383991e-06
hopeless,5.12861383991e-06
hourly,5.12861383991e-06
illustrate,5.12861383991e-06
imo,5.12861383991e-06
impressions,5.12861383991e-06
indirectly,5.12861383991e-06
induction,5.12861383991e-06
infrared,5.12861383991e-06
insists,5.12861383991e-06
instability,5.12861383991e-06
installing,5.12861383991e-06
invites,5.12861383991e-06
irene,5.12861383991e-06
irving,5.12861383991e-06
ja,5.12861383991e-06
jacques,5.12861383991e-06
jong,5.12861383991e-06
klein,5.12861383991e-06
limitation,5.12861383991e-06
linguistic,5.12861383991e-06
listeners,5.12861383991e-06
litter,5.12861383991e-06
ls,5.12861383991e-06
lump,5.12861383991e-06
macro,5.12861383991e-06
mag,5.12861383991e-06
magistrate,5.12861383991e-06
marginal,5.12861383991e-06
masculine,5.12861383991e-06
milestone,5.12861383991e-06
mug,5.12861383991e-06
municipality,5.12861383991e-06
mushrooms,5.12861383991e-06
nd,5.12861383991e-06
ned,5.12861383991e-06
neurons,5.12861383991e-06
ninety,5.12861383991e-06
nutrients,5.12861383991e-06
observatory,5.12861383991e-06
oi,5.12861383991e-06
openings,5.12861383991e-06
outdoors,5.12861383991e-06
pcs,5.12861383991e-06
pedestrian,5.12861383991e-06
penetration,5.12861383991e-06
pod,5.12861383991e-06
posing,5.12861383991e-06
predator,5.12861383991e-06
preferably,5.12861383991e-06
programmed,5.12861383991e-06
projections,5.12861383991e-06
prophecy,5.12861383991e-06
proudly,5.12861383991e-06
rebuilding,5.12861383991e-06
recorder,5.12861383991e-06
recurring,5.12861383991e-06
relaxation,5.12861383991e-06
resembles,5.12861383991e-06
respectable,5.12861383991e-06
respectful,5.12861383991e-06
richer,5.12861383991e-06
rn,5.12861383991e-06
rodriguez,5.12861383991e-06
roma,5.12861383991e-06
romeo,5.12861383991e-06
routinely,5.12861383991e-06
rubbing,5.12861383991e-06
sailed,5.12861383991e-06
salute,5.12861383991e-06
scripts,5.12861383991e-06
scum,5.12861383991e-06
serbia,5.12861383991e-06
severity,5.12861383991e-06
shady,5.12861383991e-06
shutting,5.12861383991e-06
sketches,5.12861383991e-06
slack,5.12861383991e-06
sleeps,5.12861383991e-06
slick,5.12861383991e-06
slowed,5.12861383991e-06
slowing,5.12861383991e-06
sm,5.12861383991e-06
spontaneous,5.12861383991e-06
starred,5.12861383991e-06
stationed,5.12861383991e-06
sticker,5.12861383991e-06
stove,5.12861383991e-06
submissions,5.12861383991e-06
tactic,5.12861383991e-06
tb,5.12861383991e-06
template,5.12861383991e-06
teresa,5.12861383991e-06
texting,5.12861383991e-06
theorem,5.12861383991e-06
theresa,5.12861383991e-06
tiles,5.12861383991e-06
tn,5.12861383991e-06
tore,5.12861383991e-06
tract,5.12861383991e-06
treaties,5.12861383991e-06
tri,5.12861383991e-06
tribune,5.12861383991e-06
undergoing,5.12861383991e-06
unexpectedly,5.12861383991e-06
upward,5.12861383991e-06
val,5.12861383991e-06
vera,5.12861383991e-06
vista,5.12861383991e-06
vogue,5.12861383991e-06
volcanic,5.12861383991e-06
wagner,5.12861383991e-06
wildly,5.12861383991e-06
winding,5.12861383991e-06
acclaimed,5.01187233627e-06
accumulated,5.01187233627e-06
adore,5.01187233627e-06
afc,5.01187233627e-06
akin,5.01187233627e-06
alphabet,5.01187233627e-06
announcements,5.01187233627e-06
appoint,5.01187233627e-06
apprentice,5.01187233627e-06
auckland,5.01187233627e-06
bananas,5.01187233627e-06
baseline,5.01187233627e-06
beasts,5.01187233627e-06
benedict,5.01187233627e-06
beware,5.01187233627e-06
bieber,5.01187233627e-06
bikini,5.01187233627e-06
bisexual,5.01187233627e-06
boulevard,5.01187233627e-06
bracelet,5.01187233627e-06
capsule,5.01187233627e-06
captive,5.01187233627e-06
carr,5.01187233627e-06
cha,5.01187233627e-06
christie,5.01187233627e-06
chronicle,5.01187233627e-06
cinnamon,5.01187233627e-06
comprehend,5.01187233627e-06
compulsory,5.01187233627e-06
confederate,5.01187233627e-06
contaminated,5.01187233627e-06
contamination,5.01187233627e-06
contests,5.01187233627e-06
coping,5.01187233627e-06
corey,5.01187233627e-06
counterpart,5.01187233627e-06
creed,5.01187233627e-06
crisp,5.01187233627e-06
crust,5.01187233627e-06
cutter,5.01187233627e-06
daring,5.01187233627e-06
delegate,5.01187233627e-06
deploy,5.01187233627e-06
dietary,5.01187233627e-06
dissertation,5.01187233627e-06
dividends,5.01187233627e-06
domination,5.01187233627e-06
downloading,5.01187233627e-06
ec,5.01187233627e-06
emission,5.01187233627e-06
ethan,5.01187233627e-06
evaluating,5.01187233627e-06
everton,5.01187233627e-06
expelled,5.01187233627e-06
fin,5.01187233627e-06
fined,5.01187233627e-06
flora,5.01187233627e-06
folding,5.01187233627e-06
fracture,5.01187233627e-06
frances,5.01187233627e-06
functionality,5.01187233627e-06
gamma,5.01187233627e-06
gays,5.01187233627e-06
gaze,5.01187233627e-06
genome,5.01187233627e-06
grains,5.01187233627e-06
grape,5.01187233627e-06
gravel,5.01187233627e-06
haircut,5.01187233627e-06
haired,5.01187233627e-06
hangs,5.01187233627e-06
hastings,5.01187233627e-06
highland,5.01187233627e-06
histories,5.01187233627e-06
honoured,5.01187233627e-06
hugs,5.01187233627e-06
hustle,5.01187233627e-06
hyde,5.01187233627e-06
ia,5.01187233627e-06
idle,5.01187233627e-06
indictment,5.01187233627e-06
insulting,5.01187233627e-06
irregular,5.01187233627e-06
juicy,5.01187233627e-06
jumper,5.01187233627e-06
justices,5.01187233627e-06
kardashian,5.01187233627e-06
leaking,5.01187233627e-06
limb,5.01187233627e-06
mack,5.01187233627e-06
mammals,5.01187233627e-06
manually,5.01187233627e-06
meaningless,5.01187233627e-06
millennium,5.01187233627e-06
misunderstanding,5.01187233627e-06
modelling,5.01187233627e-06
modules,5.01187233627e-06
moody,5.01187233627e-06
nam,5.01187233627e-06
needles,5.01187233627e-06
noodles,5.01187233627e-06
offender,5.01187233627e-06
oracle,5.01187233627e-06
overlap,5.01187233627e-06
patrons,5.01187233627e-06
pd,5.01187233627e-06
peek,5.01187233627e-06
pentagon,5.01187233627e-06
peters,5.01187233627e-06
petersburg,5.01187233627e-06
porsche,5.01187233627e-06
pos,5.01187233627e-06
pottery,5.01187233627e-06
prairie,5.01187233627e-06
prank,5.01187233627e-06
premature,5.01187233627e-06
psychiatrist,5.01187233627e-06
quad,5.01187233627e-06
quartz,5.01187233627e-06
quitting,5.01187233627e-06
rb,5.01187233627e-06
residency,5.01187233627e-06
resolutions,5.01187233627e-06
responsive,5.01187233627e-06
richest,5.01187233627e-06
roar,5.01187233627e-06
ronnie,5.01187233627e-06
rooney,5.01187233627e-06
rot,5.01187233627e-06
rulers,5.01187233627e-06
salem,5.01187233627e-06
sank,5.01187233627e-06
santos,5.01187233627e-06
sb,5.01187233627e-06
seahawks,5.01187233627e-06
sidney,5.01187233627e-06
sleeves,5.01187233627e-06
songwriter,5.01187233627e-06
sophia,5.01187233627e-06
spear,5.01187233627e-06
spies,5.01187233627e-06
stain,5.01187233627e-06
stella,5.01187233627e-06
stimulation,5.01187233627e-06
stranded,5.01187233627e-06
stretches,5.01187233627e-06
stylish,5.01187233627e-06
subs,5.01187233627e-06
sur,5.01187233627e-06
tasted,5.01187233627e-06
technician,5.01187233627e-06
temples,5.01187233627e-06
tidal,5.01187233627e-06
transcript,5.01187233627e-06
treasures,5.01187233627e-06
trench,5.01187233627e-06
trousers,5.01187233627e-06
unwilling,5.01187233627e-06
uruguay,5.01187233627e-06
utc,5.01187233627e-06
validity,5.01187233627e-06
variants,5.01187233627e-06
varsity,5.01187233627e-06
verification,5.01187233627e-06
vows,5.01187233627e-06
vulnerability,5.01187233627e-06
wesley,5.01187233627e-06
whichever,5.01187233627e-06
whipped,5.01187233627e-06
wo,5.01187233627e-06
wrath,5.01187233627e-06
yuan,5.01187233627e-06
zen,5.01187233627e-06
abuses,4.89778819368e-06
accomplishment,4.89778819368e-06
acquisitions,4.89778819368e-06
aide,4.89778819368e-06
allegiance,4.89778819368e-06
apt,4.89778819368e-06
attracting,4.89778819368e-06
avatar,4.89778819368e-06
bali,4.89778819368e-06
bangalore,4.89778819368e-06
bans,4.89778819368e-06
battling,4.89778819368e-06
beads,4.89778819368e-06
beverage,4.89778819368e-06
blaze,4.89778819368e-06
brendan,4.89778819368e-06
brent,4.89778819368e-06
broadband,4.89778819368e-06
bullied,4.89778819368e-06
bumper,4.89778819368e-06
butterflies,4.89778819368e-06
carlo,4.89778819368e-06
caves,4.89778819368e-06
chalk,4.89778819368e-06
chilling,4.89778819368e-06
coaster,4.89778819368e-06
coated,4.89778819368e-06
constituency,4.89778819368e-06
contingent,4.89778819368e-06
cornell,4.89778819368e-06
corrections,4.89778819368e-06
costing,4.89778819368e-06
councillor,4.89778819368e-06
cyclists,4.89778819368e-06
daniels,4.89778819368e-06
deprived,4.89778819368e-06
diplomat,4.89778819368e-06
disciplines,4.89778819368e-06
dos,4.89778819368e-06
drained,4.89778819368e-06
eldest,4.89778819368e-06
emphasize,4.89778819368e-06
entirety,4.89778819368e-06
everytime,4.89778819368e-06
exodus,4.89778819368e-06
explosions,4.89778819368e-06
fallout,4.89778819368e-06
feather,4.89778819368e-06
figuring,4.89778819368e-06
financed,4.89778819368e-06
firearm,4.89778819368e-06
fisheries,4.89778819368e-06
flock,4.89778819368e-06
flyers,4.89778819368e-06
footballer,4.89778819368e-06
footsteps,4.89778819368e-06
forestry,4.89778819368e-06
ghetto,4.89778819368e-06
grim,4.89778819368e-06
helpless,4.89778819368e-06
hemisphere,4.89778819368e-06
hides,4.89778819368e-06
housed,4.89778819368e-06
hs,4.89778819368e-06
hyper,4.89778819368e-06
inconvenience,4.89778819368e-06
incorporating,4.89778819368e-06
injected,4.89778819368e-06
insured,4.89778819368e-06
intends,4.89778819368e-06
intervals,4.89778819368e-06
intriguing,4.89778819368e-06
invasive,4.89778819368e-06
ipod,4.89778819368e-06
iq,4.89778819368e-06
irrigation,4.89778819368e-06
ix,4.89778819368e-06
killings,4.89778819368e-06
lastly,4.89778819368e-06
liberties,4.89778819368e-06
lipstick,4.89778819368e-06
macdonald,4.89778819368e-06
manipulate,4.89778819368e-06
mart,4.89778819368e-06
martinez,4.89778819368e-06
meyer,4.89778819368e-06
midlands,4.89778819368e-06
midway,4.89778819368e-06
minors,4.89778819368e-06
moist,4.89778819368e-06
monarch,4.89778819368e-06
monte,4.89778819368e-06
monuments,4.89778819368e-06
mortgages,4.89778819368e-06
mourning,4.89778819368e-06
mu,4.89778819368e-06
mustard,4.89778819368e-06
negatively,4.89778819368e-06
neighbour,4.89778819368e-06
nissan,4.89778819368e-06
norwich,4.89778819368e-06
nothin,4.89778819368e-06
objections,4.89778819368e-06
patterson,4.89778819368e-06
persona,4.89778819368e-06
plaque,4.89778819368e-06
pls,4.89778819368e-06
plymouth,4.89778819368e-06
poetic,4.89778819368e-06
preach,4.89778819368e-06
preaching,4.89778819368e-06
princes,4.89778819368e-06
proposing,4.89778819368e-06
punjab,4.89778819368e-06
purity,4.89778819368e-06
rabbi,4.89778819368e-06
ramsey,4.89778819368e-06
realism,4.89778819368e-06
receipts,4.89778819368e-06
retrieve,4.89778819368e-06
rhodes,4.89778819368e-06
ri,4.89778819368e-06
scheduling,4.89778819368e-06
scoop,4.89778819368e-06
scotch,4.89778819368e-06
scrub,4.89778819368e-06
separating,4.89778819368e-06
sewing,4.89778819368e-06
shale,4.89778819368e-06
shin,4.89778819368e-06
shootings,4.89778819368e-06
simplified,4.89778819368e-06
slipping,4.89778819368e-06
smartphones,4.89778819368e-06
sol,4.89778819368e-06
solicitor,4.89778819368e-06
sophomore,4.89778819368e-06
spreads,4.89778819368e-06
squadron,4.89778819368e-06
squirrel,4.89778819368e-06
stalin,4.89778819368e-06
stickers,4.89778819368e-06
stigma,4.89778819368e-06
strengthened,4.89778819368e-06
taco,4.89778819368e-06
takeover,4.89778819368e-06
taliban,4.89778819368e-06
tapped,4.89778819368e-06
thor,4.89778819368e-06
thumbs,4.89778819368e-06
tinder,4.89778819368e-06
titan,4.89778819368e-06
trait,4.89778819368e-06
traitor,4.89778819368e-06
troop,4.89778819368e-06
truths,4.89778819368e-06
underestimate,4.89778819368e-06
uni,4.89778819368e-06
updating,4.89778819368e-06
urges,4.89778819368e-06
wallpaper,4.89778819368e-06
wasnt,4.89778819368e-06
watt,4.89778819368e-06
weighs,4.89778819368e-06
willis,4.89778819368e-06
willow,4.89778819368e-06
addict,4.78630092323e-06
ale,4.78630092323e-06
api,4.78630092323e-06
archaeological,4.78630092323e-06
assistants,4.78630092323e-06
az,4.78630092323e-06
banging,4.78630092323e-06
bathing,4.78630092323e-06
bending,4.78630092323e-06
bengal,4.78630092323e-06
betrayal,4.78630092323e-06
boiled,4.78630092323e-06
bonding,4.78630092323e-06
bounds,4.78630092323e-06
breeds,4.78630092323e-06
byron,4.78630092323e-06
cardiovascular,4.78630092323e-06
chic,4.78630092323e-06
clone,4.78630092323e-06
clusters,4.78630092323e-06
communal,4.78630092323e-06
compliments,4.78630092323e-06
consortium,4.78630092323e-06
controllers,4.78630092323e-06
copying,4.78630092323e-06
countdown,4.78630092323e-06
courier,4.78630092323e-06
danced,4.78630092323e-06
dd,4.78630092323e-06
debating,4.78630092323e-06
decreasing,4.78630092323e-06
defect,4.78630092323e-06
disastrous,4.78630092323e-06
displaying,4.78630092323e-06
drown,4.78630092323e-06
drummer,4.78630092323e-06
durable,4.78630092323e-06
efficacy,4.78630092323e-06
erik,4.78630092323e-06
erin,4.78630092323e-06
exaggerated,4.78630092323e-06
exclusion,4.78630092323e-06
exhibitions,4.78630092323e-06
exploited,4.78630092323e-06
extracted,4.78630092323e-06
faults,4.78630092323e-06
filipino,4.78630092323e-06
flashing,4.78630092323e-06
freelance,4.78630092323e-06
gerard,4.78630092323e-06
gin,4.78630092323e-06
girlfriends,4.78630092323e-06
granting,4.78630092323e-06
greeting,4.78630092323e-06
hawaiian,4.78630092323e-06
headaches,4.78630092323e-06
honeymoon,4.78630092323e-06
ignition,4.78630092323e-06
impaired,4.78630092323e-06
incomes,4.78630092323e-06
investigative,4.78630092323e-06
ir,4.78630092323e-06
jewel,4.78630092323e-06
jupiter,4.78630092323e-06
leonardo,4.78630092323e-06
manifest,4.78630092323e-06
mans,4.78630092323e-06
marx,4.78630092323e-06
mets,4.78630092323e-06
mourinho,4.78630092323e-06
mutually,4.78630092323e-06
navigate,4.78630092323e-06
obese,4.78630092323e-06
outreach,4.78630092323e-06
overlooking,4.78630092323e-06
pandemic,4.78630092323e-06
passages,4.78630092323e-06
perceptions,4.78630092323e-06
perimeter,4.78630092323e-06
pike,4.78630092323e-06
piper,4.78630092323e-06
preacher,4.78630092323e-06
preceded,4.78630092323e-06
procurement,4.78630092323e-06
protector,4.78630092323e-06
pulp,4.78630092323e-06
rabbits,4.78630092323e-06
ransom,4.78630092323e-06
recruits,4.78630092323e-06
reel,4.78630092323e-06
refs,4.78630092323e-06
reg,4.78630092323e-06
rehearsal,4.78630092323e-06
reinforce,4.78630092323e-06
restart,4.78630092323e-06
revive,4.78630092323e-06
rigorous,4.78630092323e-06
ringing,4.78630092323e-06
rna,4.78630092323e-06
scarf,4.78630092323e-06
scenery,4.78630092323e-06
selections,4.78630092323e-06
sensory,4.78630092323e-06
shelters,4.78630092323e-06
sidewalk,4.78630092323e-06
skeptical,4.78630092323e-06
skype,4.78630092323e-06
sleepy,4.78630092323e-06
smoothly,4.78630092323e-06
speeding,4.78630092323e-06
staple,4.78630092323e-06
steelers,4.78630092323e-06
stereotypes,4.78630092323e-06
stirring,4.78630092323e-06
strand,4.78630092323e-06
stunned,4.78630092323e-06
suppression,4.78630092323e-06
sushi,4.78630092323e-06
suspend,4.78630092323e-06
sw,4.78630092323e-06
swelling,4.78630092323e-06
tails,4.78630092323e-06
terminology,4.78630092323e-06
theatrical,4.78630092323e-06
timer,4.78630092323e-06
travellers,4.78630092323e-06
trustee,4.78630092323e-06
turnout,4.78630092323e-06
tying,4.78630092323e-06
unanimous,4.78630092323e-06
unpredictable,4.78630092323e-06
urging,4.78630092323e-06
validation,4.78630092323e-06
vengeance,4.78630092323e-06
verizon,4.78630092323e-06
visually,4.78630092323e-06
waits,4.78630092323e-06
wakes,4.78630092323e-06
weighted,4.78630092323e-06
wii,4.78630092323e-06
xl,4.78630092323e-06
zhang,4.78630092323e-06
acc,4.67735141287e-06
activism,4.67735141287e-06
advent,4.67735141287e-06
airborne,4.67735141287e-06
alas,4.67735141287e-06
astonishing,4.67735141287e-06
aww,4.67735141287e-06
bakery,4.67735141287e-06
barracks,4.67735141287e-06
bart,4.67735141287e-06
bathrooms,4.67735141287e-06
baths,4.67735141287e-06
believer,4.67735141287e-06
benefited,4.67735141287e-06
blankets,4.67735141287e-06
borne,4.67735141287e-06
brokers,4.67735141287e-06
bunker,4.67735141287e-06
caffeine,4.67735141287e-06
capped,4.67735141287e-06
carlton,4.67735141287e-06
chaotic,4.67735141287e-06
chargers,4.67735141287e-06
cite,4.67735141287e-06
classrooms,4.67735141287e-06
commentator,4.67735141287e-06
commercially,4.67735141287e-06
confirming,4.67735141287e-06
confuse,4.67735141287e-06
contributors,4.67735141287e-06
copenhagen,4.67735141287e-06
cosmetics,4.67735141287e-06
coward,4.67735141287e-06
dammit,4.67735141287e-06
dell,4.67735141287e-06
dent,4.67735141287e-06
depart,4.67735141287e-06
destroys,4.67735141287e-06
detectives,4.67735141287e-06
diminished,4.67735141287e-06
disappears,4.67735141287e-06
disappoint,4.67735141287e-06
dl,4.67735141287e-06
dolphin,4.67735141287e-06
dove,4.67735141287e-06
dumping,4.67735141287e-06
dunn,4.67735141287e-06
dusty,4.67735141287e-06
embracing,4.67735141287e-06
enduring,4.67735141287e-06
enlightenment,4.67735141287e-06
fibre,4.67735141287e-06
finnish,4.67735141287e-06
fixture,4.67735141287e-06
focal,4.67735141287e-06
friendships,4.67735141287e-06
frightening,4.67735141287e-06
fucker,4.67735141287e-06
gala,4.67735141287e-06
gardening,4.67735141287e-06
garrett,4.67735141287e-06
garrison,4.67735141287e-06
gears,4.67735141287e-06
generates,4.67735141287e-06
gladly,4.67735141287e-06
goodwill,4.67735141287e-06
govern,4.67735141287e-06
gradual,4.67735141287e-06
greetings,4.67735141287e-06
groceries,4.67735141287e-06
hacker,4.67735141287e-06
hal,4.67735141287e-06
harness,4.67735141287e-06
hashtag,4.67735141287e-06
hassan,4.67735141287e-06
heartbeat,4.67735141287e-06
heh,4.67735141287e-06
highlighting,4.67735141287e-06
holt,4.67735141287e-06
honourable,4.67735141287e-06
illnesses,4.67735141287e-06
imminent,4.67735141287e-06
inaugural,4.67735141287e-06
insulation,4.67735141287e-06
intern,4.67735141287e-06
irresponsible,4.67735141287e-06
jakarta,4.67735141287e-06
johannesburg,4.67735141287e-06
judith,4.67735141287e-06
kathy,4.67735141287e-06
lag,4.67735141287e-06
lays,4.67735141287e-06
lenders,4.67735141287e-06
lg,4.67735141287e-06
locality,4.67735141287e-06
lure,4.67735141287e-06
malicious,4.67735141287e-06
mattress,4.67735141287e-06
meredith,4.67735141287e-06
merged,4.67735141287e-06
merits,4.67735141287e-06
mist,4.67735141287e-06
mole,4.67735141287e-06
molecule,4.67735141287e-06
monarchy,4.67735141287e-06
mormon,4.67735141287e-06
muscular,4.67735141287e-06
neutrality,4.67735141287e-06
nikki,4.67735141287e-06
noisy,4.67735141287e-06
notre,4.67735141287e-06
orgasm,4.67735141287e-06
otto,4.67735141287e-06
panties,4.67735141287e-06
parcel,4.67735141287e-06
partition,4.67735141287e-06
peculiar,4.67735141287e-06
penguins,4.67735141287e-06
prayed,4.67735141287e-06
prefers,4.67735141287e-06
proposes,4.67735141287e-06
proprietary,4.67735141287e-06
prostate,4.67735141287e-06
protagonist,4.67735141287e-06
punching,4.67735141287e-06
puppies,4.67735141287e-06
rafael,4.67735141287e-06
randall,4.67735141287e-06
rant,4.67735141287e-06
rash,4.67735141287e-06
realities,4.67735141287e-06
recalls,4.67735141287e-06
receivers,4.67735141287e-06
referenced,4.67735141287e-06
reflections,4.67735141287e-06
rejects,4.67735141287e-06
replica,4.67735141287e-06
representations,4.67735141287e-06
reside,4.67735141287e-06
richie,4.67735141287e-06
ripe,4.67735141287e-06
rituals,4.67735141287e-06
riverside,4.67735141287e-06
roberto,4.67735141287e-06
rodney,4.67735141287e-06
rp,4.67735141287e-06
sac,4.67735141287e-06
sacrificed,4.67735141287e-06
sane,4.67735141287e-06
savior,4.67735141287e-06
scenic,4.67735141287e-06
sip,4.67735141287e-06
slapped,4.67735141287e-06
snail,4.67735141287e-06
somalia,4.67735141287e-06
spotify,4.67735141287e-06
spun,4.67735141287e-06
statistically,4.67735141287e-06
stimulate,4.67735141287e-06
strangely,4.67735141287e-06
surveyed,4.67735141287e-06
susceptible,4.67735141287e-06
theodore,4.67735141287e-06
thighs,4.67735141287e-06
tipped,4.67735141287e-06
toby,4.67735141287e-06
toilets,4.67735141287e-06
torres,4.67735141287e-06
translates,4.67735141287e-06
translator,4.67735141287e-06
transmit,4.67735141287e-06
trophies,4.67735141287e-06
ts,4.67735141287e-06
tuning,4.67735141287e-06
tutor,4.67735141287e-06
unsafe,4.67735141287e-06
verge,4.67735141287e-06
vibrant,4.67735141287e-06
wander,4.67735141287e-06
wong,4.67735141287e-06
xp,4.67735141287e-06
yeast,4.67735141287e-06
abdul,4.57088189615e-06
absorption,4.57088189615e-06
accelerate,4.57088189615e-06
acne,4.57088189615e-06
advertise,4.57088189615e-06
apologise,4.57088189615e-06
aspirations,4.57088189615e-06
assassin,4.57088189615e-06
assign,4.57088189615e-06
aston,4.57088189615e-06
audi,4.57088189615e-06
backlash,4.57088189615e-06
balloons,4.57088189615e-06
bbq,4.57088189615e-06
believers,4.57088189615e-06
blockchain,4.57088189615e-06
bonnie,4.57088189615e-06
brewery,4.57088189615e-06
bulb,4.57088189615e-06
cardboard,4.57088189615e-06
casually,4.57088189615e-06
chartered,4.57088189615e-06
chew,4.57088189615e-06
circumstance,4.57088189615e-06
cliffs,4.57088189615e-06
collateral,4.57088189615e-06
congestion,4.57088189615e-06
conquered,4.57088189615e-06
courtney,4.57088189615e-06
creditors,4.57088189615e-06
criticised,4.57088189615e-06
criticisms,4.57088189615e-06
crossover,4.57088189615e-06
crunch,4.57088189615e-06
curtains,4.57088189615e-06
daytime,4.57088189615e-06
debbie,4.57088189615e-06
deliveries,4.57088189615e-06
demise,4.57088189615e-06
dependence,4.57088189615e-06
deutsche,4.57088189615e-06
dictator,4.57088189615e-06
diets,4.57088189615e-06
differs,4.57088189615e-06
digits,4.57088189615e-06
dime,4.57088189615e-06
dire,4.57088189615e-06
disagreement,4.57088189615e-06
disciples,4.57088189615e-06
disregard,4.57088189615e-06
distributor,4.57088189615e-06
dominion,4.57088189615e-06
downhill,4.57088189615e-06
drafting,4.57088189615e-06
dreadful,4.57088189615e-06
drunken,4.57088189615e-06
earnest,4.57088189615e-06
eng,4.57088189615e-06
erase,4.57088189615e-06
evacuated,4.57088189615e-06
exp,4.57088189615e-06
extinct,4.57088189615e-06
forbid,4.57088189615e-06
forgiven,4.57088189615e-06
freezer,4.57088189615e-06
genetically,4.57088189615e-06
greeted,4.57088189615e-06
hare,4.57088189615e-06
healed,4.57088189615e-06
herein,4.57088189615e-06
hoffman,4.57088189615e-06
honorary,4.57088189615e-06
immature,4.57088189615e-06
imperative,4.57088189615e-06
ineffective,4.57088189615e-06
interacting,4.57088189615e-06
jerome,4.57088189615e-06
jess,4.57088189615e-06
julius,4.57088189615e-06
knit,4.57088189615e-06
kumar,4.57088189615e-06
kuwait,4.57088189615e-06
laps,4.57088189615e-06
lester,4.57088189615e-06
manly,4.57088189615e-06
marvin,4.57088189615e-06
maternity,4.57088189615e-06
meanings,4.57088189615e-06
misconduct,4.57088189615e-06
morale,4.57088189615e-06
mornings,4.57088189615e-06
mute,4.57088189615e-06
needless,4.57088189615e-06
nerd,4.57088189615e-06
nokia,4.57088189615e-06
nominees,4.57088189615e-06
notifications,4.57088189615e-06
novelty,4.57088189615e-06
optimism,4.57088189615e-06
optimization,4.57088189615e-06
outdated,4.57088189615e-06
oxide,4.57088189615e-06
paints,4.57088189615e-06
peasants,4.57088189615e-06
pence,4.57088189615e-06
peppers,4.57088189615e-06
percy,4.57088189615e-06
perez,4.57088189615e-06
peripheral,4.57088189615e-06
pinned,4.57088189615e-06
pint,4.57088189615e-06
pleaded,4.57088189615e-06
poop,4.57088189615e-06
pornography,4.57088189615e-06
ppl,4.57088189615e-06
prepares,4.57088189615e-06
prevalence,4.57088189615e-06
proceeding,4.57088189615e-06
pronounce,4.57088189615e-06
proportions,4.57088189615e-06
provisional,4.57088189615e-06
punches,4.57088189615e-06
ravens,4.57088189615e-06
reddit,4.57088189615e-06
remark,4.57088189615e-06
repay,4.57088189615e-06
roland,4.57088189615e-06
ropes,4.57088189615e-06
rouge,4.57088189615e-06
rumours,4.57088189615e-06
santiago,4.57088189615e-06
saturated,4.57088189615e-06
scares,4.57088189615e-06
screened,4.57088189615e-06
shaved,4.57088189615e-06
shooters,4.57088189615e-06
shove,4.57088189615e-06
skipped,4.57088189615e-06
smashing,4.57088189615e-06
sms,4.57088189615e-06
snaps,4.57088189615e-06
soaked,4.57088189615e-06
softball,4.57088189615e-06
southeastern,4.57088189615e-06
spears,4.57088189615e-06
specials,4.57088189615e-06
spectators,4.57088189615e-06
spur,4.57088189615e-06
stevie,4.57088189615e-06
storytelling,4.57088189615e-06
stumbled,4.57088189615e-06
stupidity,4.57088189615e-06
suppress,4.57088189615e-06
sweating,4.57088189615e-06
swings,4.57088189615e-06
tangible,4.57088189615e-06
tara,4.57088189615e-06
textbooks,4.57088189615e-06
theo,4.57088189615e-06
tilt,4.57088189615e-06
tougher,4.57088189615e-06
trivial,4.57088189615e-06
turks,4.57088189615e-06
unofficial,4.57088189615e-06
veil,4.57088189615e-06
versatile,4.57088189615e-06
warsaw,4.57088189615e-06
wed,4.57088189615e-06
wr,4.57088189615e-06
yi,4.57088189615e-06
zoe,4.57088189615e-06
acknowledging,4.46683592151e-06
alec,4.46683592151e-06
anthropology,4.46683592151e-06
artery,4.46683592151e-06
bamboo,4.46683592151e-06
basil,4.46683592151e-06
blackberry,4.46683592151e-06
bolton,4.46683592151e-06
bombay,4.46683592151e-06
booze,4.46683592151e-06
brennan,4.46683592151e-06
bronx,4.46683592151e-06
buzzing,4.46683592151e-06
caliber,4.46683592151e-06
cbd,4.46683592151e-06
cellphone,4.46683592151e-06
chord,4.46683592151e-06
clare,4.46683592151e-06
concessions,4.46683592151e-06
contracting,4.46683592151e-06
cooks,4.46683592151e-06
corporal,4.46683592151e-06
courtyard,4.46683592151e-06
crafted,4.46683592151e-06
crest,4.46683592151e-06
crowned,4.46683592151e-06
cynthia,4.46683592151e-06
dang,4.46683592151e-06
deception,4.46683592151e-06
decor,4.46683592151e-06
defeating,4.46683592151e-06
derivative,4.46683592151e-06
discomfort,4.46683592151e-06
dominican,4.46683592151e-06
drastically,4.46683592151e-06
driveway,4.46683592151e-06
duel,4.46683592151e-06
edwin,4.46683592151e-06
elf,4.46683592151e-06
ev,4.46683592151e-06
evenly,4.46683592151e-06
exemption,4.46683592151e-06
fashionable,4.46683592151e-06
fetch,4.46683592151e-06
fishermen,4.46683592151e-06
flipped,4.46683592151e-06
fo,4.46683592151e-06
formidable,4.46683592151e-06
frankie,4.46683592151e-06
furnished,4.46683592151e-06
fuzzy,4.46683592151e-06
gibbs,4.46683592151e-06
gmt,4.46683592151e-06
gothic,4.46683592151e-06
graffiti,4.46683592151e-06
grenade,4.46683592151e-06
guitars,4.46683592151e-06
hague,4.46683592151e-06
hamlet,4.46683592151e-06
hampton,4.46683592151e-06
hc,4.46683592151e-06
helm,4.46683592151e-06
herbs,4.46683592151e-06
herman,4.46683592151e-06
higgins,4.46683592151e-06
highlands,4.46683592151e-06
honours,4.46683592151e-06
hooks,4.46683592151e-06
hrs,4.46683592151e-06
html,4.46683592151e-06
hugely,4.46683592151e-06
hypocrisy,4.46683592151e-06
imagining,4.46683592151e-06
inaccurate,4.46683592151e-06
inception,4.46683592151e-06
incompetent,4.46683592151e-06
indefinitely,4.46683592151e-06
intervene,4.46683592151e-06
jerseys,4.46683592151e-06
jessie,4.46683592151e-06
jp,4.46683592151e-06
jules,4.46683592151e-06
katy,4.46683592151e-06
kin,4.46683592151e-06
kirby,4.46683592151e-06
kobe,4.46683592151e-06
kris,4.46683592151e-06
laurie,4.46683592151e-06
legislators,4.46683592151e-06
lobster,4.46683592151e-06
logged,4.46683592151e-06
loneliness,4.46683592151e-06
loops,4.46683592151e-06
mae,4.46683592151e-06
malaria,4.46683592151e-06
manifesto,4.46683592151e-06
manuscripts,4.46683592151e-06
masked,4.46683592151e-06
maze,4.46683592151e-06
methodist,4.46683592151e-06
monaco,4.46683592151e-06
monastery,4.46683592151e-06
morals,4.46683592151e-06
mutations,4.46683592151e-06
naomi,4.46683592151e-06
narrowly,4.46683592151e-06
negligence,4.46683592151e-06
nexus,4.46683592151e-06
nicer,4.46683592151e-06
nightclub,4.46683592151e-06
numerical,4.46683592151e-06
obsolete,4.46683592151e-06
offences,4.46683592151e-06
optic,4.46683592151e-06
panda,4.46683592151e-06
panther,4.46683592151e-06
peas,4.46683592151e-06
perkins,4.46683592151e-06
posture,4.46683592151e-06
prague,4.46683592151e-06
preseason,4.46683592151e-06
qaeda,4.46683592151e-06
raging,4.46683592151e-06
rc,4.46683592151e-06
receptors,4.46683592151e-06
refresh,4.46683592151e-06
resonance,4.46683592151e-06
ruthless,4.46683592151e-06
salvage,4.46683592151e-06
samurai,4.46683592151e-06
sasha,4.46683592151e-06
satire,4.46683592151e-06
saul,4.46683592151e-06
seafood,4.46683592151e-06
shakes,4.46683592151e-06
signaling,4.46683592151e-06
simplest,4.46683592151e-06
slash,4.46683592151e-06
spaghetti,4.46683592151e-06
speedy,4.46683592151e-06
spying,4.46683592151e-06
staging,4.46683592151e-06
standpoint,4.46683592151e-06
statues,4.46683592151e-06
stein,4.46683592151e-06
sway,4.46683592151e-06
tasting,4.46683592151e-06
tempting,4.46683592151e-06
terminate,4.46683592151e-06
torque,4.46683592151e-06
towels,4.46683592151e-06
trailers,4.46683592151e-06
transforming,4.46683592151e-06
trinidad,4.46683592151e-06
unconstitutional,4.46683592151e-06
undermine,4.46683592151e-06
underwent,4.46683592151e-06
vacancy,4.46683592151e-06
var,4.46683592151e-06
veto,4.46683592151e-06
villains,4.46683592151e-06
vocational,4.46683592151e-06
wenger,4.46683592151e-06
wickets,4.46683592151e-06
withstand,4.46683592151e-06
woodland,4.46683592151e-06
zinc,4.46683592151e-06
accustomed,4.3651583224e-06
adequately,4.3651583224e-06
ahmad,4.3651583224e-06
alicia,4.3651583224e-06
amazingly,4.3651583224e-06
ambitions,4.3651583224e-06
applicant,4.3651583224e-06
approximate,4.3651583224e-06
assemble,4.3651583224e-06
averages,4.3651583224e-06
baghdad,4.3651583224e-06
ballots,4.3651583224e-06
bam,4.3651583224e-06
bargaining,4.3651583224e-06
barrett,4.3651583224e-06
bates,4.3651583224e-06
baton,4.3651583224e-06
beginnings,4.3651583224e-06
births,4.3651583224e-06
breakup,4.3651583224e-06
brew,4.3651583224e-06
bulldogs,4.3651583224e-06
camel,4.3651583224e-06
canberra,4.3651583224e-06
catering,4.3651583224e-06
charger,4.3651583224e-06
checkout,4.3651583224e-06
chefs,4.3651583224e-06
chronicles,4.3651583224e-06
chunk,4.3651583224e-06
classmates,4.3651583224e-06
coca,4.3651583224e-06
cocoa,4.3651583224e-06
comet,4.3651583224e-06
compartment,4.3651583224e-06
compositions,4.3651583224e-06
conditioned,4.3651583224e-06
contestants,4.3651583224e-06
cooled,4.3651583224e-06
corpus,4.3651583224e-06
coupons,4.3651583224e-06
cove,4.3651583224e-06
cozy,4.3651583224e-06
culturally,4.3651583224e-06
currents,4.3651583224e-06
deficiency,4.3651583224e-06
deported,4.3651583224e-06
deposited,4.3651583224e-06
derivatives,4.3651583224e-06
deserted,4.3651583224e-06
dictatorship,4.3651583224e-06
disrespectful,4.3651583224e-06
dread,4.3651583224e-06
dub,4.3651583224e-06
dummy,4.3651583224e-06
ecuador,4.3651583224e-06
edmonton,4.3651583224e-06
electorate,4.3651583224e-06
enhancing,4.3651583224e-06
entertained,4.3651583224e-06
erosion,4.3651583224e-06
explores,4.3651583224e-06
expo,4.3651583224e-06
favourites,4.3651583224e-06
fibers,4.3651583224e-06
fitzgerald,4.3651583224e-06
flank,4.3651583224e-06
flare,4.3651583224e-06
fleeing,4.3651583224e-06
flirting,4.3651583224e-06
forex,4.3651583224e-06
gallons,4.3651583224e-06
gamers,4.3651583224e-06
generators,4.3651583224e-06
geoffrey,4.3651583224e-06
goodnight,4.3651583224e-06
gus,4.3651583224e-06
handmade,4.3651583224e-06
hartford,4.3651583224e-06
hawkins,4.3651583224e-06
hazards,4.3651583224e-06
hostages,4.3651583224e-06
icc,4.3651583224e-06
incidence,4.3651583224e-06
intimacy,4.3651583224e-06
italians,4.3651583224e-06
jul,4.3651583224e-06
kat,4.3651583224e-06
kerr,4.3651583224e-06
kitten,4.3651583224e-06
knicks,4.3651583224e-06
koch,4.3651583224e-06
lagos,4.3651583224e-06
lan,4.3651583224e-06
lender,4.3651583224e-06
leone,4.3651583224e-06
lever,4.3651583224e-06
lisbon,4.3651583224e-06
lu,4.3651583224e-06
marketed,4.3651583224e-06
marty,4.3651583224e-06
mileage,4.3651583224e-06
morton,4.3651583224e-06
multiplayer,4.3651583224e-06
municipalities,4.3651583224e-06
mutant,4.3651583224e-06
mutation,4.3651583224e-06
mythology,4.3651583224e-06
neal,4.3651583224e-06
neon,4.3651583224e-06
nile,4.3651583224e-06
nolan,4.3651583224e-06
northeastern,4.3651583224e-06
noticing,4.3651583224e-06
nun,4.3651583224e-06
nutritional,4.3651583224e-06
ow,4.3651583224e-06
pathways,4.3651583224e-06
pedal,4.3651583224e-06
pest,4.3651583224e-06
pillar,4.3651583224e-06
pitches,4.3651583224e-06
plausible,4.3651583224e-06
pledged,4.3651583224e-06
poly,4.3651583224e-06
polymer,4.3651583224e-06
precipitation,4.3651583224e-06
prosecutors,4.3651583224e-06
protections,4.3651583224e-06
pup,4.3651583224e-06
quarantine,4.3651583224e-06
query,4.3651583224e-06
raf,4.3651583224e-06
rallies,4.3651583224e-06
rapids,4.3651583224e-06
reacted,4.3651583224e-06
restraint,4.3651583224e-06
rests,4.3651583224e-06
retains,4.3651583224e-06
revived,4.3651583224e-06
rift,4.3651583224e-06
romney,4.3651583224e-06
russ,4.3651583224e-06
salesman,4.3651583224e-06
scarlet,4.3651583224e-06
screws,4.3651583224e-06
sensing,4.3651583224e-06
serena,4.3651583224e-06
sewer,4.3651583224e-06
shipments,4.3651583224e-06
shits,4.3651583224e-06
smack,4.3651583224e-06
sonny,4.3651583224e-06
southwestern,4.3651583224e-06
spared,4.3651583224e-06
spokesperson,4.3651583224e-06
stalking,4.3651583224e-06
standardized,4.3651583224e-06
stitch,4.3651583224e-06
substrate,4.3651583224e-06
sultan,4.3651583224e-06
supremacy,4.3651583224e-06
swallowed,4.3651583224e-06
swell,4.3651583224e-06
symptom,4.3651583224e-06
thanked,4.3651583224e-06
theoretically,4.3651583224e-06
thirst,4.3651583224e-06
transitional,4.3651583224e-06
tuna,4.3651583224e-06
unused,4.3651583224e-06
valleys,4.3651583224e-06
viewpoint,4.3651583224e-06
vinegar,4.3651583224e-06
wards,4.3651583224e-06
warrants,4.3651583224e-06
wig,4.3651583224e-06
accessory,4.26579518802e-06
advisors,4.26579518802e-06
advocating,4.26579518802e-06
affiliation,4.26579518802e-06
aggressively,4.26579518802e-06
align,4.26579518802e-06
allergies,4.26579518802e-06
amnesty,4.26579518802e-06
angus,4.26579518802e-06
anita,4.26579518802e-06
apologized,4.26579518802e-06
assad,4.26579518802e-06
assertion,4.26579518802e-06
astronomy,4.26579518802e-06
atop,4.26579518802e-06
attic,4.26579518802e-06
attracts,4.26579518802e-06
australians,4.26579518802e-06
autobiography,4.26579518802e-06
av,4.26579518802e-06
await,4.26579518802e-06
bastards,4.26579518802e-06
becky,4.26579518802e-06
bing,4.26579518802e-06
bothering,4.26579518802e-06
broadcaster,4.26579518802e-06
buddhism,4.26579518802e-06
buds,4.26579518802e-06
cache,4.26579518802e-06
carmen,4.26579518802e-06
carrots,4.26579518802e-06
cds,4.26579518802e-06
chewing,4.26579518802e-06
coherent,4.26579518802e-06
comfy,4.26579518802e-06
comrades,4.26579518802e-06
conceded,4.26579518802e-06
condo,4.26579518802e-06
conflicting,4.26579518802e-06
conrad,4.26579518802e-06
consulted,4.26579518802e-06
criticize,4.26579518802e-06
crooked,4.26579518802e-06
cultivation,4.26579518802e-06
dads,4.26579518802e-06
decreases,4.26579518802e-06
dicks,4.26579518802e-06
ding,4.26579518802e-06
discontinued,4.26579518802e-06
displacement,4.26579518802e-06
disrespect,4.26579518802e-06
distorted,4.26579518802e-06
divers,4.26579518802e-06
dividing,4.26579518802e-06
dow,4.26579518802e-06
downloads,4.26579518802e-06
drastic,4.26579518802e-06
edible,4.26579518802e-06
edmund,4.26579518802e-06
ella,4.26579518802e-06
emerson,4.26579518802e-06
endorse,4.26579518802e-06
enhancement,4.26579518802e-06
evenings,4.26579518802e-06
fax,4.26579518802e-06
fiat,4.26579518802e-06
fiona,4.26579518802e-06
firefighters,4.26579518802e-06
flick,4.26579518802e-06
fowler,4.26579518802e-06
funky,4.26579518802e-06
gag,4.26579518802e-06
gee,4.26579518802e-06
gigantic,4.26579518802e-06
gill,4.26579518802e-06
groom,4.26579518802e-06
guarded,4.26579518802e-06
guitarist,4.26579518802e-06
halftime,4.26579518802e-06
hamas,4.26579518802e-06
harriet,4.26579518802e-06
hash,4.26579518802e-06
helena,4.26579518802e-06
hogan,4.26579518802e-06
holden,4.26579518802e-06
hydro,4.26579518802e-06
ig,4.26579518802e-06
illustrates,4.26579518802e-06
inactive,4.26579518802e-06
inputs,4.26579518802e-06
inspect,4.26579518802e-06
inspections,4.26579518802e-06
inspectors,4.26579518802e-06
instincts,4.26579518802e-06
interpretations,4.26579518802e-06
je,4.26579518802e-06
jj,4.26579518802e-06
knots,4.26579518802e-06
lana,4.26579518802e-06
laurel,4.26579518802e-06
lawsuits,4.26579518802e-06
leftist,4.26579518802e-06
legitimacy,4.26579518802e-06
linkedin,4.26579518802e-06
lizard,4.26579518802e-06
lyric,4.26579518802e-06
maximize,4.26579518802e-06
morally,4.26579518802e-06
mushroom,4.26579518802e-06
naples,4.26579518802e-06
nigga,4.26579518802e-06
noel,4.26579518802e-06
occupying,4.26579518802e-06
organizers,4.26579518802e-06
owens,4.26579518802e-06
paradox,4.26579518802e-06
peacefully,4.26579518802e-06
periodic,4.26579518802e-06
philly,4.26579518802e-06
plead,4.26579518802e-06
podium,4.26579518802e-06
portray,4.26579518802e-06
practitioner,4.26579518802e-06
pradesh,4.26579518802e-06
progressed,4.26579518802e-06
puck,4.26579518802e-06
ratios,4.26579518802e-06
reconsider,4.26579518802e-06
redskins,4.26579518802e-06
reductions,4.26579518802e-06
refrain,4.26579518802e-06
replaces,4.26579518802e-06
reproduce,4.26579518802e-06
researching,4.26579518802e-06
rigged,4.26579518802e-06
rite,4.26579518802e-06
rum,4.26579518802e-06
safari,4.26579518802e-06
saunders,4.26579518802e-06
scaling,4.26579518802e-06
scorer,4.26579518802e-06
seldom,4.26579518802e-06
shareholder,4.26579518802e-06
simone,4.26579518802e-06
sis,4.26579518802e-06
slams,4.26579518802e-06
slices,4.26579518802e-06
soy,4.26579518802e-06
spilled,4.26579518802e-06
squash,4.26579518802e-06
stacked,4.26579518802e-06
statewide,4.26579518802e-06
stationary,4.26579518802e-06
styled,4.26579518802e-06
subdivision,4.26579518802e-06
succeeding,4.26579518802e-06
sunderland,4.26579518802e-06
surrendered,4.26579518802e-06
tar,4.26579518802e-06
tariffs,4.26579518802e-06
temporal,4.26579518802e-06
tracker,4.26579518802e-06
turbine,4.26579518802e-06
tyson,4.26579518802e-06
unavailable,4.26579518802e-06
universally,4.26579518802e-06
unlucky,4.26579518802e-06
utilizing,4.26579518802e-06
uv,4.26579518802e-06
volunteered,4.26579518802e-06
vomiting,4.26579518802e-06
warden,4.26579518802e-06
warp,4.26579518802e-06
whisky,4.26579518802e-06
winters,4.26579518802e-06
womb,4.26579518802e-06
yogurt,4.26579518802e-06
abe,4.1686938347e-06
abolished,4.1686938347e-06
abusing,4.1686938347e-06
algeria,4.1686938347e-06
alpine,4.1686938347e-06
ambient,4.1686938347e-06
aquatic,4.1686938347e-06
argentine,4.1686938347e-06
armored,4.1686938347e-06
assert,4.1686938347e-06
atheist,4.1686938347e-06
balances,4.1686938347e-06
bandwidth,4.1686938347e-06
barbecue,4.1686938347e-06
beforehand,4.1686938347e-06
bipolar,4.1686938347e-06
bladder,4.1686938347e-06
blossom,4.1686938347e-06
bolts,4.1686938347e-06
bombed,4.1686938347e-06
campaigning,4.1686938347e-06
canned,4.1686938347e-06
captains,4.1686938347e-06
caravan,4.1686938347e-06
carrot,4.1686938347e-06
chanting,4.1686938347e-06
chevrolet,4.1686938347e-06
clive,4.1686938347e-06
compressed,4.1686938347e-06
comprise,4.1686938347e-06
computational,4.1686938347e-06
conceptual,4.1686938347e-06
coolest,4.1686938347e-06
currencies,4.1686938347e-06
damp,4.1686938347e-06
danielle,4.1686938347e-06
databases,4.1686938347e-06
debit,4.1686938347e-06
demolition,4.1686938347e-06
denis,4.1686938347e-06
detailing,4.1686938347e-06
differentiate,4.1686938347e-06
dim,4.1686938347e-06
discouraged,4.1686938347e-06
discovers,4.1686938347e-06
donkey,4.1686938347e-06
doo,4.1686938347e-06
downstream,4.1686938347e-06
earrings,4.1686938347e-06
earthquakes,4.1686938347e-06
ebola,4.1686938347e-06
eg,4.1686938347e-06
elites,4.1686938347e-06
ellie,4.1686938347e-06
empirical,4.1686938347e-06
enlarged,4.1686938347e-06
enzymes,4.1686938347e-06
esther,4.1686938347e-06
fantasies,4.1686938347e-06
faulty,4.1686938347e-06
fertile,4.1686938347e-06
feud,4.1686938347e-06
filmmaker,4.1686938347e-06
formations,4.1686938347e-06
fortunes,4.1686938347e-06
frankfurt,4.1686938347e-06
freedoms,4.1686938347e-06
furnace,4.1686938347e-06
fuse,4.1686938347e-06
fuss,4.1686938347e-06
gale,4.1686938347e-06
gamer,4.1686938347e-06
generosity,4.1686938347e-06
gerry,4.1686938347e-06
gluten,4.1686938347e-06
goodman,4.1686938347e-06
gorilla,4.1686938347e-06
guatemala,4.1686938347e-06
hamburg,4.1686938347e-06
harvested,4.1686938347e-06
hath,4.1686938347e-06
heavyweight,4.1686938347e-06
humane,4.1686938347e-06
humanities,4.1686938347e-06
inflicted,4.1686938347e-06
interviewing,4.1686938347e-06
jedi,4.1686938347e-06
jennings,4.1686938347e-06
journeys,4.1686938347e-06
labelled,4.1686938347e-06
lawful,4.1686938347e-06
lawmakers,4.1686938347e-06
leased,4.1686938347e-06
lena,4.1686938347e-06
loosely,4.1686938347e-06
lotus,4.1686938347e-06
luna,4.1686938347e-06
mails,4.1686938347e-06
malik,4.1686938347e-06
mantle,4.1686938347e-06
mascot,4.1686938347e-06
metabolic,4.1686938347e-06
meth,4.1686938347e-06
mf,4.1686938347e-06
midfield,4.1686938347e-06
militant,4.1686938347e-06
missionaries,4.1686938347e-06
mohammad,4.1686938347e-06
nicolas,4.1686938347e-06
nostalgia,4.1686938347e-06
ottoman,4.1686938347e-06
paddy,4.1686938347e-06
paperback,4.1686938347e-06
paved,4.1686938347e-06
pavilion,4.1686938347e-06
peasant,4.1686938347e-06
perks,4.1686938347e-06
philosophers,4.1686938347e-06
pillars,4.1686938347e-06
pointer,4.1686938347e-06
policing,4.1686938347e-06
predicting,4.1686938347e-06
presume,4.1686938347e-06
presumed,4.1686938347e-06
printers,4.1686938347e-06
rapist,4.1686938347e-06
reacting,4.1686938347e-06
rebuilt,4.1686938347e-06
rec,4.1686938347e-06
rectangular,4.1686938347e-06
regulator,4.1686938347e-06
renting,4.1686938347e-06
restructuring,4.1686938347e-06
ridden,4.1686938347e-06
ro,4.1686938347e-06
rudy,4.1686938347e-06
sabotage,4.1686938347e-06
sanctioned,4.1686938347e-06
sarcasm,4.1686938347e-06
savannah,4.1686938347e-06
scans,4.1686938347e-06
seekers,4.1686938347e-06
sentencing,4.1686938347e-06
sexist,4.1686938347e-06
shaving,4.1686938347e-06
shutdown,4.1686938347e-06
sic,4.1686938347e-06
slammed,4.1686938347e-06
snp,4.1686938347e-06
stresses,4.1686938347e-06
suffolk,4.1686938347e-06
surpassed,4.1686938347e-06
swansea,4.1686938347e-06
sweets,4.1686938347e-06
syracuse,4.1686938347e-06
tally,4.1686938347e-06
tehran,4.1686938347e-06
termed,4.1686938347e-06
tha,4.1686938347e-06
thriving,4.1686938347e-06
timed,4.1686938347e-06
tm,4.1686938347e-06
trending,4.1686938347e-06
trolls,4.1686938347e-06
tucked,4.1686938347e-06
tumors,4.1686938347e-06
ui,4.1686938347e-06
unanimously,4.1686938347e-06
undefeated,4.1686938347e-06
unfamiliar,4.1686938347e-06
upgrading,4.1686938347e-06
vale,4.1686938347e-06
valencia,4.1686938347e-06
vastly,4.1686938347e-06
vile,4.1686938347e-06
violently,4.1686938347e-06
wedge,4.1686938347e-06
wisely,4.1686938347e-06
wizards,4.1686938347e-06
wrecked,4.1686938347e-06
yuri,4.1686938347e-06
adaptive,4.07380277804e-06
addictive,4.07380277804e-06
affinity,4.07380277804e-06
alloy,4.07380277804e-06
apartheid,4.07380277804e-06
arises,4.07380277804e-06
arthritis,4.07380277804e-06
authorised,4.07380277804e-06
ay,4.07380277804e-06
bale,4.07380277804e-06
barton,4.07380277804e-06
beaver,4.07380277804e-06
boasts,4.07380277804e-06
brunswick,4.07380277804e-06
buenos,4.07380277804e-06
caller,4.07380277804e-06
carnegie,4.07380277804e-06
casualty,4.07380277804e-06
cavity,4.07380277804e-06
chap,4.07380277804e-06
cites,4.07380277804e-06
colts,4.07380277804e-06
comforting,4.07380277804e-06
conway,4.07380277804e-06
courthouse,4.07380277804e-06
crank,4.07380277804e-06
cv,4.07380277804e-06
dante,4.07380277804e-06
darn,4.07380277804e-06
deborah,4.07380277804e-06
decks,4.07380277804e-06
diaries,4.07380277804e-06
differing,4.07380277804e-06
disgust,4.07380277804e-06
dispatched,4.07380277804e-06
dissolution,4.07380277804e-06
disturbance,4.07380277804e-06
dominic,4.07380277804e-06
doubling,4.07380277804e-06
ee,4.07380277804e-06
emerges,4.07380277804e-06
enclosure,4.07380277804e-06
evangelical,4.07380277804e-06
examinations,4.07380277804e-06
exceeding,4.07380277804e-06
expresses,4.07380277804e-06
exquisite,4.07380277804e-06
factual,4.07380277804e-06
fading,4.07380277804e-06
falsely,4.07380277804e-06
famine,4.07380277804e-06
fares,4.07380277804e-06
feminists,4.07380277804e-06
fiji,4.07380277804e-06
flavors,4.07380277804e-06
fraudulent,4.07380277804e-06
freeway,4.07380277804e-06
freshly,4.07380277804e-06
gazette,4.07380277804e-06
geek,4.07380277804e-06
geo,4.07380277804e-06
granny,4.07380277804e-06
handicap,4.07380277804e-06
hansen,4.07380277804e-06
hmmm,4.07380277804e-06
homage,4.07380277804e-06
homo,4.07380277804e-06
hostility,4.07380277804e-06
hymn,4.07380277804e-06
hypothetical,4.07380277804e-06
informative,4.07380277804e-06
infringement,4.07380277804e-06
internship,4.07380277804e-06
interrupt,4.07380277804e-06
invade,4.07380277804e-06
irritating,4.07380277804e-06
jacksonville,4.07380277804e-06
jasmine,4.07380277804e-06
katrina,4.07380277804e-06
knockout,4.07380277804e-06
lantern,4.07380277804e-06
linen,4.07380277804e-06
lookout,4.07380277804e-06
misunderstood,4.07380277804e-06
moonlight,4.07380277804e-06
moose,4.07380277804e-06
mosquito,4.07380277804e-06
motel,4.07380277804e-06
motherfucker,4.07380277804e-06
mueller,4.07380277804e-06
narratives,4.07380277804e-06
noun,4.07380277804e-06
novelist,4.07380277804e-06
nsfw,4.07380277804e-06
oaks,4.07380277804e-06
omaha,4.07380277804e-06
onwards,4.07380277804e-06
overthrow,4.07380277804e-06
paradigm,4.07380277804e-06
pavement,4.07380277804e-06
payday,4.07380277804e-06
perpetual,4.07380277804e-06
pga,4.07380277804e-06
physiology,4.07380277804e-06
pigeon,4.07380277804e-06
plateau,4.07380277804e-06
playlist,4.07380277804e-06
plc,4.07380277804e-06
possesses,4.07380277804e-06
possessing,4.07380277804e-06
precinct,4.07380277804e-06
premiership,4.07380277804e-06
presentations,4.07380277804e-06
proliferation,4.07380277804e-06
prosecuted,4.07380277804e-06
pseudo,4.07380277804e-06
pudding,4.07380277804e-06
reformed,4.07380277804e-06
refrigerator,4.07380277804e-06
regeneration,4.07380277804e-06
regina,4.07380277804e-06
remembrance,4.07380277804e-06
reminiscent,4.07380277804e-06
reps,4.07380277804e-06
resentment,4.07380277804e-06
resin,4.07380277804e-06
resisted,4.07380277804e-06
rosie,4.07380277804e-06
rotary,4.07380277804e-06
rupert,4.07380277804e-06
rusty,4.07380277804e-06
scarce,4.07380277804e-06
sibling,4.07380277804e-06
simulator,4.07380277804e-06
sl,4.07380277804e-06
slippery,4.07380277804e-06
slips,4.07380277804e-06
snyder,4.07380277804e-06
soak,4.07380277804e-06
sock,4.07380277804e-06
sorting,4.07380277804e-06
spectacle,4.07380277804e-06
stint,4.07380277804e-06
storey,4.07380277804e-06
suicidal,4.07380277804e-06
suv,4.07380277804e-06
symposium,4.07380277804e-06
tabs,4.07380277804e-06
tailor,4.07380277804e-06
terminals,4.07380277804e-06
thrilling,4.07380277804e-06
tottenham,4.07380277804e-06
toughest,4.07380277804e-06
trajectory,4.07380277804e-06
triggers,4.07380277804e-06
tt,4.07380277804e-06
underrated,4.07380277804e-06
unidentified,4.07380277804e-06
unrest,4.07380277804e-06
unseen,4.07380277804e-06
utmost,4.07380277804e-06
waiter,4.07380277804e-06
weary,4.07380277804e-06
wiki,4.07380277804e-06
wills,4.07380277804e-06
willy,4.07380277804e-06
wimbledon,4.07380277804e-06
witches,4.07380277804e-06
wwii,4.07380277804e-06
youths,4.07380277804e-06
accusation,3.98107170553e-06
adapter,3.98107170553e-06
adjustable,3.98107170553e-06
adulthood,3.98107170553e-06
advisers,3.98107170553e-06
advocated,3.98107170553e-06
affiliates,3.98107170553e-06
agony,3.98107170553e-06
allergy,3.98107170553e-06
armenian,3.98107170553e-06
astronaut,3.98107170553e-06
attain,3.98107170553e-06
attendant,3.98107170553e-06
authenticity,3.98107170553e-06
avery,3.98107170553e-06
backstage,3.98107170553e-06
banners,3.98107170553e-06
bedford,3.98107170553e-06
benchmark,3.98107170553e-06
benghazi,3.98107170553e-06
benny,3.98107170553e-06
benson,3.98107170553e-06
beverages,3.98107170553e-06
binge,3.98107170553e-06
biscuits,3.98107170553e-06
bloc,3.98107170553e-06
bouncing,3.98107170553e-06
bourbon,3.98107170553e-06
breaker,3.98107170553e-06
breathtaking,3.98107170553e-06
browsing,3.98107170553e-06
brutality,3.98107170553e-06
bumps,3.98107170553e-06
calculus,3.98107170553e-06
cancers,3.98107170553e-06
capitals,3.98107170553e-06
careless,3.98107170553e-06
caste,3.98107170553e-06
cellar,3.98107170553e-06
cerebral,3.98107170553e-06
champs,3.98107170553e-06
chant,3.98107170553e-06
cheerful,3.98107170553e-06
cinematic,3.98107170553e-06
climax,3.98107170553e-06
clippers,3.98107170553e-06
cockpit,3.98107170553e-06
cocktails,3.98107170553e-06
colon,3.98107170553e-06
communion,3.98107170553e-06
condom,3.98107170553e-06
consul,3.98107170553e-06
contender,3.98107170553e-06
crimson,3.98107170553e-06
crypto,3.98107170553e-06
cultivated,3.98107170553e-06
curly,3.98107170553e-06
debated,3.98107170553e-06
degradation,3.98107170553e-06
dexter,3.98107170553e-06
disappearing,3.98107170553e-06
discs,3.98107170553e-06
distributors,3.98107170553e-06
duh,3.98107170553e-06
dundee,3.98107170553e-06
elaine,3.98107170553e-06
electrons,3.98107170553e-06
emerald,3.98107170553e-06
ensures,3.98107170553e-06
equilibrium,3.98107170553e-06
europa,3.98107170553e-06
evelyn,3.98107170553e-06
evidently,3.98107170553e-06
exhausting,3.98107170553e-06
extras,3.98107170553e-06
famed,3.98107170553e-06
fargo,3.98107170553e-06
fascinated,3.98107170553e-06
fences,3.98107170553e-06
fetus,3.98107170553e-06
flaw,3.98107170553e-06
flawless,3.98107170553e-06
fooled,3.98107170553e-06
forrest,3.98107170553e-06
gigs,3.98107170553e-06
grad,3.98107170553e-06
granddaughter,3.98107170553e-06
gymnastics,3.98107170553e-06
hale,3.98107170553e-06
helmets,3.98107170553e-06
hercules,3.98107170553e-06
hereby,3.98107170553e-06
honduras,3.98107170553e-06
hotter,3.98107170553e-06
humorous,3.98107170553e-06
ignores,3.98107170553e-06
incurred,3.98107170553e-06
indications,3.98107170553e-06
indoors,3.98107170553e-06
intercourse,3.98107170553e-06
interestingly,3.98107170553e-06
isaiah,3.98107170553e-06
isolate,3.98107170553e-06
jurisdictions,3.98107170553e-06
kathleen,3.98107170553e-06
kendall,3.98107170553e-06
knocks,3.98107170553e-06
lancashire,3.98107170553e-06
lawson,3.98107170553e-06
lesbians,3.98107170553e-06
lindsey,3.98107170553e-06
listens,3.98107170553e-06
mailing,3.98107170553e-06
manipulated,3.98107170553e-06
mao,3.98107170553e-06
mare,3.98107170553e-06
marxist,3.98107170553e-06
meadow,3.98107170553e-06
meadows,3.98107170553e-06
ministries,3.98107170553e-06
motivate,3.98107170553e-06
mound,3.98107170553e-06
muddy,3.98107170553e-06
mystic,3.98107170553e-06
ness,3.98107170553e-06
nominal,3.98107170553e-06
norris,3.98107170553e-06
ohh,3.98107170553e-06
ordinance,3.98107170553e-06
osborne,3.98107170553e-06
oscars,3.98107170553e-06
outlines,3.98107170553e-06
pairing,3.98107170553e-06
pam,3.98107170553e-06
parsons,3.98107170553e-06
pertaining,3.98107170553e-06
poke,3.98107170553e-06
poorer,3.98107170553e-06
portsmouth,3.98107170553e-06
praising,3.98107170553e-06
pres,3.98107170553e-06
presbyterian,3.98107170553e-06
prick,3.98107170553e-06
prolific,3.98107170553e-06
proportional,3.98107170553e-06
prosperous,3.98107170553e-06
quarry,3.98107170553e-06
referral,3.98107170553e-06
repost,3.98107170553e-06
respecting,3.98107170553e-06
restless,3.98107170553e-06
rugged,3.98107170553e-06
sammy,3.98107170553e-06
sap,3.98107170553e-06
sarcastic,3.98107170553e-06
scholarly,3.98107170553e-06
segregation,3.98107170553e-06
seymour,3.98107170553e-06
shaken,3.98107170553e-06
sheikh,3.98107170553e-06
shines,3.98107170553e-06
sinclair,3.98107170553e-06
sinister,3.98107170553e-06
stared,3.98107170553e-06
strait,3.98107170553e-06
suppressed,3.98107170553e-06
sylvia,3.98107170553e-06
teamed,3.98107170553e-06
tents,3.98107170553e-06
testosterone,3.98107170553e-06
thicker,3.98107170553e-06
tis,3.98107170553e-06
ventilation,3.98107170553e-06
viking,3.98107170553e-06
weaver,3.98107170553e-06
weber,3.98107170553e-06
wes,3.98107170553e-06
williamson,3.98107170553e-06
yankee,3.98107170553e-06
yarn,3.98107170553e-06
abide,3.89045144994e-06
accumulation,3.89045144994e-06
admiration,3.89045144994e-06
aesthetics,3.89045144994e-06
aj,3.89045144994e-06
altering,3.89045144994e-06
anton,3.89045144994e-06
archie,3.89045144994e-06
asserted,3.89045144994e-06
attacker,3.89045144994e-06
augusta,3.89045144994e-06
authoritarian,3.89045144994e-06
avail,3.89045144994e-06
bahrain,3.89045144994e-06
banquet,3.89045144994e-06
barker,3.89045144994e-06
behaved,3.89045144994e-06
bentley,3.89045144994e-06
benz,3.89045144994e-06
billed,3.89045144994e-06
billing,3.89045144994e-06
booty,3.89045144994e-06
brackets,3.89045144994e-06
bravery,3.89045144994e-06
brit,3.89045144994e-06
browse,3.89045144994e-06
brutally,3.89045144994e-06
buff,3.89045144994e-06
calorie,3.89045144994e-06
cdc,3.89045144994e-06
chamberlain,3.89045144994e-06
cis,3.89045144994e-06
claw,3.89045144994e-06
collects,3.89045144994e-06
coloring,3.89045144994e-06
commence,3.89045144994e-06
compatibility,3.89045144994e-06
conditional,3.89045144994e-06
congratulate,3.89045144994e-06
constructing,3.89045144994e-06
converts,3.89045144994e-06
coordinating,3.89045144994e-06
cortex,3.89045144994e-06
courageous,3.89045144994e-06
crawling,3.89045144994e-06
crusade,3.89045144994e-06
cynical,3.89045144994e-06
damascus,3.89045144994e-06
devised,3.89045144994e-06
discarded,3.89045144994e-06
disrupt,3.89045144994e-06
donating,3.89045144994e-06
donovan,3.89045144994e-06
drills,3.89045144994e-06
duplicate,3.89045144994e-06
dynamite,3.89045144994e-06
echoes,3.89045144994e-06
economical,3.89045144994e-06
elastic,3.89045144994e-06
empowered,3.89045144994e-06
examines,3.89045144994e-06
exceeds,3.89045144994e-06
exposition,3.89045144994e-06
fart,3.89045144994e-06
fearing,3.89045144994e-06
fetish,3.89045144994e-06
fixes,3.89045144994e-06
fla,3.89045144994e-06
fluffy,3.89045144994e-06
fundamentals,3.89045144994e-06
fundraiser,3.89045144994e-06
funniest,3.89045144994e-06
fx,3.89045144994e-06
gadgets,3.89045144994e-06
gaga,3.89045144994e-06
garment,3.89045144994e-06
geometric,3.89045144994e-06
gestures,3.89045144994e-06
goldman,3.89045144994e-06
gracious,3.89045144994e-06
grin,3.89045144994e-06
gta,3.89045144994e-06
halifax,3.89045144994e-06
hanna,3.89045144994e-06
happiest,3.89045144994e-06
heap,3.89045144994e-06
highs,3.89045144994e-06
hum,3.89045144994e-06
humility,3.89045144994e-06
impeachment,3.89045144994e-06
inherently,3.89045144994e-06
insults,3.89045144994e-06
inventor,3.89045144994e-06
isa,3.89045144994e-06
jailed,3.89045144994e-06
jasper,3.89045144994e-06
jewels,3.89045144994e-06
juliet,3.89045144994e-06
karachi,3.89045144994e-06
kickstarter,3.89045144994e-06
kurdish,3.89045144994e-06
leopard,3.89045144994e-06
librarian,3.89045144994e-06
lobbying,3.89045144994e-06
lumber,3.89045144994e-06
lydia,3.89045144994e-06
mackenzie,3.89045144994e-06
madam,3.89045144994e-06
marital,3.89045144994e-06
mayer,3.89045144994e-06
meds,3.89045144994e-06
mis,3.89045144994e-06
mma,3.89045144994e-06
multitude,3.89045144994e-06
muse,3.89045144994e-06
nanny,3.89045144994e-06
nineteen,3.89045144994e-06
nipples,3.89045144994e-06
nucleus,3.89045144994e-06
oc,3.89045144994e-06
orbital,3.89045144994e-06
organism,3.89045144994e-06
outgoing,3.89045144994e-06
overhaul,3.89045144994e-06
pancakes,3.89045144994e-06
pas,3.89045144994e-06
patriotism,3.89045144994e-06
periodically,3.89045144994e-06
piles,3.89045144994e-06
plumbing,3.89045144994e-06
poppy,3.89045144994e-06
pratt,3.89045144994e-06
precautions,3.89045144994e-06
predecessors,3.89045144994e-06
protested,3.89045144994e-06
raced,3.89045144994e-06
raleigh,3.89045144994e-06
readiness,3.89045144994e-06
redundant,3.89045144994e-06
regulators,3.89045144994e-06
rejecting,3.89045144994e-06
remarked,3.89045144994e-06
resemblance,3.89045144994e-06
rested,3.89045144994e-06
rib,3.89045144994e-06
rods,3.89045144994e-06
roth,3.89045144994e-06
sacks,3.89045144994e-06
seizures,3.89045144994e-06
sermon,3.89045144994e-06
shes,3.89045144994e-06
slender,3.89045144994e-06
sloppy,3.89045144994e-06
snapchat,3.89045144994e-06
socialists,3.89045144994e-06
societal,3.89045144994e-06
soviets,3.89045144994e-06
spec,3.89045144994e-06
sponge,3.89045144994e-06
steele,3.89045144994e-06
sucker,3.89045144994e-06
suns,3.89045144994e-06
superiority,3.89045144994e-06
supervised,3.89045144994e-06
surreal,3.89045144994e-06
tease,3.89045144994e-06
tendencies,3.89045144994e-06
tiffany,3.89045144994e-06
titanic,3.89045144994e-06
transitions,3.89045144994e-06
transmitter,3.89045144994e-06
transporting,3.89045144994e-06
typhoon,3.89045144994e-06
unreal,3.89045144994e-06
upheld,3.89045144994e-06
vaccination,3.89045144994e-06
valerie,3.89045144994e-06
valves,3.89045144994e-06
vampires,3.89045144994e-06
vibration,3.89045144994e-06
vitamins,3.89045144994e-06
wartime,3.89045144994e-06
weakest,3.89045144994e-06
wicket,3.89045144994e-06
winnipeg,3.89045144994e-06
worcester,3.89045144994e-06
zurich,3.89045144994e-06
abdominal,3.80189396321e-06
adolescent,3.80189396321e-06
advertisers,3.80189396321e-06
airing,3.80189396321e-06
announcer,3.80189396321e-06
awaited,3.80189396321e-06
baba,3.80189396321e-06
backdrop,3.80189396321e-06
bae,3.80189396321e-06
beau,3.80189396321e-06
begged,3.80189396321e-06
blackout,3.80189396321e-06
bluff,3.80189396321e-06
bollywood,3.80189396321e-06
brushes,3.80189396321e-06
bushes,3.80189396321e-06
cartel,3.80189396321e-06
casts,3.80189396321e-06
catastrophic,3.80189396321e-06
caucus,3.80189396321e-06
charcoal,3.80189396321e-06
cheesy,3.80189396321e-06
cheryl,3.80189396321e-06
choking,3.80189396321e-06
cindy,3.80189396321e-06
citrus,3.80189396321e-06
clad,3.80189396321e-06
clocks,3.80189396321e-06
coached,3.80189396321e-06
coded,3.80189396321e-06
columnist,3.80189396321e-06
competence,3.80189396321e-06
condolences,3.80189396321e-06
constituent,3.80189396321e-06
constituted,3.80189396321e-06
contacting,3.80189396321e-06
contagious,3.80189396321e-06
contexts,3.80189396321e-06
conveniently,3.80189396321e-06
courtroom,3.80189396321e-06
cushion,3.80189396321e-06
cyclist,3.80189396321e-06
darkest,3.80189396321e-06
diaz,3.80189396321e-06
dictate,3.80189396321e-06
directs,3.80189396321e-06
discounted,3.80189396321e-06
distributing,3.80189396321e-06
dnc,3.80189396321e-06
dominating,3.80189396321e-06
doris,3.80189396321e-06
dorm,3.80189396321e-06
drafts,3.80189396321e-06
drip,3.80189396321e-06
duct,3.80189396321e-06
eccentric,3.80189396321e-06
educating,3.80189396321e-06
electro,3.80189396321e-06
electromagnetic,3.80189396321e-06
emblem,3.80189396321e-06
endured,3.80189396321e-06
ew,3.80189396321e-06
expands,3.80189396321e-06
fabrics,3.80189396321e-06
facto,3.80189396321e-06
falcons,3.80189396321e-06
fascism,3.80189396321e-06
fats,3.80189396321e-06
fearful,3.80189396321e-06
festive,3.80189396321e-06
flyer,3.80189396321e-06
forecasts,3.80189396321e-06
foreman,3.80189396321e-06
framing,3.80189396321e-06
gallagher,3.80189396321e-06
geared,3.80189396321e-06
geoff,3.80189396321e-06
giles,3.80189396321e-06
gina,3.80189396321e-06
glacier,3.80189396321e-06
gomez,3.80189396321e-06
gs,3.80189396321e-06
hindus,3.80189396321e-06
hu,3.80189396321e-06
hunted,3.80189396321e-06
hurricanes,3.80189396321e-06
implying,3.80189396321e-06
improper,3.80189396321e-06
influx,3.80189396321e-06
informing,3.80189396321e-06
installment,3.80189396321e-06
isles,3.80189396321e-06
jen,3.80189396321e-06
judaism,3.80189396321e-06
keller,3.80189396321e-06
kernel,3.80189396321e-06
kung,3.80189396321e-06
larvae,3.80189396321e-06
lexington,3.80189396321e-06
liaison,3.80189396321e-06
lima,3.80189396321e-06
memoirs,3.80189396321e-06
miner,3.80189396321e-06
mk,3.80189396321e-06
mosaic,3.80189396321e-06
mustang,3.80189396321e-06
mw,3.80189396321e-06
needy,3.80189396321e-06
nichols,3.80189396321e-06
offenses,3.80189396321e-06
optics,3.80189396321e-06
orphan,3.80189396321e-06
passions,3.80189396321e-06
patty,3.80189396321e-06
peyton,3.80189396321e-06
pies,3.80189396321e-06
pineapple,3.80189396321e-06
pissing,3.80189396321e-06
plaintiffs,3.80189396321e-06
plastics,3.80189396321e-06
poisoned,3.80189396321e-06
potassium,3.80189396321e-06
priceless,3.80189396321e-06
projecting,3.80189396321e-06
prostitute,3.80189396321e-06
reflective,3.80189396321e-06
rents,3.80189396321e-06
residing,3.80189396321e-06
resilience,3.80189396321e-06
resisting,3.80189396321e-06
romanian,3.80189396321e-06
roofs,3.80189396321e-06
rotate,3.80189396321e-06
royce,3.80189396321e-06
sans,3.80189396321e-06
saxon,3.80189396321e-06
scissors,3.80189396321e-06
seaside,3.80189396321e-06
semitic,3.80189396321e-06
shampoo,3.80189396321e-06
shaun,3.80189396321e-06
shri,3.80189396321e-06
silently,3.80189396321e-06
similarity,3.80189396321e-06
smelling,3.80189396321e-06
socio,3.80189396321e-06
stabbing,3.80189396321e-06
staircase,3.80189396321e-06
stamped,3.80189396321e-06
steroids,3.80189396321e-06
stitches,3.80189396321e-06
subsidiaries,3.80189396321e-06
swipe,3.80189396321e-06
tang,3.80189396321e-06
tango,3.80189396321e-06
telecom,3.80189396321e-06
tighter,3.80189396321e-06
tolerant,3.80189396321e-06
touchdowns,3.80189396321e-06
toxicity,3.80189396321e-06
trumpet,3.80189396321e-06
tuberculosis,3.80189396321e-06
ukip,3.80189396321e-06
undergone,3.80189396321e-06
willingly,3.80189396321e-06
woah,3.80189396321e-06
wrapping,3.80189396321e-06
youthful,3.80189396321e-06
accents,3.71535229097e-06
adhere,3.71535229097e-06
adidas,3.71535229097e-06
advising,3.71535229097e-06
affirmative,3.71535229097e-06
agnes,3.71535229097e-06
alarms,3.71535229097e-06
alliances,3.71535229097e-06
alma,3.71535229097e-06
ambiguous,3.71535229097e-06
archaeology,3.71535229097e-06
arse,3.71535229097e-06
attained,3.71535229097e-06
aus,3.71535229097e-06
autopsy,3.71535229097e-06
baltic,3.71535229097e-06
berries,3.71535229097e-06
blitz,3.71535229097e-06
blockade,3.71535229097e-06
bosnia,3.71535229097e-06
brightness,3.71535229097e-06
bruins,3.71535229097e-06
brushed,3.71535229097e-06
burma,3.71535229097e-06
calculating,3.71535229097e-06
campuses,3.71535229097e-06
cartridge,3.71535229097e-06
cashier,3.71535229097e-06
cigar,3.71535229097e-06
circa,3.71535229097e-06
citations,3.71535229097e-06
claudia,3.71535229097e-06
cloak,3.71535229097e-06
cologne,3.71535229097e-06
colombian,3.71535229097e-06
colt,3.71535229097e-06
combustion,3.71535229097e-06
comprehension,3.71535229097e-06
concession,3.71535229097e-06
condoms,3.71535229097e-06
crescent,3.71535229097e-06
crises,3.71535229097e-06
criticizing,3.71535229097e-06
defective,3.71535229097e-06
denise,3.71535229097e-06
deportation,3.71535229097e-06
deserving,3.71535229097e-06
discourage,3.71535229097e-06
disgusted,3.71535229097e-06
disposable,3.71535229097e-06
distressed,3.71535229097e-06
dover,3.71535229097e-06
dumbass,3.71535229097e-06
dungeon,3.71535229097e-06
dwell,3.71535229097e-06
edison,3.71535229097e-06
edith,3.71535229097e-06
enforcing,3.71535229097e-06
entrepreneurship,3.71535229097e-06
eps,3.71535229097e-06
erie,3.71535229097e-06
essentials,3.71535229097e-06
fasting,3.71535229097e-06
fiery,3.71535229097e-06
finalists,3.71535229097e-06
flipping,3.71535229097e-06
flux,3.71535229097e-06
fueled,3.71535229097e-06
gc,3.71535229097e-06
georgetown,3.71535229097e-06
gimme,3.71535229097e-06
goofy,3.71535229097e-06
hai,3.71535229097e-06
hancock,3.71535229097e-06
handwriting,3.71535229097e-06
hassle,3.71535229097e-06
heartbreaking,3.71535229097e-06
hector,3.71535229097e-06
hicks,3.71535229097e-06
hobbies,3.71535229097e-06
hog,3.71535229097e-06
homeowners,3.71535229097e-06
ibrahim,3.71535229097e-06
immensely,3.71535229097e-06
inauguration,3.71535229097e-06
incorrectly,3.71535229097e-06
ind,3.71535229097e-06
indicative,3.71535229097e-06
inexpensive,3.71535229097e-06
instructors,3.71535229097e-06
intercept,3.71535229097e-06
intuitive,3.71535229097e-06
invent,3.71535229097e-06
irwin,3.71535229097e-06
isabel,3.71535229097e-06
jamaican,3.71535229097e-06
jockey,3.71535229097e-06
jolly,3.71535229097e-06
jorge,3.71535229097e-06
ju,3.71535229097e-06
kazakhstan,3.71535229097e-06
kenyan,3.71535229097e-06
landlords,3.71535229097e-06
latitude,3.71535229097e-06
lea,3.71535229097e-06
libertarian,3.71535229097e-06
luxembourg,3.71535229097e-06
majestic,3.71535229097e-06
mariners,3.71535229097e-06
mastered,3.71535229097e-06
mastery,3.71535229097e-06
mats,3.71535229097e-06
mccoy,3.71535229097e-06
metropolis,3.71535229097e-06
mohamed,3.71535229097e-06
mummy,3.71535229097e-06
neville,3.71535229097e-06
nominate,3.71535229097e-06
np,3.71535229097e-06
offend,3.71535229097e-06
oo,3.71535229097e-06
orchard,3.71535229097e-06
organizer,3.71535229097e-06
outraged,3.71535229097e-06
overdose,3.71535229097e-06
pamela,3.71535229097e-06
paragraphs,3.71535229097e-06
parallels,3.71535229097e-06
parameter,3.71535229097e-06
passwords,3.71535229097e-06
pathology,3.71535229097e-06
peggy,3.71535229097e-06
piercing,3.71535229097e-06
plotting,3.71535229097e-06
poisonous,3.71535229097e-06
pounding,3.71535229097e-06
pretended,3.71535229097e-06
procession,3.71535229097e-06
purge,3.71535229097e-06
reacts,3.71535229097e-06
relocation,3.71535229097e-06
rhino,3.71535229097e-06
riches,3.71535229097e-06
ripping,3.71535229097e-06
rosemary,3.71535229097e-06
rubbed,3.71535229097e-06
sandstone,3.71535229097e-06
sanitation,3.71535229097e-06
satisfactory,3.71535229097e-06
scooter,3.71535229097e-06
sculptures,3.71535229097e-06
secrecy,3.71535229097e-06
seeded,3.71535229097e-06
separates,3.71535229097e-06
sergio,3.71535229097e-06
shameful,3.71535229097e-06
shortest,3.71535229097e-06
sid,3.71535229097e-06
skipping,3.71535229097e-06
skirts,3.71535229097e-06
sliced,3.71535229097e-06
soils,3.71535229097e-06
springer,3.71535229097e-06
staples,3.71535229097e-06
stokes,3.71535229097e-06
storing,3.71535229097e-06
summed,3.71535229097e-06
supervisors,3.71535229097e-06
sweetie,3.71535229097e-06
swollen,3.71535229097e-06
tanzania,3.71535229097e-06
technicians,3.71535229097e-06
tor,3.71535229097e-06
transformers,3.71535229097e-06
traveler,3.71535229097e-06
tunisia,3.71535229097e-06
umm,3.71535229097e-06
unauthorized,3.71535229097e-06
undo,3.71535229097e-06
unnamed,3.71535229097e-06
upsetting,3.71535229097e-06
vans,3.71535229097e-06
venom,3.71535229097e-06
victorious,3.71535229097e-06
vines,3.71535229097e-06
visuals,3.71535229097e-06
wary,3.71535229097e-06
watering,3.71535229097e-06
wellness,3.71535229097e-06
whispers,3.71535229097e-06
windy,3.71535229097e-06
winger,3.71535229097e-06
wordpress,3.71535229097e-06
wraps,3.71535229097e-06
youngsters,3.71535229097e-06
abby,3.6307805477e-06
abdomen,3.6307805477e-06
abducted,3.6307805477e-06
abruptly,3.6307805477e-06
aha,3.6307805477e-06
aleppo,3.6307805477e-06
alerts,3.6307805477e-06
alps,3.6307805477e-06
amidst,3.6307805477e-06
antarctic,3.6307805477e-06
antibodies,3.6307805477e-06
aquarium,3.6307805477e-06
armenia,3.6307805477e-06
aspiring,3.6307805477e-06
asteroid,3.6307805477e-06
barbie,3.6307805477e-06
batter,3.6307805477e-06
baxter,3.6307805477e-06
bedtime,3.6307805477e-06
belongings,3.6307805477e-06
bloomberg,3.6307805477e-06
blush,3.6307805477e-06
booster,3.6307805477e-06
braves,3.6307805477e-06
bun,3.6307805477e-06
businessmen,3.6307805477e-06
calculator,3.6307805477e-06
calmly,3.6307805477e-06
captivity,3.6307805477e-06
catastrophe,3.6307805477e-06
chemotherapy,3.6307805477e-06
cinemas,3.6307805477e-06
circulating,3.6307805477e-06
claws,3.6307805477e-06
cleansing,3.6307805477e-06
clears,3.6307805477e-06
clicked,3.6307805477e-06
commute,3.6307805477e-06
complementary,3.6307805477e-06
concussion,3.6307805477e-06
connectivity,3.6307805477e-06
consulate,3.6307805477e-06
contend,3.6307805477e-06
convict,3.6307805477e-06
craving,3.6307805477e-06
culinary,3.6307805477e-06
demographics,3.6307805477e-06
departing,3.6307805477e-06
din,3.6307805477e-06
dir,3.6307805477e-06
discrete,3.6307805477e-06
disguised,3.6307805477e-06
dissent,3.6307805477e-06
disturb,3.6307805477e-06
docks,3.6307805477e-06
dt,3.6307805477e-06
earns,3.6307805477e-06
emergencies,3.6307805477e-06
eminent,3.6307805477e-06
encryption,3.6307805477e-06
endeavor,3.6307805477e-06
enthusiasts,3.6307805477e-06
erica,3.6307805477e-06
escapes,3.6307805477e-06
exported,3.6307805477e-06
fencing,3.6307805477e-06
filtering,3.6307805477e-06
flashes,3.6307805477e-06
fleming,3.6307805477e-06
flop,3.6307805477e-06
follower,3.6307805477e-06
franchises,3.6307805477e-06
fraternity,3.6307805477e-06
freaks,3.6307805477e-06
frogs,3.6307805477e-06
fronts,3.6307805477e-06
furry,3.6307805477e-06
glitter,3.6307805477e-06
graveyard,3.6307805477e-06
hanged,3.6307805477e-06
hardship,3.6307805477e-06
harlem,3.6307805477e-06
hen,3.6307805477e-06
hoover,3.6307805477e-06
implication,3.6307805477e-06
induce,3.6307805477e-06
insecurity,3.6307805477e-06
interrogation,3.6307805477e-06
intimidating,3.6307805477e-06
inventions,3.6307805477e-06
irrational,3.6307805477e-06
jaws,3.6307805477e-06
lamar,3.6307805477e-06
leafs,3.6307805477e-06
lennon,3.6307805477e-06
lettuce,3.6307805477e-06
liabilities,3.6307805477e-06
lithium,3.6307805477e-06
lowe,3.6307805477e-06
lucrative,3.6307805477e-06
macmillan,3.6307805477e-06
malone,3.6307805477e-06
managerial,3.6307805477e-06
mandated,3.6307805477e-06
mango,3.6307805477e-06
miley,3.6307805477e-06
militants,3.6307805477e-06
milo,3.6307805477e-06
mister,3.6307805477e-06
moderately,3.6307805477e-06
mri,3.6307805477e-06
multimedia,3.6307805477e-06
multinational,3.6307805477e-06
nationalists,3.6307805477e-06
nh,3.6307805477e-06
oasis,3.6307805477e-06
oddly,3.6307805477e-06
ons,3.6307805477e-06
oppressed,3.6307805477e-06
osaka,3.6307805477e-06
ouch,3.6307805477e-06
outsiders,3.6307805477e-06
outskirts,3.6307805477e-06
overlapping,3.6307805477e-06
overs,3.6307805477e-06
paced,3.6307805477e-06
pagan,3.6307805477e-06
painters,3.6307805477e-06
pals,3.6307805477e-06
planetary,3.6307805477e-06
playboy,3.6307805477e-06
porcelain,3.6307805477e-06
processors,3.6307805477e-06
programmer,3.6307805477e-06
promoter,3.6307805477e-06
psalm,3.6307805477e-06
psychiatry,3.6307805477e-06
psychologists,3.6307805477e-06
pubs,3.6307805477e-06
pursuant,3.6307805477e-06
recycled,3.6307805477e-06
renovated,3.6307805477e-06
repetitive,3.6307805477e-06
researched,3.6307805477e-06
revelations,3.6307805477e-06
reversal,3.6307805477e-06
rhyme,3.6307805477e-06
rue,3.6307805477e-06
safest,3.6307805477e-06
saturdays,3.6307805477e-06
savvy,3.6307805477e-06
scanner,3.6307805477e-06
schizophrenia,3.6307805477e-06
scratching,3.6307805477e-06
seriousness,3.6307805477e-06
sheila,3.6307805477e-06
shelby,3.6307805477e-06
sparkling,3.6307805477e-06
spree,3.6307805477e-06
stafford,3.6307805477e-06
stakeholders,3.6307805477e-06
stevenson,3.6307805477e-06
submitting,3.6307805477e-06
subsidy,3.6307805477e-06
sup,3.6307805477e-06
superficial,3.6307805477e-06
sweaty,3.6307805477e-06
tailored,3.6307805477e-06
tame,3.6307805477e-06
tanner,3.6307805477e-06
taps,3.6307805477e-06
tf,3.6307805477e-06
thinner,3.6307805477e-06
thugs,3.6307805477e-06
tipping,3.6307805477e-06
toni,3.6307805477e-06
topping,3.6307805477e-06
tracing,3.6307805477e-06
truman,3.6307805477e-06
upstream,3.6307805477e-06
vapor,3.6307805477e-06
veronica,3.6307805477e-06
vow,3.6307805477e-06
waitress,3.6307805477e-06
walnut,3.6307805477e-06
waterfront,3.6307805477e-06
wembley,3.6307805477e-06
whatsapp,3.6307805477e-06
winchester,3.6307805477e-06
witty,3.6307805477e-06
woven,3.6307805477e-06
wyatt,3.6307805477e-06
zack,3.6307805477e-06
acquaintance,3.54813389234e-06
aires,3.54813389234e-06
ambassadors,3.54813389234e-06
ambush,3.54813389234e-06
amelia,3.54813389234e-06
amend,3.54813389234e-06
arranging,3.54813389234e-06
arrogance,3.54813389234e-06
attendees,3.54813389234e-06
audrey,3.54813389234e-06
aussie,3.54813389234e-06
awaits,3.54813389234e-06
baptism,3.54813389234e-06
beirut,3.54813389234e-06
blames,3.54813389234e-06
blasting,3.54813389234e-06
bloke,3.54813389234e-06
blond,3.54813389234e-06
blur,3.54813389234e-06
blvd,3.54813389234e-06
boogie,3.54813389234e-06
booker,3.54813389234e-06
bothers,3.54813389234e-06
bowel,3.54813389234e-06
brightest,3.54813389234e-06
brow,3.54813389234e-06
budapest,3.54813389234e-06
bulbs,3.54813389234e-06
bureaucracy,3.54813389234e-06
cabbage,3.54813389234e-06
canton,3.54813389234e-06
cater,3.54813389234e-06
celtics,3.54813389234e-06
chimney,3.54813389234e-06
chrysler,3.54813389234e-06
circulated,3.54813389234e-06
cloudy,3.54813389234e-06
colourful,3.54813389234e-06
compassionate,3.54813389234e-06
comrade,3.54813389234e-06
concentrating,3.54813389234e-06
continents,3.54813389234e-06
convertible,3.54813389234e-06
cory,3.54813389234e-06
crater,3.54813389234e-06
creeping,3.54813389234e-06
cu,3.54813389234e-06
cumulative,3.54813389234e-06
curator,3.54813389234e-06
dat,3.54813389234e-06
deity,3.54813389234e-06
desperation,3.54813389234e-06
detrimental,3.54813389234e-06
diarrhea,3.54813389234e-06
disposed,3.54813389234e-06
distortion,3.54813389234e-06
doctoral,3.54813389234e-06
draining,3.54813389234e-06
drains,3.54813389234e-06
dramas,3.54813389234e-06
drifting,3.54813389234e-06
edged,3.54813389234e-06
educator,3.54813389234e-06
entitlement,3.54813389234e-06
esp,3.54813389234e-06
faux,3.54813389234e-06
favoured,3.54813389234e-06
fearless,3.54813389234e-06
finch,3.54813389234e-06
fragment,3.54813389234e-06
fulfil,3.54813389234e-06
galaxies,3.54813389234e-06
gangster,3.54813389234e-06
garner,3.54813389234e-06
gil,3.54813389234e-06
giveaway,3.54813389234e-06
graphs,3.54813389234e-06
gypsy,3.54813389234e-06
harassed,3.54813389234e-06
heater,3.54813389234e-06
hesitation,3.54813389234e-06
humiliation,3.54813389234e-06
ic,3.54813389234e-06
impairment,3.54813389234e-06
impatient,3.54813389234e-06
incorporates,3.54813389234e-06
indy,3.54813389234e-06
insisting,3.54813389234e-06
intricate,3.54813389234e-06
irvine,3.54813389234e-06
jensen,3.54813389234e-06
kang,3.54813389234e-06
kara,3.54813389234e-06
karate,3.54813389234e-06
kc,3.54813389234e-06
kingdoms,3.54813389234e-06
kite,3.54813389234e-06
labeling,3.54813389234e-06
leasing,3.54813389234e-06
lighthouse,3.54813389234e-06
longevity,3.54813389234e-06
lore,3.54813389234e-06
lush,3.54813389234e-06
luxurious,3.54813389234e-06
mal,3.54813389234e-06
mash,3.54813389234e-06
mba,3.54813389234e-06
meg,3.54813389234e-06
meltdown,3.54813389234e-06
messiah,3.54813389234e-06
meteor,3.54813389234e-06
ministerial,3.54813389234e-06
mmm,3.54813389234e-06
mocking,3.54813389234e-06
monty,3.54813389234e-06
motions,3.54813389234e-06
mystical,3.54813389234e-06
nu,3.54813389234e-06
obstruction,3.54813389234e-06
odyssey,3.54813389234e-06
om,3.54813389234e-06
onboard,3.54813389234e-06
oneself,3.54813389234e-06
org,3.54813389234e-06
outsider,3.54813389234e-06
overcoming,3.54813389234e-06
palms,3.54813389234e-06
penetrate,3.54813389234e-06
phelps,3.54813389234e-06
phi,3.54813389234e-06
philippe,3.54813389234e-06
pioneers,3.54813389234e-06
plaintiff,3.54813389234e-06
planners,3.54813389234e-06
plum,3.54813389234e-06
plural,3.54813389234e-06
poe,3.54813389234e-06
portrayal,3.54813389234e-06
prevail,3.54813389234e-06
prevailing,3.54813389234e-06
prostitutes,3.54813389234e-06
publishes,3.54813389234e-06
puff,3.54813389234e-06
pun,3.54813389234e-06
puzzles,3.54813389234e-06
rag,3.54813389234e-06
raj,3.54813389234e-06
rampant,3.54813389234e-06
recommending,3.54813389234e-06
reggie,3.54813389234e-06
regulating,3.54813389234e-06
repairing,3.54813389234e-06
repeats,3.54813389234e-06
replicate,3.54813389234e-06
replying,3.54813389234e-06
retaliation,3.54813389234e-06
rf,3.54813389234e-06
risking,3.54813389234e-06
rooftop,3.54813389234e-06
rooting,3.54813389234e-06
routing,3.54813389234e-06
rv,3.54813389234e-06
safeguard,3.54813389234e-06
scaled,3.54813389234e-06
sedan,3.54813389234e-06
sentiments,3.54813389234e-06
sewage,3.54813389234e-06
sgt,3.54813389234e-06
shoppers,3.54813389234e-06
simpsons,3.54813389234e-06
sitcom,3.54813389234e-06
slang,3.54813389234e-06
slid,3.54813389234e-06
sparked,3.54813389234e-06
spices,3.54813389234e-06
spirited,3.54813389234e-06
spirituality,3.54813389234e-06
spoiler,3.54813389234e-06
suitcase,3.54813389234e-06
summon,3.54813389234e-06
survives,3.54813389234e-06
sustaining,3.54813389234e-06
tavern,3.54813389234e-06
teasing,3.54813389234e-06
telegram,3.54813389234e-06
titanium,3.54813389234e-06
trailing,3.54813389234e-06
tuck,3.54813389234e-06
turbulence,3.54813389234e-06
ulster,3.54813389234e-06
unesco,3.54813389234e-06
uneven,3.54813389234e-06
urgency,3.54813389234e-06
vibes,3.54813389234e-06
viktor,3.54813389234e-06
ware,3.54813389234e-06
waterproof,3.54813389234e-06
welcomes,3.54813389234e-06
whining,3.54813389234e-06
wonderfully,3.54813389234e-06
wording,3.54813389234e-06
zelda,3.54813389234e-06
abdullah,3.46736850453e-06
academia,3.46736850453e-06
accreditation,3.46736850453e-06
administer,3.46736850453e-06
admittedly,3.46736850453e-06
aforementioned,3.46736850453e-06
algae,3.46736850453e-06
alterations,3.46736850453e-06
angelo,3.46736850453e-06
apache,3.46736850453e-06
ariel,3.46736850453e-06
articulate,3.46736850453e-06
asbestos,3.46736850453e-06
atleast,3.46736850453e-06
avoidance,3.46736850453e-06
babylon,3.46736850453e-06
barney,3.46736850453e-06
bearings,3.46736850453e-06
bjp,3.46736850453e-06
boutique,3.46736850453e-06
bowie,3.46736850453e-06
brewer,3.46736850453e-06
brits,3.46736850453e-06
buffet,3.46736850453e-06
burner,3.46736850453e-06
cain,3.46736850453e-06
casa,3.46736850453e-06
catcher,3.46736850453e-06
cathy,3.46736850453e-06
charms,3.46736850453e-06
chassis,3.46736850453e-06
chores,3.46736850453e-06
clap,3.46736850453e-06
clarification,3.46736850453e-06
colder,3.46736850453e-06
concluding,3.46736850453e-06
consolation,3.46736850453e-06
consoles,3.46736850453e-06
corresponds,3.46736850453e-06
counters,3.46736850453e-06
covert,3.46736850453e-06
cringe,3.46736850453e-06
crosby,3.46736850453e-06
cunningham,3.46736850453e-06
cw,3.46736850453e-06
dagger,3.46736850453e-06
dealings,3.46736850453e-06
deferred,3.46736850453e-06
depicting,3.46736850453e-06
descriptive,3.46736850453e-06
dialect,3.46736850453e-06
dipped,3.46736850453e-06
dolly,3.46736850453e-06
downfall,3.46736850453e-06
downside,3.46736850453e-06
dryer,3.46736850453e-06
dunk,3.46736850453e-06
elijah,3.46736850453e-06
empowerment,3.46736850453e-06
endings,3.46736850453e-06
energies,3.46736850453e-06
ensuing,3.46736850453e-06
ensured,3.46736850453e-06
ethic,3.46736850453e-06
executing,3.46736850453e-06
expire,3.46736850453e-06
fireplace,3.46736850453e-06
flair,3.46736850453e-06
fossils,3.46736850453e-06
fugitive,3.46736850453e-06
gpa,3.46736850453e-06
greenwich,3.46736850453e-06
gujarat,3.46736850453e-06
hah,3.46736850453e-06
hanson,3.46736850453e-06
haunt,3.46736850453e-06
hayden,3.46736850453e-06
hazel,3.46736850453e-06
headset,3.46736850453e-06
hernandez,3.46736850453e-06
hk,3.46736850453e-06
homecoming,3.46736850453e-06
hurdles,3.46736850453e-06
hussein,3.46736850453e-06
hyped,3.46736850453e-06
icy,3.46736850453e-06
indulge,3.46736850453e-06
inmate,3.46736850453e-06
inscription,3.46736850453e-06
interpreter,3.46736850453e-06
intuition,3.46736850453e-06
invaluable,3.46736850453e-06
jaime,3.46736850453e-06
jenna,3.46736850453e-06
js,3.46736850453e-06
kaiser,3.46736850453e-06
kettle,3.46736850453e-06
kylie,3.46736850453e-06
laptops,3.46736850453e-06
lara,3.46736850453e-06
lasers,3.46736850453e-06
lax,3.46736850453e-06
lest,3.46736850453e-06
levi,3.46736850453e-06
lilly,3.46736850453e-06
malta,3.46736850453e-06
markings,3.46736850453e-06
mcconnell,3.46736850453e-06
mcgregor,3.46736850453e-06
menace,3.46736850453e-06
methane,3.46736850453e-06
mexicans,3.46736850453e-06
ming,3.46736850453e-06
misuse,3.46736850453e-06
mitigate,3.46736850453e-06
mona,3.46736850453e-06
nairobi,3.46736850453e-06
nana,3.46736850453e-06
nausea,3.46736850453e-06
neurological,3.46736850453e-06
nicola,3.46736850453e-06
optimum,3.46736850453e-06
ounces,3.46736850453e-06
overwhelmingly,3.46736850453e-06
oyster,3.46736850453e-06
pastoral,3.46736850453e-06
patented,3.46736850453e-06
pea,3.46736850453e-06
pearls,3.46736850453e-06
physiological,3.46736850453e-06
pioneering,3.46736850453e-06
pleasures,3.46736850453e-06
policemen,3.46736850453e-06
poo,3.46736850453e-06
poultry,3.46736850453e-06
prominence,3.46736850453e-06
prophets,3.46736850453e-06
prosecute,3.46736850453e-06
ptsd,3.46736850453e-06
quartet,3.46736850453e-06
radically,3.46736850453e-06
raping,3.46736850453e-06
reactive,3.46736850453e-06
reboot,3.46736850453e-06
renamed,3.46736850453e-06
resides,3.46736850453e-06
restrictive,3.46736850453e-06
robotic,3.46736850453e-06
runaway,3.46736850453e-06
saturn,3.46736850453e-06
sawyer,3.46736850453e-06
screenplay,3.46736850453e-06
scriptures,3.46736850453e-06
sect,3.46736850453e-06
seismic,3.46736850453e-06
seminary,3.46736850453e-06
sg,3.46736850453e-06
sheldon,3.46736850453e-06
shelley,3.46736850453e-06
shouts,3.46736850453e-06
sideways,3.46736850453e-06
sighted,3.46736850453e-06
skinned,3.46736850453e-06
skipper,3.46736850453e-06
slain,3.46736850453e-06
smuggling,3.46736850453e-06
softer,3.46736850453e-06
sonia,3.46736850453e-06
specs,3.46736850453e-06
squads,3.46736850453e-06
stash,3.46736850453e-06
stephens,3.46736850453e-06
stimulating,3.46736850453e-06
strawberries,3.46736850453e-06
striped,3.46736850453e-06
stroll,3.46736850453e-06
swiftly,3.46736850453e-06
texans,3.46736850453e-06
theatres,3.46736850453e-06
tolerated,3.46736850453e-06
transcription,3.46736850453e-06
tucson,3.46736850453e-06
tweeting,3.46736850453e-06
ul,3.46736850453e-06
unicorn,3.46736850453e-06
uniquely,3.46736850453e-06
unrealistic,3.46736850453e-06
vase,3.46736850453e-06
vat,3.46736850453e-06
vineyard,3.46736850453e-06
viola,3.46736850453e-06
waterfall,3.46736850453e-06
waved,3.46736850453e-06
weaving,3.46736850453e-06
welding,3.46736850453e-06
whereabouts,3.46736850453e-06
yah,3.46736850453e-06
yummy,3.46736850453e-06
zeus,3.46736850453e-06
abortions,3.38844156139e-06
acknowledges,3.38844156139e-06
adobe,3.38844156139e-06
adolescents,3.38844156139e-06
ala,3.38844156139e-06
alarming,3.38844156139e-06
alexandra,3.38844156139e-06
almond,3.38844156139e-06
amenities,3.38844156139e-06
amounted,3.38844156139e-06
amused,3.38844156139e-06
antarctica,3.38844156139e-06
arabian,3.38844156139e-06
ari,3.38844156139e-06
asphalt,3.38844156139e-06
atrocities,3.38844156139e-06
aviv,3.38844156139e-06
bach,3.38844156139e-06
backbone,3.38844156139e-06
bahamas,3.38844156139e-06
beetle,3.38844156139e-06
blizzard,3.38844156139e-06
bolivia,3.38844156139e-06
booklet,3.38844156139e-06
bottoms,3.38844156139e-06
brawl,3.38844156139e-06
brittany,3.38844156139e-06
bryce,3.38844156139e-06
bu,3.38844156139e-06
burgess,3.38844156139e-06
butts,3.38844156139e-06
camden,3.38844156139e-06
cameroon,3.38844156139e-06
celestial,3.38844156139e-06
characterization,3.38844156139e-06
chevy,3.38844156139e-06
choked,3.38844156139e-06
ci,3.38844156139e-06
clashes,3.38844156139e-06
clint,3.38844156139e-06
comin,3.38844156139e-06
communicated,3.38844156139e-06
confessions,3.38844156139e-06
conform,3.38844156139e-06
conversely,3.38844156139e-06
countess,3.38844156139e-06
creations,3.38844156139e-06
cues,3.38844156139e-06
customary,3.38844156139e-06
dalton,3.38844156139e-06
debuted,3.38844156139e-06
declines,3.38844156139e-06
depicts,3.38844156139e-06
devote,3.38844156139e-06
dinners,3.38844156139e-06
diplomats,3.38844156139e-06
dispose,3.38844156139e-06
distinctly,3.38844156139e-06
evacuate,3.38844156139e-06
everett,3.38844156139e-06
exits,3.38844156139e-06
experimenting,3.38844156139e-06
exploding,3.38844156139e-06
exploits,3.38844156139e-06
favourable,3.38844156139e-06
ferdinand,3.38844156139e-06
flourish,3.38844156139e-06
flowering,3.38844156139e-06
fractures,3.38844156139e-06
fragrance,3.38844156139e-06
franz,3.38844156139e-06
fungus,3.38844156139e-06
gloucester,3.38844156139e-06
griffith,3.38844156139e-06
guarding,3.38844156139e-06
gunfire,3.38844156139e-06
harvesting,3.38844156139e-06
havana,3.38844156139e-06
heroine,3.38844156139e-06
hilary,3.38844156139e-06
hoax,3.38844156139e-06
imf,3.38844156139e-06
impending,3.38844156139e-06
insignificant,3.38844156139e-06
insurer,3.38844156139e-06
intercepted,3.38844156139e-06
interfering,3.38844156139e-06
itv,3.38844156139e-06
jonah,3.38844156139e-06
kerala,3.38844156139e-06
knowledgeable,3.38844156139e-06
ku,3.38844156139e-06
liberated,3.38844156139e-06
lingerie,3.38844156139e-06
lite,3.38844156139e-06
localities,3.38844156139e-06
locke,3.38844156139e-06
logos,3.38844156139e-06
lurking,3.38844156139e-06
madden,3.38844156139e-06
magician,3.38844156139e-06
magistrates,3.38844156139e-06
mai,3.38844156139e-06
mali,3.38844156139e-06
maneuver,3.38844156139e-06
marrow,3.38844156139e-06
marvelous,3.38844156139e-06
mas,3.38844156139e-06
mattered,3.38844156139e-06
medicinal,3.38844156139e-06
melanie,3.38844156139e-06
mono,3.38844156139e-06
murderers,3.38844156139e-06
nas,3.38844156139e-06
numb,3.38844156139e-06
omitted,3.38844156139e-06
originals,3.38844156139e-06
overlook,3.38844156139e-06
partnered,3.38844156139e-06
pastry,3.38844156139e-06
pawn,3.38844156139e-06
pediatric,3.38844156139e-06
persist,3.38844156139e-06
personalized,3.38844156139e-06
planner,3.38844156139e-06
plaster,3.38844156139e-06
playful,3.38844156139e-06
pleading,3.38844156139e-06
professions,3.38844156139e-06
quirky,3.38844156139e-06
quota,3.38844156139e-06
quran,3.38844156139e-06
randolph,3.38844156139e-06
rationale,3.38844156139e-06
reap,3.38844156139e-06
rebound,3.38844156139e-06
recess,3.38844156139e-06
redeem,3.38844156139e-06
reformation,3.38844156139e-06
regimes,3.38844156139e-06
replacements,3.38844156139e-06
residue,3.38844156139e-06
robotics,3.38844156139e-06
rocked,3.38844156139e-06
runoff,3.38844156139e-06
rwanda,3.38844156139e-06
salsa,3.38844156139e-06
scanned,3.38844156139e-06
screenshots,3.38844156139e-06
semiconductor,3.38844156139e-06
sentimental,3.38844156139e-06
serbian,3.38844156139e-06
severed,3.38844156139e-06
shocks,3.38844156139e-06
simultaneous,3.38844156139e-06
slaughtered,3.38844156139e-06
snatch,3.38844156139e-06
sneakers,3.38844156139e-06
somali,3.38844156139e-06
spikes,3.38844156139e-06
spooky,3.38844156139e-06
squeezed,3.38844156139e-06
staffing,3.38844156139e-06
stanton,3.38844156139e-06
stealth,3.38844156139e-06
strained,3.38844156139e-06
subscribed,3.38844156139e-06
subset,3.38844156139e-06
suspense,3.38844156139e-06
suzanne,3.38844156139e-06
swearing,3.38844156139e-06
swore,3.38844156139e-06
syntax,3.38844156139e-06
tad,3.38844156139e-06
tandem,3.38844156139e-06
tasked,3.38844156139e-06
tasmania,3.38844156139e-06
televised,3.38844156139e-06
tempered,3.38844156139e-06
tertiary,3.38844156139e-06
thyroid,3.38844156139e-06
tidy,3.38844156139e-06
timeless,3.38844156139e-06
tokens,3.38844156139e-06
uefa,3.38844156139e-06
unreliable,3.38844156139e-06
upbeat,3.38844156139e-06
usable,3.38844156139e-06
vanguard,3.38844156139e-06
vc,3.38844156139e-06
vomit,3.38844156139e-06
vulgar,3.38844156139e-06
waiver,3.38844156139e-06
walton,3.38844156139e-06
watershed,3.38844156139e-06
weave,3.38844156139e-06
wilkinson,3.38844156139e-06
wiring,3.38844156139e-06
yan,3.38844156139e-06
adrenaline,3.31131121483e-06
alexa,3.31131121483e-06
alleviate,3.31131121483e-06
amd,3.31131121483e-06
anarchy,3.31131121483e-06
ang,3.31131121483e-06
arent,3.31131121483e-06
ashore,3.31131121483e-06
aura,3.31131121483e-06
baden,3.31131121483e-06
ballroom,3.31131121483e-06
beginner,3.31131121483e-06
beginners,3.31131121483e-06
bermuda,3.31131121483e-06
bilingual,3.31131121483e-06
bombings,3.31131121483e-06
bonded,3.31131121483e-06
boosting,3.31131121483e-06
boyle,3.31131121483e-06
brenda,3.31131121483e-06
brewers,3.31131121483e-06
briggs,3.31131121483e-06
buchanan,3.31131121483e-06
buckingham,3.31131121483e-06
bundles,3.31131121483e-06
calcutta,3.31131121483e-06
caleb,3.31131121483e-06
canopy,3.31131121483e-06
chennai,3.31131121483e-06
cherish,3.31131121483e-06
chuckle,3.31131121483e-06
civilized,3.31131121483e-06
comb,3.31131121483e-06
completes,3.31131121483e-06
complexes,3.31131121483e-06
conceal,3.31131121483e-06
condemnation,3.31131121483e-06
contemplating,3.31131121483e-06
cores,3.31131121483e-06
cruiser,3.31131121483e-06
cruising,3.31131121483e-06
curl,3.31131121483e-06
dams,3.31131121483e-06
dared,3.31131121483e-06
dart,3.31131121483e-06
defends,3.31131121483e-06
demolished,3.31131121483e-06
denim,3.31131121483e-06
dependency,3.31131121483e-06
detecting,3.31131121483e-06
dew,3.31131121483e-06
dickens,3.31131121483e-06
disable,3.31131121483e-06
disconnected,3.31131121483e-06
dishonest,3.31131121483e-06
dosage,3.31131121483e-06
doubtful,3.31131121483e-06
dysfunction,3.31131121483e-06
ecosystems,3.31131121483e-06
encyclopedia,3.31131121483e-06
endowment,3.31131121483e-06
engraved,3.31131121483e-06
enrichment,3.31131121483e-06
erect,3.31131121483e-06
erection,3.31131121483e-06
eruption,3.31131121483e-06
examiner,3.31131121483e-06
exercised,3.31131121483e-06
exeter,3.31131121483e-06
expenditures,3.31131121483e-06
expires,3.31131121483e-06
fairfax,3.31131121483e-06
fam,3.31131121483e-06
fauna,3.31131121483e-06
feds,3.31131121483e-06
fidelity,3.31131121483e-06
finely,3.31131121483e-06
fischer,3.31131121483e-06
flirt,3.31131121483e-06
fluent,3.31131121483e-06
flute,3.31131121483e-06
footprint,3.31131121483e-06
fore,3.31131121483e-06
forefront,3.31131121483e-06
formulated,3.31131121483e-06
freaked,3.31131121483e-06
freshwater,3.31131121483e-06
fyi,3.31131121483e-06
gareth,3.31131121483e-06
gotham,3.31131121483e-06
gr,3.31131121483e-06
grouped,3.31131121483e-06
halted,3.31131121483e-06
harden,3.31131121483e-06
hardened,3.31131121483e-06
hateful,3.31131121483e-06
haunting,3.31131121483e-06
henri,3.31131121483e-06
hepatitis,3.31131121483e-06
honoring,3.31131121483e-06
horace,3.31131121483e-06
horrors,3.31131121483e-06
howe,3.31131121483e-06
huntington,3.31131121483e-06
ieee,3.31131121483e-06
inhabited,3.31131121483e-06
inherit,3.31131121483e-06
initiation,3.31131121483e-06
injections,3.31131121483e-06
insulted,3.31131121483e-06
integrating,3.31131121483e-06
intensely,3.31131121483e-06
ions,3.31131121483e-06
janeiro,3.31131121483e-06
jeopardy,3.31131121483e-06
joanna,3.31131121483e-06
kensington,3.31131121483e-06
ks,3.31131121483e-06
lafayette,3.31131121483e-06
lc,3.31131121483e-06
listener,3.31131121483e-06
lockdown,3.31131121483e-06
mandarin,3.31131121483e-06
mast,3.31131121483e-06
matte,3.31131121483e-06
mccartney,3.31131121483e-06
mediocre,3.31131121483e-06
middleton,3.31131121483e-06
mixes,3.31131121483e-06
morons,3.31131121483e-06
morse,3.31131121483e-06
mounts,3.31131121483e-06
nfc,3.31131121483e-06
niagara,3.31131121483e-06
nicest,3.31131121483e-06
nicotine,3.31131121483e-06
nl,3.31131121483e-06
nora,3.31131121483e-06
nordic,3.31131121483e-06
nos,3.31131121483e-06
notions,3.31131121483e-06
oranges,3.31131121483e-06
outward,3.31131121483e-06
overrated,3.31131121483e-06
packaged,3.31131121483e-06
packets,3.31131121483e-06
paige,3.31131121483e-06
passports,3.31131121483e-06
pb,3.31131121483e-06
pbs,3.31131121483e-06
peanuts,3.31131121483e-06
pep,3.31131121483e-06
piracy,3.31131121483e-06
platoon,3.31131121483e-06
practise,3.31131121483e-06
presses,3.31131121483e-06
rave,3.31131121483e-06
reactors,3.31131121483e-06
recreate,3.31131121483e-06
reeves,3.31131121483e-06
reigns,3.31131121483e-06
reno,3.31131121483e-06
resembling,3.31131121483e-06
residual,3.31131121483e-06
restricting,3.31131121483e-06
robe,3.31131121483e-06
rpg,3.31131121483e-06
rye,3.31131121483e-06
sails,3.31131121483e-06
sayin,3.31131121483e-06
sensational,3.31131121483e-06
sexism,3.31131121483e-06
smokers,3.31131121483e-06
sneaky,3.31131121483e-06
socket,3.31131121483e-06
spanning,3.31131121483e-06
specifics,3.31131121483e-06
spouses,3.31131121483e-06
starvation,3.31131121483e-06
starve,3.31131121483e-06
stool,3.31131121483e-06
stricken,3.31131121483e-06
stripping,3.31131121483e-06
subscriber,3.31131121483e-06
systematically,3.31131121483e-06
taxed,3.31131121483e-06
tc,3.31131121483e-06
tex,3.31131121483e-06
thanking,3.31131121483e-06
tibet,3.31131121483e-06
toledo,3.31131121483e-06
tread,3.31131121483e-06
tripping,3.31131121483e-06
truce,3.31131121483e-06
tsunami,3.31131121483e-06
turbines,3.31131121483e-06
turmoil,3.31131121483e-06
typed,3.31131121483e-06
tyranny,3.31131121483e-06
tyres,3.31131121483e-06
unfit,3.31131121483e-06
uphold,3.31131121483e-06
vita,3.31131121483e-06
volunteering,3.31131121483e-06
wal,3.31131121483e-06
warwick,3.31131121483e-06
waterloo,3.31131121483e-06
weeds,3.31131121483e-06
weir,3.31131121483e-06
wellbeing,3.31131121483e-06
wikileaks,3.31131121483e-06
wonderland,3.31131121483e-06
wrestler,3.31131121483e-06
yrs,3.31131121483e-06
zimmerman,3.31131121483e-06
zoning,3.31131121483e-06
abandoning,3.2359365693e-06
abolition,3.2359365693e-06
accessibility,3.2359365693e-06
acquainted,3.2359365693e-06
airplanes,3.2359365693e-06
airs,3.2359365693e-06
aloud,3.2359365693e-06
angular,3.2359365693e-06
anterior,3.2359365693e-06
appendix,3.2359365693e-06
approx,3.2359365693e-06
atp,3.2359365693e-06
attackers,3.2359365693e-06
auditorium,3.2359365693e-06
augustine,3.2359365693e-06
barking,3.2359365693e-06
bauer,3.2359365693e-06
beckham,3.2359365693e-06
behaving,3.2359365693e-06
benign,3.2359365693e-06
berkshire,3.2359365693e-06
bleach,3.2359365693e-06
boast,3.2359365693e-06
bowen,3.2359365693e-06
brandy,3.2359365693e-06
brethren,3.2359365693e-06
brink,3.2359365693e-06
bruh,3.2359365693e-06
carving,3.2359365693e-06
cas,3.2359365693e-06
cass,3.2359365693e-06
cctv,3.2359365693e-06
cecil,3.2359365693e-06
cheeky,3.2359365693e-06
chemist,3.2359365693e-06
choi,3.2359365693e-06
coastline,3.2359365693e-06
cobra,3.2359365693e-06
collaborate,3.2359365693e-06
comparatively,3.2359365693e-06
compensated,3.2359365693e-06
competed,3.2359365693e-06
conor,3.2359365693e-06
cosmos,3.2359365693e-06
councillors,3.2359365693e-06
crafting,3.2359365693e-06
cuff,3.2359365693e-06
curling,3.2359365693e-06
cyclone,3.2359365693e-06
dedicate,3.2359365693e-06
deleting,3.2359365693e-06
delusional,3.2359365693e-06
deposition,3.2359365693e-06
derive,3.2359365693e-06
descend,3.2359365693e-06
descending,3.2359365693e-06
diligence,3.2359365693e-06
disciplined,3.2359365693e-06
discriminate,3.2359365693e-06
distributions,3.2359365693e-06
diversion,3.2359365693e-06
doorway,3.2359365693e-06
dp,3.2359365693e-06
drilled,3.2359365693e-06
dumpster,3.2359365693e-06
emailed,3.2359365693e-06
empower,3.2359365693e-06
ernst,3.2359365693e-06
ethiopian,3.2359365693e-06
excerpt,3.2359365693e-06
existent,3.2359365693e-06
ezra,3.2359365693e-06
fabricated,3.2359365693e-06
fandom,3.2359365693e-06
filmmakers,3.2359365693e-06
filtered,3.2359365693e-06
foe,3.2359365693e-06
gatherings,3.2359365693e-06
georgian,3.2359365693e-06
getaway,3.2359365693e-06
glamour,3.2359365693e-06
heirs,3.2359365693e-06
humphrey,3.2359365693e-06
inbox,3.2359365693e-06
incidentally,3.2359365693e-06
infinitely,3.2359365693e-06
inflated,3.2359365693e-06
influenza,3.2359365693e-06
informs,3.2359365693e-06
inspected,3.2359365693e-06
instructional,3.2359365693e-06
interviewer,3.2359365693e-06
introductory,3.2359365693e-06
iot,3.2359365693e-06
jaguar,3.2359365693e-06
jamal,3.2359365693e-06
judgments,3.2359365693e-06
laurent,3.2359365693e-06
licking,3.2359365693e-06
ling,3.2359365693e-06
loft,3.2359365693e-06
lois,3.2359365693e-06
massively,3.2359365693e-06
mediated,3.2359365693e-06
mediation,3.2359365693e-06
merrill,3.2359365693e-06
metrics,3.2359365693e-06
millennials,3.2359365693e-06
modular,3.2359365693e-06
nico,3.2359365693e-06
nutrient,3.2359365693e-06
occupies,3.2359365693e-06
oslo,3.2359365693e-06
outlaw,3.2359365693e-06
oversee,3.2359365693e-06
pageant,3.2359365693e-06
parachute,3.2359365693e-06
parasite,3.2359365693e-06
parenthood,3.2359365693e-06
perennial,3.2359365693e-06
persistence,3.2359365693e-06
piers,3.2359365693e-06
pleas,3.2359365693e-06
porto,3.2359365693e-06
postage,3.2359365693e-06
praises,3.2359365693e-06
preschool,3.2359365693e-06
procedural,3.2359365693e-06
profoundly,3.2359365693e-06
prohibit,3.2359365693e-06
pronunciation,3.2359365693e-06
provoked,3.2359365693e-06
quotation,3.2359365693e-06
rappers,3.2359365693e-06
registers,3.2359365693e-06
relentless,3.2359365693e-06
remnants,3.2359365693e-06
repression,3.2359365693e-06
reprinted,3.2359365693e-06
resolving,3.2359365693e-06
ridiculously,3.2359365693e-06
roaring,3.2359365693e-06
salisbury,3.2359365693e-06
scandals,3.2359365693e-06
scrapped,3.2359365693e-06
seasoned,3.2359365693e-06
shootout,3.2359365693e-06
sigma,3.2359365693e-06
simulations,3.2359365693e-06
sk,3.2359365693e-06
somethin,3.2359365693e-06
sourced,3.2359365693e-06
specializing,3.2359365693e-06
spectator,3.2359365693e-06
speculative,3.2359365693e-06
spins,3.2359365693e-06
stadiums,3.2359365693e-06
stalls,3.2359365693e-06
stripe,3.2359365693e-06
submerged,3.2359365693e-06
surgeries,3.2359365693e-06
symmetry,3.2359365693e-06
syndicate,3.2359365693e-06
tae,3.2359365693e-06
thornton,3.2359365693e-06
tibetan,3.2359365693e-06
tighten,3.2359365693e-06
townsend,3.2359365693e-06
trenches,3.2359365693e-06
trustworthy,3.2359365693e-06
tvs,3.2359365693e-06
twelfth,3.2359365693e-06
tyre,3.2359365693e-06
ultrasound,3.2359365693e-06
usher,3.2359365693e-06
vacations,3.2359365693e-06
vascular,3.2359365693e-06
vets,3.2359365693e-06
watkins,3.2359365693e-06
weiss,3.2359365693e-06
wholesome,3.2359365693e-06
wiley,3.2359365693e-06
witnessing,3.2359365693e-06
workouts,3.2359365693e-06
yielded,3.2359365693e-06
absorbing,3.16227766017e-06
adapting,3.16227766017e-06
addicts,3.16227766017e-06
adjoining,3.16227766017e-06
albuquerque,3.16227766017e-06
allegation,3.16227766017e-06
alternating,3.16227766017e-06
ancestry,3.16227766017e-06
ankles,3.16227766017e-06
annex,3.16227766017e-06
annexed,3.16227766017e-06
antibiotic,3.16227766017e-06
arresting,3.16227766017e-06
augmented,3.16227766017e-06
avenues,3.16227766017e-06
avid,3.16227766017e-06
avoids,3.16227766017e-06
badges,3.16227766017e-06
barbados,3.16227766017e-06
barge,3.16227766017e-06
bartender,3.16227766017e-06
bert,3.16227766017e-06
birch,3.16227766017e-06
bland,3.16227766017e-06
blended,3.16227766017e-06
bohemian,3.16227766017e-06
bong,3.16227766017e-06
bounded,3.16227766017e-06
bows,3.16227766017e-06
breastfeeding,3.16227766017e-06
bribe,3.16227766017e-06
bridal,3.16227766017e-06
broadcasts,3.16227766017e-06
broccoli,3.16227766017e-06
brushing,3.16227766017e-06
buckets,3.16227766017e-06
buckle,3.16227766017e-06
burlington,3.16227766017e-06
bursts,3.16227766017e-06
cannes,3.16227766017e-06
canoe,3.16227766017e-06
centred,3.16227766017e-06
chilly,3.16227766017e-06
chords,3.16227766017e-06
chu,3.16227766017e-06
cider,3.16227766017e-06
clowns,3.16227766017e-06
clueless,3.16227766017e-06
cobb,3.16227766017e-06
consciously,3.16227766017e-06
corpses,3.16227766017e-06
correlated,3.16227766017e-06
correspond,3.16227766017e-06
cradle,3.16227766017e-06
crappy,3.16227766017e-06
crippled,3.16227766017e-06
damien,3.16227766017e-06
dayton,3.16227766017e-06
decency,3.16227766017e-06
deficits,3.16227766017e-06
despise,3.16227766017e-06
destroyer,3.16227766017e-06
diocese,3.16227766017e-06
dispersed,3.16227766017e-06
docs,3.16227766017e-06
doorstep,3.16227766017e-06
eliot,3.16227766017e-06
embarked,3.16227766017e-06
enriched,3.16227766017e-06
equip,3.16227766017e-06
faa,3.16227766017e-06
fellas,3.16227766017e-06
foley,3.16227766017e-06
footing,3.16227766017e-06
fulton,3.16227766017e-06
garments,3.16227766017e-06
glamorous,3.16227766017e-06
goldberg,3.16227766017e-06
growers,3.16227766017e-06
handler,3.16227766017e-06
hangover,3.16227766017e-06
haters,3.16227766017e-06
havent,3.16227766017e-06
havoc,3.16227766017e-06
hee,3.16227766017e-06
hind,3.16227766017e-06
hitter,3.16227766017e-06
hive,3.16227766017e-06
homophobic,3.16227766017e-06
honolulu,3.16227766017e-06
humid,3.16227766017e-06
hyderabad,3.16227766017e-06
illuminated,3.16227766017e-06
imam,3.16227766017e-06
implants,3.16227766017e-06
indicted,3.16227766017e-06
inexperienced,3.16227766017e-06
influencing,3.16227766017e-06
invading,3.16227766017e-06
irritated,3.16227766017e-06
jackpot,3.16227766017e-06
javascript,3.16227766017e-06
jurassic,3.16227766017e-06
kangaroo,3.16227766017e-06
ke,3.16227766017e-06
klaus,3.16227766017e-06
knowingly,3.16227766017e-06
kuala,3.16227766017e-06
legged,3.16227766017e-06
lex,3.16227766017e-06
liberalism,3.16227766017e-06
liberia,3.16227766017e-06
lithuania,3.16227766017e-06
litre,3.16227766017e-06
locomotive,3.16227766017e-06
longing,3.16227766017e-06
lsu,3.16227766017e-06
mailed,3.16227766017e-06
manny,3.16227766017e-06
mantra,3.16227766017e-06
mapped,3.16227766017e-06
marcel,3.16227766017e-06
mating,3.16227766017e-06
mckay,3.16227766017e-06
mesa,3.16227766017e-06
microscope,3.16227766017e-06
milky,3.16227766017e-06
mixer,3.16227766017e-06
modeled,3.16227766017e-06
moe,3.16227766017e-06
monumental,3.16227766017e-06
moth,3.16227766017e-06
multiply,3.16227766017e-06
mv,3.16227766017e-06
narcotics,3.16227766017e-06
nicky,3.16227766017e-06
nuggets,3.16227766017e-06
nuisance,3.16227766017e-06
obedience,3.16227766017e-06
objected,3.16227766017e-06
obligated,3.16227766017e-06
organise,3.16227766017e-06
outing,3.16227766017e-06
overdue,3.16227766017e-06
overload,3.16227766017e-06
parasites,3.16227766017e-06
payable,3.16227766017e-06
paycheck,3.16227766017e-06
peaches,3.16227766017e-06
peaked,3.16227766017e-06
picturesque,3.16227766017e-06
pilgrimage,3.16227766017e-06
pillows,3.16227766017e-06
pivot,3.16227766017e-06
pivotal,3.16227766017e-06
por,3.16227766017e-06
pressured,3.16227766017e-06
preventive,3.16227766017e-06
primer,3.16227766017e-06
profitability,3.16227766017e-06
progressing,3.16227766017e-06
provoke,3.16227766017e-06
pulmonary,3.16227766017e-06
punishing,3.16227766017e-06
rad,3.16227766017e-06
radicals,3.16227766017e-06
raspberry,3.16227766017e-06
reconcile,3.16227766017e-06
regression,3.16227766017e-06
resilient,3.16227766017e-06
roaming,3.16227766017e-06
router,3.16227766017e-06
routines,3.16227766017e-06
ru,3.16227766017e-06
ryder,3.16227766017e-06
sabbath,3.16227766017e-06
schneider,3.16227766017e-06
schwartz,3.16227766017e-06
scouting,3.16227766017e-06
secretaries,3.16227766017e-06
selfies,3.16227766017e-06
seminars,3.16227766017e-06
shortages,3.16227766017e-06
shortened,3.16227766017e-06
shovel,3.16227766017e-06
skinner,3.16227766017e-06
smelled,3.16227766017e-06
smh,3.16227766017e-06
specializes,3.16227766017e-06
splits,3.16227766017e-06
staggering,3.16227766017e-06
statutes,3.16227766017e-06
striving,3.16227766017e-06
suing,3.16227766017e-06
surname,3.16227766017e-06
synonymous,3.16227766017e-06
tackling,3.16227766017e-06
tai,3.16227766017e-06
tallest,3.16227766017e-06
taped,3.16227766017e-06
tedious,3.16227766017e-06
toxins,3.16227766017e-06
troubling,3.16227766017e-06
tug,3.16227766017e-06
twists,3.16227766017e-06
utilization,3.16227766017e-06
volkswagen,3.16227766017e-06
walkers,3.16227766017e-06
wink,3.16227766017e-06
woodward,3.16227766017e-06
yugoslavia,3.16227766017e-06
actresses,3.09029543251e-06
adhd,3.09029543251e-06
ae,3.09029543251e-06
alonso,3.09029543251e-06
ancestor,3.09029543251e-06
arbor,3.09029543251e-06
astronomical,3.09029543251e-06
attends,3.09029543251e-06
attire,3.09029543251e-06
authored,3.09029543251e-06
autograph,3.09029543251e-06
automobiles,3.09029543251e-06
ava,3.09029543251e-06
axle,3.09029543251e-06
barley,3.09029543251e-06
bd,3.09029543251e-06
beyonce,3.09029543251e-06
bitten,3.09029543251e-06
blasted,3.09029543251e-06
blasts,3.09029543251e-06
botanical,3.09029543251e-06
bottled,3.09029543251e-06
braces,3.09029543251e-06
brag,3.09029543251e-06
breakout,3.09029543251e-06
bumped,3.09029543251e-06
bursting,3.09029543251e-06
catchy,3.09029543251e-06
cbc,3.09029543251e-06
ceremonial,3.09029543251e-06
chanel,3.09029543251e-06
cheque,3.09029543251e-06
chilled,3.09029543251e-06
cho,3.09029543251e-06
choreography,3.09029543251e-06
cisco,3.09029543251e-06
clarified,3.09029543251e-06
cling,3.09029543251e-06
coco,3.09029543251e-06
coincide,3.09029543251e-06
comedians,3.09029543251e-06
commemorate,3.09029543251e-06
commits,3.09029543251e-06
concurrent,3.09029543251e-06
corrupted,3.09029543251e-06
coventry,3.09029543251e-06
crocodile,3.09029543251e-06
cub,3.09029543251e-06
derrick,3.09029543251e-06
diaper,3.09029543251e-06
differentiation,3.09029543251e-06
dine,3.09029543251e-06
disadvantaged,3.09029543251e-06
disadvantages,3.09029543251e-06
disagreed,3.09029543251e-06
dissolve,3.09029543251e-06
diverted,3.09029543251e-06
dubious,3.09029543251e-06
dudley,3.09029543251e-06
durant,3.09029543251e-06
eagerly,3.09029543251e-06
ecclesiastical,3.09029543251e-06
edt,3.09029543251e-06
egyptians,3.09029543251e-06
elk,3.09029543251e-06
enlightened,3.09029543251e-06
erased,3.09029543251e-06
escorted,3.09029543251e-06
eur,3.09029543251e-06
exhaustion,3.09029543251e-06
expectancy,3.09029543251e-06
famously,3.09029543251e-06
fella,3.09029543251e-06
fielding,3.09029543251e-06
fingerprint,3.09029543251e-06
fisherman,3.09029543251e-06
flap,3.09029543251e-06
folklore,3.09029543251e-06
forgiving,3.09029543251e-06
fractured,3.09029543251e-06
galactic,3.09029543251e-06
gardener,3.09029543251e-06
getty,3.09029543251e-06
glee,3.09029543251e-06
grassroots,3.09029543251e-06
gravitational,3.09029543251e-06
grazing,3.09029543251e-06
guinness,3.09029543251e-06
gunshot,3.09029543251e-06
habitats,3.09029543251e-06
hailed,3.09029543251e-06
hereditary,3.09029543251e-06
hiatus,3.09029543251e-06
homestead,3.09029543251e-06
horribly,3.09029543251e-06
horsepower,3.09029543251e-06
hue,3.09029543251e-06
icing,3.09029543251e-06
idols,3.09029543251e-06
ikea,3.09029543251e-06
insurers,3.09029543251e-06
intellect,3.09029543251e-06
intellectuals,3.09029543251e-06
intending,3.09029543251e-06
interchange,3.09029543251e-06
isabella,3.09029543251e-06
jihad,3.09029543251e-06
juventus,3.09029543251e-06
kidneys,3.09029543251e-06
knob,3.09029543251e-06
kristen,3.09029543251e-06
lahore,3.09029543251e-06
lapse,3.09029543251e-06
laundering,3.09029543251e-06
ledger,3.09029543251e-06
liga,3.09029543251e-06
loaf,3.09029543251e-06
lodged,3.09029543251e-06
login,3.09029543251e-06
loot,3.09029543251e-06
lorenzo,3.09029543251e-06
magnesium,3.09029543251e-06
malware,3.09029543251e-06
mclaren,3.09029543251e-06
mimic,3.09029543251e-06
mindful,3.09029543251e-06
motorcycles,3.09029543251e-06
mural,3.09029543251e-06
murdoch,3.09029543251e-06
musk,3.09029543251e-06
myriad,3.09029543251e-06
nan,3.09029543251e-06
nasal,3.09029543251e-06
nautical,3.09029543251e-06
neatly,3.09029543251e-06
negativity,3.09029543251e-06
northampton,3.09029543251e-06
noteworthy,3.09029543251e-06
nuns,3.09029543251e-06
odor,3.09029543251e-06
oprah,3.09029543251e-06
organising,3.09029543251e-06
overturned,3.09029543251e-06
overwatch,3.09029543251e-06
paddle,3.09029543251e-06
parrot,3.09029543251e-06
partying,3.09029543251e-06
patel,3.09029543251e-06
peg,3.09029543251e-06
pesticides,3.09029543251e-06
pixels,3.09029543251e-06
plunge,3.09029543251e-06
powerless,3.09029543251e-06
pragmatic,3.09029543251e-06
primaries,3.09029543251e-06
quasi,3.09029543251e-06
quentin,3.09029543251e-06
radiant,3.09029543251e-06
ramsay,3.09029543251e-06
reese,3.09029543251e-06
refinery,3.09029543251e-06
regained,3.09029543251e-06
reich,3.09029543251e-06
remorse,3.09029543251e-06
reopened,3.09029543251e-06
revoked,3.09029543251e-06
rhymes,3.09029543251e-06
rpm,3.09029543251e-06
sanity,3.09029543251e-06
scandinavian,3.09029543251e-06
scotia,3.09029543251e-06
scratched,3.09029543251e-06
sears,3.09029543251e-06
ser,3.09029543251e-06
sergei,3.09029543251e-06
sharia,3.09029543251e-06
showdown,3.09029543251e-06
shuffle,3.09029543251e-06
shuts,3.09029543251e-06
siding,3.09029543251e-06
simulated,3.09029543251e-06
skyline,3.09029543251e-06
slab,3.09029543251e-06
sprayed,3.09029543251e-06
stacks,3.09029543251e-06
startups,3.09029543251e-06
stocking,3.09029543251e-06
suarez,3.09029543251e-06
subscriptions,3.09029543251e-06
suites,3.09029543251e-06
supplemental,3.09029543251e-06
suspicions,3.09029543251e-06
swimmer,3.09029543251e-06
tao,3.09029543251e-06
tariff,3.09029543251e-06
techno,3.09029543251e-06
teller,3.09029543251e-06
textiles,3.09029543251e-06
therapies,3.09029543251e-06
theyre,3.09029543251e-06
trance,3.09029543251e-06
translating,3.09029543251e-06
traveller,3.09029543251e-06
unconditional,3.09029543251e-06
unforgettable,3.09029543251e-06
vacancies,3.09029543251e-06
violates,3.09029543251e-06
volatility,3.09029543251e-06
weaken,3.09029543251e-06
webcam,3.09029543251e-06
wen,3.09029543251e-06
weston,3.09029543251e-06
wouldnt,3.09029543251e-06
xavier,3.09029543251e-06
yorker,3.09029543251e-06
abel,3.0199517204e-06
abolish,3.0199517204e-06
aca,3.0199517204e-06
accessing,3.0199517204e-06
accommodations,3.0199517204e-06
accumulate,3.0199517204e-06
admirable,3.0199517204e-06
adventurous,3.0199517204e-06
ajax,3.0199517204e-06
alarmed,3.0199517204e-06
ama,3.0199517204e-06
ammo,3.0199517204e-06
amos,3.0199517204e-06
analysed,3.0199517204e-06
andreas,3.0199517204e-06
angelina,3.0199517204e-06
anthology,3.0199517204e-06
antiques,3.0199517204e-06
anyhow,3.0199517204e-06
ape,3.0199517204e-06
arrivals,3.0199517204e-06
assaults,3.0199517204e-06
assemblies,3.0199517204e-06
auditor,3.0199517204e-06
avalanche,3.0199517204e-06
azerbaijan,3.0199517204e-06
badger,3.0199517204e-06
ballistic,3.0199517204e-06
banter,3.0199517204e-06
becker,3.0199517204e-06
bidder,3.0199517204e-06
birthdays,3.0199517204e-06
blackburn,3.0199517204e-06
blazing,3.0199517204e-06
blockbuster,3.0199517204e-06
blueprint,3.0199517204e-06
bodied,3.0199517204e-06
boosted,3.0199517204e-06
bowler,3.0199517204e-06
broadcasters,3.0199517204e-06
byrne,3.0199517204e-06
cadillac,3.0199517204e-06
cameo,3.0199517204e-06
canals,3.0199517204e-06
caramel,3.0199517204e-06
cassidy,3.0199517204e-06
charismatic,3.0199517204e-06
chromosome,3.0199517204e-06
chunks,3.0199517204e-06
clarkson,3.0199517204e-06
claus,3.0199517204e-06
comcast,3.0199517204e-06
commencement,3.0199517204e-06
concede,3.0199517204e-06
conducts,3.0199517204e-06
confiscated,3.0199517204e-06
contestant,3.0199517204e-06
contradictory,3.0199517204e-06
convent,3.0199517204e-06
converse,3.0199517204e-06
correcting,3.0199517204e-06
corrosion,3.0199517204e-06
crib,3.0199517204e-06
crossroads,3.0199517204e-06
dearly,3.0199517204e-06
defiance,3.0199517204e-06
deter,3.0199517204e-06
diner,3.0199517204e-06
dipping,3.0199517204e-06
disneyland,3.0199517204e-06
disposition,3.0199517204e-06
djs,3.0199517204e-06
documentaries,3.0199517204e-06
dripping,3.0199517204e-06
ecstasy,3.0199517204e-06
eighteenth,3.0199517204e-06
eleventh,3.0199517204e-06
eliza,3.0199517204e-06
emphasizes,3.0199517204e-06
empowering,3.0199517204e-06
engagements,3.0199517204e-06
enrique,3.0199517204e-06
envoy,3.0199517204e-06
estonia,3.0199517204e-06
expiration,3.0199517204e-06
exploiting,3.0199517204e-06
expressly,3.0199517204e-06
fabrication,3.0199517204e-06
facilitated,3.0199517204e-06
faggot,3.0199517204e-06
fascination,3.0199517204e-06
fir,3.0199517204e-06
foreigner,3.0199517204e-06
formulation,3.0199517204e-06
francs,3.0199517204e-06
frontal,3.0199517204e-06
fullest,3.0199517204e-06
fungi,3.0199517204e-06
goalie,3.0199517204e-06
gonzalez,3.0199517204e-06
gradient,3.0199517204e-06
gravy,3.0199517204e-06
grenades,3.0199517204e-06
gwen,3.0199517204e-06
haley,3.0199517204e-06
harmed,3.0199517204e-06
herring,3.0199517204e-06
hires,3.0199517204e-06
hopper,3.0199517204e-06
hugging,3.0199517204e-06
hysterical,3.0199517204e-06
implant,3.0199517204e-06
incompatible,3.0199517204e-06
inducing,3.0199517204e-06
injunction,3.0199517204e-06
innate,3.0199517204e-06
instituted,3.0199517204e-06
iphones,3.0199517204e-06
jays,3.0199517204e-06
jeremiah,3.0199517204e-06
jude,3.0199517204e-06
kathryn,3.0199517204e-06
kd,3.0199517204e-06
keynote,3.0199517204e-06
kidnap,3.0199517204e-06
kiev,3.0199517204e-06
koreans,3.0199517204e-06
krishna,3.0199517204e-06
lama,3.0199517204e-06
learners,3.0199517204e-06
liquids,3.0199517204e-06
mclean,3.0199517204e-06
meats,3.0199517204e-06
michele,3.0199517204e-06
motivational,3.0199517204e-06
naruto,3.0199517204e-06
natasha,3.0199517204e-06
nightly,3.0199517204e-06
noir,3.0199517204e-06
normandy,3.0199517204e-06
notwithstanding,3.0199517204e-06
ns,3.0199517204e-06
ordained,3.0199517204e-06
originating,3.0199517204e-06
orphans,3.0199517204e-06
pans,3.0199517204e-06
paralysis,3.0199517204e-06
patiently,3.0199517204e-06
patrols,3.0199517204e-06
pauline,3.0199517204e-06
paw,3.0199517204e-06
pharmaceuticals,3.0199517204e-06
pianist,3.0199517204e-06
pickles,3.0199517204e-06
pilgrims,3.0199517204e-06
pinterest,3.0199517204e-06
pisses,3.0199517204e-06
placebo,3.0199517204e-06
podcasts,3.0199517204e-06
pointers,3.0199517204e-06
postpone,3.0199517204e-06
progressively,3.0199517204e-06
propelled,3.0199517204e-06
psa,3.0199517204e-06
psych,3.0199517204e-06
punt,3.0199517204e-06
rae,3.0199517204e-06
raptors,3.0199517204e-06
reinforcements,3.0199517204e-06
repetition,3.0199517204e-06
restraining,3.0199517204e-06
retrospective,3.0199517204e-06
revise,3.0199517204e-06
righteousness,3.0199517204e-06
rinse,3.0199517204e-06
robbins,3.0199517204e-06
rss,3.0199517204e-06
sal,3.0199517204e-06
scalp,3.0199517204e-06
schultz,3.0199517204e-06
scrolling,3.0199517204e-06
sealing,3.0199517204e-06
sharma,3.0199517204e-06
sheds,3.0199517204e-06
sheltered,3.0199517204e-06
shia,3.0199517204e-06
shutter,3.0199517204e-06
smartest,3.0199517204e-06
snatched,3.0199517204e-06
sooo,3.0199517204e-06
spans,3.0199517204e-06
sparrow,3.0199517204e-06
speculate,3.0199517204e-06
spinach,3.0199517204e-06
squat,3.0199517204e-06
stew,3.0199517204e-06
stirling,3.0199517204e-06
stoned,3.0199517204e-06
strauss,3.0199517204e-06
stressing,3.0199517204e-06
styling,3.0199517204e-06
sublime,3.0199517204e-06
subtitles,3.0199517204e-06
sunni,3.0199517204e-06
sweetness,3.0199517204e-06
teamwork,3.0199517204e-06
tequila,3.0199517204e-06
terrestrial,3.0199517204e-06
textures,3.0199517204e-06
thinkers,3.0199517204e-06
thorn,3.0199517204e-06
thug,3.0199517204e-06
tit,3.0199517204e-06
toned,3.0199517204e-06
totals,3.0199517204e-06
triggering,3.0199517204e-06
tulsa,3.0199517204e-06
twenties,3.0199517204e-06
ufo,3.0199517204e-06
uncover,3.0199517204e-06
unnatural,3.0199517204e-06
unstoppable,3.0199517204e-06
upfront,3.0199517204e-06
urgently,3.0199517204e-06
virginity,3.0199517204e-06
virtues,3.0199517204e-06
volvo,3.0199517204e-06
vouchers,3.0199517204e-06
waived,3.0199517204e-06
wharf,3.0199517204e-06
wiser,3.0199517204e-06
wrestle,3.0199517204e-06
xv,3.0199517204e-06
yates,3.0199517204e-06
yoo,3.0199517204e-06
aap,2.95120922667e-06
accountants,2.95120922667e-06
achilles,2.95120922667e-06
addison,2.95120922667e-06
aggravated,2.95120922667e-06
ahhh,2.95120922667e-06
alberto,2.95120922667e-06
alleging,2.95120922667e-06
alto,2.95120922667e-06
ambrose,2.95120922667e-06
analyse,2.95120922667e-06
anomaly,2.95120922667e-06
aperture,2.95120922667e-06
apostles,2.95120922667e-06
apprenticeship,2.95120922667e-06
aspire,2.95120922667e-06
benches,2.95120922667e-06
biodiversity,2.95120922667e-06
biomedical,2.95120922667e-06
blinded,2.95120922667e-06
blurred,2.95120922667e-06
boarded,2.95120922667e-06
breadth,2.95120922667e-06
bullies,2.95120922667e-06
buster,2.95120922667e-06
cascade,2.95120922667e-06
casinos,2.95120922667e-06
centralized,2.95120922667e-06
char,2.95120922667e-06
cleanse,2.95120922667e-06
complains,2.95120922667e-06
concord,2.95120922667e-06
connector,2.95120922667e-06
connie,2.95120922667e-06
consolidate,2.95120922667e-06
containment,2.95120922667e-06
coupling,2.95120922667e-06
crate,2.95120922667e-06
crave,2.95120922667e-06
crows,2.95120922667e-06
dane,2.95120922667e-06
dangerously,2.95120922667e-06
denounced,2.95120922667e-06
dillon,2.95120922667e-06
diluted,2.95120922667e-06
doping,2.95120922667e-06
eddy,2.95120922667e-06
elusive,2.95120922667e-06
espionage,2.95120922667e-06
establishes,2.95120922667e-06
existential,2.95120922667e-06
experimentation,2.95120922667e-06
extremes,2.95120922667e-06
extremists,2.95120922667e-06
fanny,2.95120922667e-06
flashback,2.95120922667e-06
fluctuations,2.95120922667e-06
forecasting,2.95120922667e-06
freud,2.95120922667e-06
friedman,2.95120922667e-06
funnel,2.95120922667e-06
gail,2.95120922667e-06
gloss,2.95120922667e-06
grading,2.95120922667e-06
graft,2.95120922667e-06
grips,2.95120922667e-06
grumpy,2.95120922667e-06
guise,2.95120922667e-06
halves,2.95120922667e-06
heightened,2.95120922667e-06
horizons,2.95120922667e-06
hush,2.95120922667e-06
ibn,2.95120922667e-06
imitation,2.95120922667e-06
immersion,2.95120922667e-06
inconvenient,2.95120922667e-06
inspires,2.95120922667e-06
interfaces,2.95120922667e-06
intrigued,2.95120922667e-06
intrinsic,2.95120922667e-06
irresistible,2.95120922667e-06
javier,2.95120922667e-06
jd,2.95120922667e-06
jk,2.95120922667e-06
joanne,2.95120922667e-06
kb,2.95120922667e-06
kittens,2.95120922667e-06
landmarks,2.95120922667e-06
landslide,2.95120922667e-06
lcd,2.95120922667e-06
leah,2.95120922667e-06
leash,2.95120922667e-06
makeover,2.95120922667e-06
manned,2.95120922667e-06
marcos,2.95120922667e-06
mata,2.95120922667e-06
mater,2.95120922667e-06
maureen,2.95120922667e-06
melodies,2.95120922667e-06
memorandum,2.95120922667e-06
mercer,2.95120922667e-06
mermaid,2.95120922667e-06
miriam,2.95120922667e-06
moderation,2.95120922667e-06
moroccan,2.95120922667e-06
nano,2.95120922667e-06
neymar,2.95120922667e-06
ngos,2.95120922667e-06
nobility,2.95120922667e-06
notation,2.95120922667e-06
onstage,2.95120922667e-06
ordeal,2.95120922667e-06
ox,2.95120922667e-06
painfully,2.95120922667e-06
paranormal,2.95120922667e-06
paso,2.95120922667e-06
pear,2.95120922667e-06
piston,2.95120922667e-06
plugs,2.95120922667e-06
politely,2.95120922667e-06
pollen,2.95120922667e-06
principals,2.95120922667e-06
provoking,2.95120922667e-06
pts,2.95120922667e-06
puberty,2.95120922667e-06
raided,2.95120922667e-06
railroads,2.95120922667e-06
ramos,2.95120922667e-06
rbi,2.95120922667e-06
reggae,2.95120922667e-06
relegated,2.95120922667e-06
respectfully,2.95120922667e-06
rethink,2.95120922667e-06
reviewer,2.95120922667e-06
reviewers,2.95120922667e-06
rewrite,2.95120922667e-06
rodeo,2.95120922667e-06
sas,2.95120922667e-06
sheridan,2.95120922667e-06
sherwood,2.95120922667e-06
shire,2.95120922667e-06
sinks,2.95120922667e-06
slit,2.95120922667e-06
snapping,2.95120922667e-06
sobbing,2.95120922667e-06
spitting,2.95120922667e-06
starved,2.95120922667e-06
stirred,2.95120922667e-06
stockings,2.95120922667e-06
stuffing,2.95120922667e-06
substituted,2.95120922667e-06
succeeds,2.95120922667e-06
summons,2.95120922667e-06
sutherland,2.95120922667e-06
swung,2.95120922667e-06
taboo,2.95120922667e-06
teaser,2.95120922667e-06
thatcher,2.95120922667e-06
throttle,2.95120922667e-06
tides,2.95120922667e-06
trendy,2.95120922667e-06
trimmed,2.95120922667e-06
trivia,2.95120922667e-06
trumps,2.95120922667e-06
turbulent,2.95120922667e-06
twisting,2.95120922667e-06
unbearable,2.95120922667e-06
underage,2.95120922667e-06
unleashed,2.95120922667e-06
unmarried,2.95120922667e-06
vaguely,2.95120922667e-06
veggies,2.95120922667e-06
visas,2.95120922667e-06
vortex,2.95120922667e-06
voucher,2.95120922667e-06
wand,2.95120922667e-06
wanderers,2.95120922667e-06
warmed,2.95120922667e-06
accelerating,2.88403150313e-06
advert,2.88403150313e-06
afforded,2.88403150313e-06
ain,2.88403150313e-06
alias,2.88403150313e-06
anaheim,2.88403150313e-06
anchored,2.88403150313e-06
annoy,2.88403150313e-06
antibody,2.88403150313e-06
apostle,2.88403150313e-06
appalling,2.88403150313e-06
applaud,2.88403150313e-06
arteries,2.88403150313e-06
asians,2.88403150313e-06
astronauts,2.88403150313e-06
baptized,2.88403150313e-06
barr,2.88403150313e-06
belarus,2.88403150313e-06
billie,2.88403150313e-06
bondage,2.88403150313e-06
boredom,2.88403150313e-06
bounced,2.88403150313e-06
bowman,2.88403150313e-06
breeders,2.88403150313e-06
brilliantly,2.88403150313e-06
brunch,2.88403150313e-06
buckley,2.88403150313e-06
burgundy,2.88403150313e-06
cabinets,2.88403150313e-06
carlisle,2.88403150313e-06
carolyn,2.88403150313e-06
castles,2.88403150313e-06
changer,2.88403150313e-06
che,2.88403150313e-06
chem,2.88403150313e-06
chestnut,2.88403150313e-06
cj,2.88403150313e-06
cleaners,2.88403150313e-06
cleanup,2.88403150313e-06
clemson,2.88403150313e-06
cocks,2.88403150313e-06
compose,2.88403150313e-06
concise,2.88403150313e-06
confinement,2.88403150313e-06
confronting,2.88403150313e-06
consultancy,2.88403150313e-06
contraction,2.88403150313e-06
contrasting,2.88403150313e-06
convergence,2.88403150313e-06
coughing,2.88403150313e-06
criterion,2.88403150313e-06
crossings,2.88403150313e-06
crowns,2.88403150313e-06
cummings,2.88403150313e-06
cylinders,2.88403150313e-06
deduction,2.88403150313e-06
despicable,2.88403150313e-06
detachment,2.88403150313e-06
detectors,2.88403150313e-06
dialog,2.88403150313e-06
digestive,2.88403150313e-06
diminish,2.88403150313e-06
disclaimer,2.88403150313e-06
disconnect,2.88403150313e-06
discriminatory,2.88403150313e-06
disruptive,2.88403150313e-06
dorset,2.88403150313e-06
dvds,2.88403150313e-06
endlessly,2.88403150313e-06
enthusiast,2.88403150313e-06
epilepsy,2.88403150313e-06
estimation,2.88403150313e-06
ethanol,2.88403150313e-06
excavation,2.88403150313e-06
extremist,2.88403150313e-06
feeder,2.88403150313e-06
flashlight,2.88403150313e-06
flattering,2.88403150313e-06
floats,2.88403150313e-06
forcibly,2.88403150313e-06
gao,2.88403150313e-06
garland,2.88403150313e-06
globalization,2.88403150313e-06
grail,2.88403150313e-06
graphical,2.88403150313e-06
grayson,2.88403150313e-06
groundbreaking,2.88403150313e-06
grouping,2.88403150313e-06
harding,2.88403150313e-06
holiness,2.88403150313e-06
horrifying,2.88403150313e-06
humiliating,2.88403150313e-06
iced,2.88403150313e-06
ida,2.88403150313e-06
illustrator,2.88403150313e-06
imbalance,2.88403150313e-06
immoral,2.88403150313e-06
implicated,2.88403150313e-06
inefficient,2.88403150313e-06
initials,2.88403150313e-06
instrumentation,2.88403150313e-06
intensified,2.88403150313e-06
intolerance,2.88403150313e-06
jeez,2.88403150313e-06
jurors,2.88403150313e-06
kappa,2.88403150313e-06
keepers,2.88403150313e-06
kendrick,2.88403150313e-06
ketchup,2.88403150313e-06
leukemia,2.88403150313e-06
levine,2.88403150313e-06
liars,2.88403150313e-06
lineage,2.88403150313e-06
liter,2.88403150313e-06
looting,2.88403150313e-06
lorraine,2.88403150313e-06
lyons,2.88403150313e-06
magnus,2.88403150313e-06
manpower,2.88403150313e-06
marley,2.88403150313e-06
martyr,2.88403150313e-06
masturbation,2.88403150313e-06
mitigation,2.88403150313e-06
mont,2.88403150313e-06
motorway,2.88403150313e-06
nk,2.88403150313e-06
npr,2.88403150313e-06
nypd,2.88403150313e-06
obscene,2.88403150313e-06
occupants,2.88403150313e-06
octopus,2.88403150313e-06
onward,2.88403150313e-06
operatives,2.88403150313e-06
opium,2.88403150313e-06
ovarian,2.88403150313e-06
peck,2.88403150313e-06
penal,2.88403150313e-06
permitting,2.88403150313e-06
petals,2.88403150313e-06
picasso,2.88403150313e-06
pierced,2.88403150313e-06
pistols,2.88403150313e-06
plank,2.88403150313e-06
plantations,2.88403150313e-06
plight,2.88403150313e-06
ponds,2.88403150313e-06
postseason,2.88403150313e-06
presiding,2.88403150313e-06
privy,2.88403150313e-06
propulsion,2.88403150313e-06
raft,2.88403150313e-06
registering,2.88403150313e-06
rejoice,2.88403150313e-06
relics,2.88403150313e-06
ren,2.88403150313e-06
reproduced,2.88403150313e-06
rihanna,2.88403150313e-06
roam,2.88403150313e-06
rubio,2.88403150313e-06
sandals,2.88403150313e-06
serpent,2.88403150313e-06
sesame,2.88403150313e-06
shepard,2.88403150313e-06
shi,2.88403150313e-06
shoved,2.88403150313e-06
sicily,2.88403150313e-06
simplify,2.88403150313e-06
siren,2.88403150313e-06
slater,2.88403150313e-06
sleeper,2.88403150313e-06
smear,2.88403150313e-06
snowy,2.88403150313e-06
soooo,2.88403150313e-06
spectral,2.88403150313e-06
spoilers,2.88403150313e-06
stabilize,2.88403150313e-06
stains,2.88403150313e-06
stalk,2.88403150313e-06
standings,2.88403150313e-06
statesman,2.88403150313e-06
stink,2.88403150313e-06
stormy,2.88403150313e-06
subcommittee,2.88403150313e-06
suffice,2.88403150313e-06
surrounds,2.88403150313e-06
swat,2.88403150313e-06
swine,2.88403150313e-06
symbolism,2.88403150313e-06
tangled,2.88403150313e-06
ticking,2.88403150313e-06
tram,2.88403150313e-06
tryin,2.88403150313e-06
tutorials,2.88403150313e-06
underwood,2.88403150313e-06
underworld,2.88403150313e-06
vectors,2.88403150313e-06
vertically,2.88403150313e-06
vigorous,2.88403150313e-06
vt,2.88403150313e-06
wandered,2.88403150313e-06
wei,2.88403150313e-06
wrongly,2.88403150313e-06
yum,2.88403150313e-06
zion,2.88403150313e-06
abiding,2.81838293126e-06
adele,2.81838293126e-06
alcoholism,2.81838293126e-06
amplifier,2.81838293126e-06
anc,2.81838293126e-06
apes,2.81838293126e-06
arches,2.81838293126e-06
astounding,2.81838293126e-06
atheism,2.81838293126e-06
auctions,2.81838293126e-06
audible,2.81838293126e-06
avocado,2.81838293126e-06
avon,2.81838293126e-06
bangs,2.81838293126e-06
bashing,2.81838293126e-06
baskets,2.81838293126e-06
bathtub,2.81838293126e-06
beep,2.81838293126e-06
beneficiaries,2.81838293126e-06
biscuit,2.81838293126e-06
bitterness,2.81838293126e-06
blatant,2.81838293126e-06
boon,2.81838293126e-06
boyfriends,2.81838293126e-06
brat,2.81838293126e-06
bunk,2.81838293126e-06
candid,2.81838293126e-06
caretaker,2.81838293126e-06
carts,2.81838293126e-06
ceilings,2.81838293126e-06
cervical,2.81838293126e-06
checklist,2.81838293126e-06
cherokee,2.81838293126e-06
cheshire,2.81838293126e-06
cinderella,2.81838293126e-06
clamp,2.81838293126e-06
clans,2.81838293126e-06
competitiveness,2.81838293126e-06
composers,2.81838293126e-06
confederation,2.81838293126e-06
confidentiality,2.81838293126e-06
configurations,2.81838293126e-06
contradiction,2.81838293126e-06
coronation,2.81838293126e-06
counselling,2.81838293126e-06
cracker,2.81838293126e-06
crackers,2.81838293126e-06
crimea,2.81838293126e-06
cumberland,2.81838293126e-06
cunning,2.81838293126e-06
daly,2.81838293126e-06
depiction,2.81838293126e-06
depleted,2.81838293126e-06
diabetic,2.81838293126e-06
diaspora,2.81838293126e-06
digitally,2.81838293126e-06
discord,2.81838293126e-06
distractions,2.81838293126e-06
divides,2.81838293126e-06
divinity,2.81838293126e-06
donuts,2.81838293126e-06
dorsal,2.81838293126e-06
durability,2.81838293126e-06
empress,2.81838293126e-06
endeavour,2.81838293126e-06
enroll,2.81838293126e-06
entertainer,2.81838293126e-06
entrusted,2.81838293126e-06
ernie,2.81838293126e-06
evidenced,2.81838293126e-06
extracts,2.81838293126e-06
fallon,2.81838293126e-06
farrell,2.81838293126e-06
fatalities,2.81838293126e-06
festivities,2.81838293126e-06
ffs,2.81838293126e-06
finalist,2.81838293126e-06
footballers,2.81838293126e-06
forks,2.81838293126e-06
gadget,2.81838293126e-06
gasp,2.81838293126e-06
genital,2.81838293126e-06
glitch,2.81838293126e-06
gong,2.81838293126e-06
graded,2.81838293126e-06
graders,2.81838293126e-06
greasy,2.81838293126e-06
grieving,2.81838293126e-06
grooming,2.81838293126e-06
hacks,2.81838293126e-06
hamburger,2.81838293126e-06
heed,2.81838293126e-06
hideous,2.81838293126e-06
homepage,2.81838293126e-06
hoops,2.81838293126e-06
howell,2.81838293126e-06
ib,2.81838293126e-06
imaginative,2.81838293126e-06
imperfect,2.81838293126e-06
implicit,2.81838293126e-06
indo,2.81838293126e-06
inlet,2.81838293126e-06
insensitive,2.81838293126e-06
interpreting,2.81838293126e-06
islanders,2.81838293126e-06
iss,2.81838293126e-06
jars,2.81838293126e-06
keystone,2.81838293126e-06
knitting,2.81838293126e-06
kramer,2.81838293126e-06
kudos,2.81838293126e-06
layered,2.81838293126e-06
lieu,2.81838293126e-06
liquidity,2.81838293126e-06
loch,2.81838293126e-06
lola,2.81838293126e-06
lotion,2.81838293126e-06
lows,2.81838293126e-06
lucia,2.81838293126e-06
lutheran,2.81838293126e-06
mains,2.81838293126e-06
manipulating,2.81838293126e-06
mara,2.81838293126e-06
marquis,2.81838293126e-06
mayhem,2.81838293126e-06
mens,2.81838293126e-06
merging,2.81838293126e-06
mistakenly,2.81838293126e-06
mould,2.81838293126e-06
neuroscience,2.81838293126e-06
niger,2.81838293126e-06
nipple,2.81838293126e-06
noses,2.81838293126e-06
nostalgic,2.81838293126e-06
nra,2.81838293126e-06
nv,2.81838293126e-06
oppressive,2.81838293126e-06
pasadena,2.81838293126e-06
patronage,2.81838293126e-06
pearce,2.81838293126e-06
pinnacle,2.81838293126e-06
plagued,2.81838293126e-06
plated,2.81838293126e-06
pods,2.81838293126e-06
pong,2.81838293126e-06
poorest,2.81838293126e-06
programmers,2.81838293126e-06
prompting,2.81838293126e-06
prosper,2.81838293126e-06
psi,2.81838293126e-06
quake,2.81838293126e-06
qualitative,2.81838293126e-06
queries,2.81838293126e-06
racer,2.81838293126e-06
radial,2.81838293126e-06
realms,2.81838293126e-06
recap,2.81838293126e-06
recognizable,2.81838293126e-06
reconnaissance,2.81838293126e-06
regent,2.81838293126e-06
reigning,2.81838293126e-06
reluctantly,2.81838293126e-06
rendition,2.81838293126e-06
resumes,2.81838293126e-06
revisions,2.81838293126e-06
roadside,2.81838293126e-06
rovers,2.81838293126e-06
saskatchewan,2.81838293126e-06
scarlett,2.81838293126e-06
scientifically,2.81838293126e-06
scrambled,2.81838293126e-06
scratches,2.81838293126e-06
secretariat,2.81838293126e-06
semitism,2.81838293126e-06
sew,2.81838293126e-06
shaky,2.81838293126e-06
sham,2.81838293126e-06
shortcomings,2.81838293126e-06
shredded,2.81838293126e-06
siberia,2.81838293126e-06
sinai,2.81838293126e-06
slayer,2.81838293126e-06
smokes,2.81838293126e-06
soothing,2.81838293126e-06
spawned,2.81838293126e-06
specialised,2.81838293126e-06
stalker,2.81838293126e-06
statistic,2.81838293126e-06
stature,2.81838293126e-06
steward,2.81838293126e-06
stout,2.81838293126e-06
strategically,2.81838293126e-06
stripper,2.81838293126e-06
stump,2.81838293126e-06
submarines,2.81838293126e-06
subordinate,2.81838293126e-06
swimmers,2.81838293126e-06
synagogue,2.81838293126e-06
tentative,2.81838293126e-06
texted,2.81838293126e-06
tongues,2.81838293126e-06
topical,2.81838293126e-06
transforms,2.81838293126e-06
uhh,2.81838293126e-06
uneasy,2.81838293126e-06
unfold,2.81838293126e-06
usda,2.81838293126e-06
uss,2.81838293126e-06
variance,2.81838293126e-06
vested,2.81838293126e-06
vols,2.81838293126e-06
wagons,2.81838293126e-06
wah,2.81838293126e-06
wally,2.81838293126e-06
walters,2.81838293126e-06
wavelength,2.81838293126e-06
workload,2.81838293126e-06
xii,2.81838293126e-06
yells,2.81838293126e-06
acquitted,2.75422870334e-06
admiralty,2.75422870334e-06
ageing,2.75422870334e-06
aiding,2.75422870334e-06
artificially,2.75422870334e-06
asa,2.75422870334e-06
aux,2.75422870334e-06
barring,2.75422870334e-06
bead,2.75422870334e-06
berth,2.75422870334e-06
billionaires,2.75422870334e-06
blackmail,2.75422870334e-06
blending,2.75422870334e-06
blindness,2.75422870334e-06
bragging,2.75422870334e-06
brightly,2.75422870334e-06
burglary,2.75422870334e-06
busting,2.75422870334e-06
cafeteria,2.75422870334e-06
canary,2.75422870334e-06
cannons,2.75422870334e-06
capacities,2.75422870334e-06
cardio,2.75422870334e-06
carla,2.75422870334e-06
caucasian,2.75422870334e-06
ceramics,2.75422870334e-06
cheats,2.75422870334e-06
chilean,2.75422870334e-06
clauses,2.75422870334e-06
clumsy,2.75422870334e-06
commuter,2.75422870334e-06
composing,2.75422870334e-06
contingency,2.75422870334e-06
coworkers,2.75422870334e-06
cupboard,2.75422870334e-06
curated,2.75422870334e-06
customized,2.75422870334e-06
daft,2.75422870334e-06
dani,2.75422870334e-06
defences,2.75422870334e-06
depended,2.75422870334e-06
deprivation,2.75422870334e-06
dewey,2.75422870334e-06
disqualified,2.75422870334e-06
disrupted,2.75422870334e-06
diversified,2.75422870334e-06
documenting,2.75422870334e-06
doubted,2.75422870334e-06
downing,2.75422870334e-06
duly,2.75422870334e-06
dusk,2.75422870334e-06
edits,2.75422870334e-06
enchanted,2.75422870334e-06
environmentally,2.75422870334e-06
episcopal,2.75422870334e-06
escalated,2.75422870334e-06
everlasting,2.75422870334e-06
excellency,2.75422870334e-06
executions,2.75422870334e-06
faking,2.75422870334e-06
feasibility,2.75422870334e-06
federally,2.75422870334e-06
flavored,2.75422870334e-06
formulas,2.75422870334e-06
freddy,2.75422870334e-06
frenzy,2.75422870334e-06
fridays,2.75422870334e-06
fuckers,2.75422870334e-06
fulfillment,2.75422870334e-06
gg,2.75422870334e-06
godfather,2.75422870334e-06
gould,2.75422870334e-06
gran,2.75422870334e-06
groundwater,2.75422870334e-06
heidi,2.75422870334e-06
hospitalized,2.75422870334e-06
hostilities,2.75422870334e-06
hyundai,2.75422870334e-06
illusions,2.75422870334e-06
inadvertently,2.75422870334e-06
indifferent,2.75422870334e-06
inject,2.75422870334e-06
insistence,2.75422870334e-06
interiors,2.75422870334e-06
intimidated,2.75422870334e-06
invariably,2.75422870334e-06
invincible,2.75422870334e-06
jams,2.75422870334e-06
jfk,2.75422870334e-06
jubilee,2.75422870334e-06
kia,2.75422870334e-06
kinetic,2.75422870334e-06
lam,2.75422870334e-06
lashes,2.75422870334e-06
latvia,2.75422870334e-06
laurence,2.75422870334e-06
lavender,2.75422870334e-06
lemonade,2.75422870334e-06
lenin,2.75422870334e-06
lodging,2.75422870334e-06
lowell,2.75422870334e-06
malls,2.75422870334e-06
mania,2.75422870334e-06
medically,2.75422870334e-06
menus,2.75422870334e-06
mule,2.75422870334e-06
mythical,2.75422870334e-06
nathaniel,2.75422870334e-06
neutron,2.75422870334e-06
newcomers,2.75422870334e-06
nicaragua,2.75422870334e-06
nicholson,2.75422870334e-06
nicknamed,2.75422870334e-06
occupations,2.75422870334e-06
oecd,2.75422870334e-06
ooo,2.75422870334e-06
orderly,2.75422870334e-06
orient,2.75422870334e-06
orion,2.75422870334e-06
outset,2.75422870334e-06
paralyzed,2.75422870334e-06
parry,2.75422870334e-06
parted,2.75422870334e-06
patio,2.75422870334e-06
peacock,2.75422870334e-06
pedestrians,2.75422870334e-06
pepsi,2.75422870334e-06
pf,2.75422870334e-06
pines,2.75422870334e-06
pitchers,2.75422870334e-06
plugged,2.75422870334e-06
postcard,2.75422870334e-06
pow,2.75422870334e-06
powerhouse,2.75422870334e-06
precursor,2.75422870334e-06
preferable,2.75422870334e-06
preparatory,2.75422870334e-06
prism,2.75422870334e-06
proclamation,2.75422870334e-06
proponents,2.75422870334e-06
provocative,2.75422870334e-06
pu,2.75422870334e-06
purposely,2.75422870334e-06
qc,2.75422870334e-06
questionnaire,2.75422870334e-06
reclaim,2.75422870334e-06
redevelopment,2.75422870334e-06
reflex,2.75422870334e-06
relocate,2.75422870334e-06
rematch,2.75422870334e-06
renal,2.75422870334e-06
repayment,2.75422870334e-06
residences,2.75422870334e-06
restrained,2.75422870334e-06
rhythms,2.75422870334e-06
riddle,2.75422870334e-06
rites,2.75422870334e-06
rivera,2.75422870334e-06
roach,2.75422870334e-06
rockefeller,2.75422870334e-06
roe,2.75422870334e-06
royalties,2.75422870334e-06
rubble,2.75422870334e-06
sacrificing,2.75422870334e-06
saddam,2.75422870334e-06
sapphire,2.75422870334e-06
screwing,2.75422870334e-06
seam,2.75422870334e-06
sectional,2.75422870334e-06
servicing,2.75422870334e-06
shrinking,2.75422870334e-06
simulate,2.75422870334e-06
sioux,2.75422870334e-06
sloan,2.75422870334e-06
sniff,2.75422870334e-06
snowden,2.75422870334e-06
soaring,2.75422870334e-06
soluble,2.75422870334e-06
solvent,2.75422870334e-06
spaced,2.75422870334e-06
squid,2.75422870334e-06
stamford,2.75422870334e-06
steph,2.75422870334e-06
stocked,2.75422870334e-06
stoked,2.75422870334e-06
strapped,2.75422870334e-06
streamed,2.75422870334e-06
sturdy,2.75422870334e-06
swarm,2.75422870334e-06
tanker,2.75422870334e-06
taxis,2.75422870334e-06
terra,2.75422870334e-06
timetable,2.75422870334e-06
tj,2.75422870334e-06
torpedo,2.75422870334e-06
traitors,2.75422870334e-06
trolley,2.75422870334e-06
trolling,2.75422870334e-06
trudeau,2.75422870334e-06
una,2.75422870334e-06
undertook,2.75422870334e-06
undocumented,2.75422870334e-06
vaginal,2.75422870334e-06
vance,2.75422870334e-06
verbs,2.75422870334e-06
viability,2.75422870334e-06
villas,2.75422870334e-06
wat,2.75422870334e-06
whispered,2.75422870334e-06
widening,2.75422870334e-06
winged,2.75422870334e-06
wiping,2.75422870334e-06
wolverine,2.75422870334e-06
wrought,2.75422870334e-06
xiii,2.75422870334e-06
yearbook,2.75422870334e-06
yikes,2.75422870334e-06
abbot,2.69153480393e-06
abduction,2.69153480393e-06
ache,2.69153480393e-06
advises,2.69153480393e-06
afro,2.69153480393e-06
ancestral,2.69153480393e-06
anchors,2.69153480393e-06
antiquity,2.69153480393e-06
apocalyptic,2.69153480393e-06
appraisal,2.69153480393e-06
aqua,2.69153480393e-06
aspen,2.69153480393e-06
atlantis,2.69153480393e-06
augustus,2.69153480393e-06
autistic,2.69153480393e-06
barnett,2.69153480393e-06
baylor,2.69153480393e-06
bearer,2.69153480393e-06
bernstein,2.69153480393e-06
bins,2.69153480393e-06
bk,2.69153480393e-06
bleak,2.69153480393e-06
blender,2.69153480393e-06
bmi,2.69153480393e-06
bogus,2.69153480393e-06
booming,2.69153480393e-06
bridget,2.69153480393e-06
bruises,2.69153480393e-06
btc,2.69153480393e-06
burt,2.69153480393e-06
cages,2.69153480393e-06
caldwell,2.69153480393e-06
cara,2.69153480393e-06
cavs,2.69153480393e-06
centric,2.69153480393e-06
chaired,2.69153480393e-06
chaplain,2.69153480393e-06
chlorine,2.69153480393e-06
chow,2.69153480393e-06
chubby,2.69153480393e-06
clement,2.69153480393e-06
collusion,2.69153480393e-06
contenders,2.69153480393e-06
contractual,2.69153480393e-06
coroner,2.69153480393e-06
correctional,2.69153480393e-06
correspondents,2.69153480393e-06
corridors,2.69153480393e-06
couldnt,2.69153480393e-06
creamy,2.69153480393e-06
cubes,2.69153480393e-06
daryl,2.69153480393e-06
deterioration,2.69153480393e-06
diapers,2.69153480393e-06
dirk,2.69153480393e-06
disbelief,2.69153480393e-06
discreet,2.69153480393e-06
distracting,2.69153480393e-06
dizzy,2.69153480393e-06
dre,2.69153480393e-06
duet,2.69153480393e-06
dustin,2.69153480393e-06
dyed,2.69153480393e-06
eisenhower,2.69153480393e-06
elle,2.69153480393e-06
elsa,2.69153480393e-06
enact,2.69153480393e-06
evaluations,2.69153480393e-06
everest,2.69153480393e-06
exporting,2.69153480393e-06
expressive,2.69153480393e-06
facilitating,2.69153480393e-06
fiddle,2.69153480393e-06
fists,2.69153480393e-06
flaming,2.69153480393e-06
foes,2.69153480393e-06
folds,2.69153480393e-06
fortified,2.69153480393e-06
fran,2.69153480393e-06
garfield,2.69153480393e-06
generalized,2.69153480393e-06
gl,2.69153480393e-06
glossy,2.69153480393e-06
gregg,2.69153480393e-06
grit,2.69153480393e-06
hammered,2.69153480393e-06
haram,2.69153480393e-06
harassing,2.69153480393e-06
hauled,2.69153480393e-06
hectares,2.69153480393e-06
hobart,2.69153480393e-06
homelessness,2.69153480393e-06
hopping,2.69153480393e-06
horrendous,2.69153480393e-06
horrified,2.69153480393e-06
hostel,2.69153480393e-06
hound,2.69153480393e-06
htc,2.69153480393e-06
hugged,2.69153480393e-06
illegitimate,2.69153480393e-06
illicit,2.69153480393e-06
importing,2.69153480393e-06
incompetence,2.69153480393e-06
insomnia,2.69153480393e-06
interception,2.69153480393e-06
invaders,2.69153480393e-06
irl,2.69153480393e-06
israelis,2.69153480393e-06
juniors,2.69153480393e-06
karaoke,2.69153480393e-06
kemp,2.69153480393e-06
kosovo,2.69153480393e-06
kw,2.69153480393e-06
lagoon,2.69153480393e-06
len,2.69153480393e-06
lesions,2.69153480393e-06
limp,2.69153480393e-06
lingering,2.69153480393e-06
linguistics,2.69153480393e-06
locating,2.69153480393e-06
logically,2.69153480393e-06
lucifer,2.69153480393e-06
lumpur,2.69153480393e-06
lunatic,2.69153480393e-06
lyrical,2.69153480393e-06
manifestation,2.69153480393e-06
manitoba,2.69153480393e-06
manufactures,2.69153480393e-06
mastering,2.69153480393e-06
mead,2.69153480393e-06
mergers,2.69153480393e-06
mhz,2.69153480393e-06
migrate,2.69153480393e-06
mildly,2.69153480393e-06
miraculous,2.69153480393e-06
moaning,2.69153480393e-06
mocked,2.69153480393e-06
mos,2.69153480393e-06
mosquitoes,2.69153480393e-06
mourn,2.69153480393e-06
mundane,2.69153480393e-06
narrowed,2.69153480393e-06
nay,2.69153480393e-06
nests,2.69153480393e-06
ngo,2.69153480393e-06
nielsen,2.69153480393e-06
nr,2.69153480393e-06
nutshell,2.69153480393e-06
ob,2.69153480393e-06
obsessive,2.69153480393e-06
offending,2.69153480393e-06
offseason,2.69153480393e-06
oswald,2.69153480393e-06
overboard,2.69153480393e-06
paws,2.69153480393e-06
pendant,2.69153480393e-06
petite,2.69153480393e-06
petitions,2.69153480393e-06
pharma,2.69153480393e-06
pimp,2.69153480393e-06
pipelines,2.69153480393e-06
poised,2.69153480393e-06
pol,2.69153480393e-06
posterior,2.69153480393e-06
pouch,2.69153480393e-06
predicts,2.69153480393e-06
prescriptions,2.69153480393e-06
probes,2.69153480393e-06
proficiency,2.69153480393e-06
progresses,2.69153480393e-06
protestors,2.69153480393e-06
psychotic,2.69153480393e-06
racists,2.69153480393e-06
referees,2.69153480393e-06
reinforcement,2.69153480393e-06
relegation,2.69153480393e-06
repertoire,2.69153480393e-06
repository,2.69153480393e-06
reversing,2.69153480393e-06
rican,2.69153480393e-06
rumble,2.69153480393e-06
sachs,2.69153480393e-06
saloon,2.69153480393e-06
sanction,2.69153480393e-06
sexes,2.69153480393e-06
shack,2.69153480393e-06
sinners,2.69153480393e-06
sire,2.69153480393e-06
slated,2.69153480393e-06
soaking,2.69153480393e-06
stale,2.69153480393e-06
stereotype,2.69153480393e-06
sterile,2.69153480393e-06
stride,2.69153480393e-06
stringent,2.69153480393e-06
sulfur,2.69153480393e-06
surfaced,2.69153480393e-06
suzuki,2.69153480393e-06
tacos,2.69153480393e-06
therapists,2.69153480393e-06
torrent,2.69153480393e-06
tp,2.69153480393e-06
trainee,2.69153480393e-06
transmitting,2.69153480393e-06
trey,2.69153480393e-06
tripped,2.69153480393e-06
trough,2.69153480393e-06
trunks,2.69153480393e-06
tummy,2.69153480393e-06
unjust,2.69153480393e-06
upbringing,2.69153480393e-06
uploading,2.69153480393e-06
vaughan,2.69153480393e-06
venezuelan,2.69153480393e-06
vis,2.69153480393e-06
vivian,2.69153480393e-06
vivo,2.69153480393e-06
wager,2.69153480393e-06
walled,2.69153480393e-06
warehouses,2.69153480393e-06
whack,2.69153480393e-06
whoops,2.69153480393e-06
wichita,2.69153480393e-06
wilde,2.69153480393e-06
wilmington,2.69153480393e-06
zambia,2.69153480393e-06
accelerator,2.6302679919e-06
accuses,2.6302679919e-06
acrylic,2.6302679919e-06
ames,2.6302679919e-06
anchorage,2.6302679919e-06
annexation,2.6302679919e-06
approves,2.6302679919e-06
ascent,2.6302679919e-06
assassins,2.6302679919e-06
atkinson,2.6302679919e-06
ballad,2.6302679919e-06
banged,2.6302679919e-06
basel,2.6302679919e-06
beckett,2.6302679919e-06
bel,2.6302679919e-06
betray,2.6302679919e-06
betsy,2.6302679919e-06
bigotry,2.6302679919e-06
biotechnology,2.6302679919e-06
blanc,2.6302679919e-06
bookstore,2.6302679919e-06
boomers,2.6302679919e-06
boone,2.6302679919e-06
bots,2.6302679919e-06
breakers,2.6302679919e-06
broom,2.6302679919e-06
browne,2.6302679919e-06
brute,2.6302679919e-06
buffy,2.6302679919e-06
busiest,2.6302679919e-06
camouflage,2.6302679919e-06
cary,2.6302679919e-06
catalan,2.6302679919e-06
chiefly,2.6302679919e-06
childbirth,2.6302679919e-06
chills,2.6302679919e-06
chung,2.6302679919e-06
collaborating,2.6302679919e-06
compliant,2.6302679919e-06
conservatism,2.6302679919e-06
continuum,2.6302679919e-06
corona,2.6302679919e-06
cosplay,2.6302679919e-06
cowardly,2.6302679919e-06
cpr,2.6302679919e-06
cruises,2.6302679919e-06
css,2.6302679919e-06
cultivate,2.6302679919e-06
curls,2.6302679919e-06
cyril,2.6302679919e-06
dealership,2.6302679919e-06
dearest,2.6302679919e-06
decker,2.6302679919e-06
defy,2.6302679919e-06
della,2.6302679919e-06
denotes,2.6302679919e-06
densely,2.6302679919e-06
derives,2.6302679919e-06
devoid,2.6302679919e-06
dhabi,2.6302679919e-06
diagrams,2.6302679919e-06
dickinson,2.6302679919e-06
disparity,2.6302679919e-06
diva,2.6302679919e-06
divert,2.6302679919e-06
dlc,2.6302679919e-06
drawers,2.6302679919e-06
eater,2.6302679919e-06
eaton,2.6302679919e-06
elegance,2.6302679919e-06
elias,2.6302679919e-06
encrypted,2.6302679919e-06
englishman,2.6302679919e-06
escorts,2.6302679919e-06
exposes,2.6302679919e-06
extraordinarily,2.6302679919e-06
facade,2.6302679919e-06
farmhouse,2.6302679919e-06
fertilizer,2.6302679919e-06
filler,2.6302679919e-06
fishes,2.6302679919e-06
flea,2.6302679919e-06
footwear,2.6302679919e-06
foxes,2.6302679919e-06
fri,2.6302679919e-06
fritz,2.6302679919e-06
froze,2.6302679919e-06
frying,2.6302679919e-06
giovanni,2.6302679919e-06
goodies,2.6302679919e-06
greenland,2.6302679919e-06
handbag,2.6302679919e-06
handicapped,2.6302679919e-06
haze,2.6302679919e-06
headquartered,2.6302679919e-06
helium,2.6302679919e-06
hemp,2.6302679919e-06
hitch,2.6302679919e-06
hoc,2.6302679919e-06
hutchinson,2.6302679919e-06
ike,2.6302679919e-06
incarnation,2.6302679919e-06
inhibitors,2.6302679919e-06
intrusion,2.6302679919e-06
inverse,2.6302679919e-06
inverted,2.6302679919e-06
irritation,2.6302679919e-06
jae,2.6302679919e-06
juices,2.6302679919e-06
julio,2.6302679919e-06
keywords,2.6302679919e-06
lavish,2.6302679919e-06
libyan,2.6302679919e-06
livelihood,2.6302679919e-06
livingston,2.6302679919e-06
mansfield,2.6302679919e-06
marches,2.6302679919e-06
mckenzie,2.6302679919e-06
medic,2.6302679919e-06
merlin,2.6302679919e-06
midland,2.6302679919e-06
miscellaneous,2.6302679919e-06
misguided,2.6302679919e-06
morrow,2.6302679919e-06
motivations,2.6302679919e-06
moto,2.6302679919e-06
mozart,2.6302679919e-06
muster,2.6302679919e-06
mutants,2.6302679919e-06
muted,2.6302679919e-06
noodle,2.6302679919e-06
nylon,2.6302679919e-06
override,2.6302679919e-06
ozone,2.6302679919e-06
papua,2.6302679919e-06
paranoia,2.6302679919e-06
paving,2.6302679919e-06
persecuted,2.6302679919e-06
peruvian,2.6302679919e-06
phosphate,2.6302679919e-06
php,2.6302679919e-06
physicist,2.6302679919e-06
piping,2.6302679919e-06
plurality,2.6302679919e-06
prehistoric,2.6302679919e-06
prescott,2.6302679919e-06
prohibits,2.6302679919e-06
pronouns,2.6302679919e-06
proton,2.6302679919e-06
psyche,2.6302679919e-06
quickest,2.6302679919e-06
redesign,2.6302679919e-06
relocated,2.6302679919e-06
reluctance,2.6302679919e-06
rentals,2.6302679919e-06
reopen,2.6302679919e-06
replication,2.6302679919e-06
rigging,2.6302679919e-06
rotor,2.6302679919e-06
sediment,2.6302679919e-06
seeming,2.6302679919e-06
selves,2.6302679919e-06
sneaking,2.6302679919e-06
solitude,2.6302679919e-06
spacing,2.6302679919e-06
standby,2.6302679919e-06
std,2.6302679919e-06
straps,2.6302679919e-06
strikers,2.6302679919e-06
stronghold,2.6302679919e-06
stumble,2.6302679919e-06
suicides,2.6302679919e-06
supermarkets,2.6302679919e-06
talbot,2.6302679919e-06
theorists,2.6302679919e-06
therein,2.6302679919e-06
triangular,2.6302679919e-06
tricked,2.6302679919e-06
trooper,2.6302679919e-06
truthful,2.6302679919e-06
turret,2.6302679919e-06
ubiquitous,2.6302679919e-06
unbelievably,2.6302679919e-06
unconventional,2.6302679919e-06
unnecessarily,2.6302679919e-06
unnoticed,2.6302679919e-06
untouched,2.6302679919e-06
vega,2.6302679919e-06
ver,2.6302679919e-06
vibrations,2.6302679919e-06
vin,2.6302679919e-06
virgil,2.6302679919e-06
visionary,2.6302679919e-06
vitro,2.6302679919e-06
voodoo,2.6302679919e-06
wigan,2.6302679919e-06
wilder,2.6302679919e-06
witchcraft,2.6302679919e-06
withdrawals,2.6302679919e-06
withdrawing,2.6302679919e-06
wrestlers,2.6302679919e-06
yong,2.6302679919e-06
abbas,2.57039578277e-06
adultery,2.57039578277e-06
agile,2.57039578277e-06
aides,2.57039578277e-06
anonymously,2.57039578277e-06
aristotle,2.57039578277e-06
artifact,2.57039578277e-06
austerity,2.57039578277e-06
awfully,2.57039578277e-06
axes,2.57039578277e-06
barca,2.57039578277e-06
battered,2.57039578277e-06
beatrice,2.57039578277e-06
beethoven,2.57039578277e-06
biking,2.57039578277e-06
boob,2.57039578277e-06
boosts,2.57039578277e-06
bouquet,2.57039578277e-06
boxers,2.57039578277e-06
browning,2.57039578277e-06
bullock,2.57039578277e-06
cad,2.57039578277e-06
candidacy,2.57039578277e-06
cartridges,2.57039578277e-06
carve,2.57039578277e-06
cherished,2.57039578277e-06
climbs,2.57039578277e-06
clubhouse,2.57039578277e-06
coarse,2.57039578277e-06
collegiate,2.57039578277e-06
commonplace,2.57039578277e-06
compute,2.57039578277e-06
conan,2.57039578277e-06
confidently,2.57039578277e-06
constrained,2.57039578277e-06
contemplate,2.57039578277e-06
converter,2.57039578277e-06
coop,2.57039578277e-06
cooperating,2.57039578277e-06
coronary,2.57039578277e-06
cottages,2.57039578277e-06
cps,2.57039578277e-06
crook,2.57039578277e-06
cucumber,2.57039578277e-06
cupcakes,2.57039578277e-06
darts,2.57039578277e-06
deco,2.57039578277e-06
depict,2.57039578277e-06
desmond,2.57039578277e-06
diagnose,2.57039578277e-06
directorate,2.57039578277e-06
disliked,2.57039578277e-06
diver,2.57039578277e-06
dora,2.57039578277e-06
dormant,2.57039578277e-06
dotted,2.57039578277e-06
drifted,2.57039578277e-06
duffy,2.57039578277e-06
embarrass,2.57039578277e-06
emmanuel,2.57039578277e-06
emulate,2.57039578277e-06
encompasses,2.57039578277e-06
endowed,2.57039578277e-06
enquiry,2.57039578277e-06
evasion,2.57039578277e-06
evergreen,2.57039578277e-06
eviction,2.57039578277e-06
excerpts,2.57039578277e-06
explodes,2.57039578277e-06
explorers,2.57039578277e-06
expulsion,2.57039578277e-06
fades,2.57039578277e-06
fedex,2.57039578277e-06
figs,2.57039578277e-06
filth,2.57039578277e-06
firefox,2.57039578277e-06
floated,2.57039578277e-06
foliage,2.57039578277e-06
foreclosure,2.57039578277e-06
forgets,2.57039578277e-06
fortnight,2.57039578277e-06
fresno,2.57039578277e-06
fs,2.57039578277e-06
funnier,2.57039578277e-06
genie,2.57039578277e-06
georges,2.57039578277e-06
glued,2.57039578277e-06
goo,2.57039578277e-06
goodwin,2.57039578277e-06
hannibal,2.57039578277e-06
heartbroken,2.57039578277e-06
heats,2.57039578277e-06
helper,2.57039578277e-06
hesitant,2.57039578277e-06
hoop,2.57039578277e-06
hubby,2.57039578277e-06
humiliated,2.57039578277e-06
hurdle,2.57039578277e-06
hypertension,2.57039578277e-06
immersed,2.57039578277e-06
immortality,2.57039578277e-06
indefinite,2.57039578277e-06
indices,2.57039578277e-06
insightful,2.57039578277e-06
invitations,2.57039578277e-06
io,2.57039578277e-06
ipswich,2.57039578277e-06
irrespective,2.57039578277e-06
jacks,2.57039578277e-06
jeanne,2.57039578277e-06
kicker,2.57039578277e-06
kyoto,2.57039578277e-06
leaned,2.57039578277e-06
leases,2.57039578277e-06
ledge,2.57039578277e-06
levin,2.57039578277e-06
lgbtq,2.57039578277e-06
lunches,2.57039578277e-06
macbook,2.57039578277e-06
mackay,2.57039578277e-06
madeleine,2.57039578277e-06
maj,2.57039578277e-06
malt,2.57039578277e-06
mandela,2.57039578277e-06
marian,2.57039578277e-06
mayors,2.57039578277e-06
melts,2.57039578277e-06
michaels,2.57039578277e-06
mindfulness,2.57039578277e-06
mined,2.57039578277e-06
mj,2.57039578277e-06
moderator,2.57039578277e-06
momma,2.57039578277e-06
monstrous,2.57039578277e-06
moran,2.57039578277e-06
morphology,2.57039578277e-06
mustache,2.57039578277e-06
nasdaq,2.57039578277e-06
natal,2.57039578277e-06
nodded,2.57039578277e-06
novice,2.57039578277e-06
obituary,2.57039578277e-06
olivier,2.57039578277e-06
ordination,2.57039578277e-06
otis,2.57039578277e-06
owls,2.57039578277e-06
parity,2.57039578277e-06
paterson,2.57039578277e-06
percentages,2.57039578277e-06
persuasive,2.57039578277e-06
pests,2.57039578277e-06
pew,2.57039578277e-06
philips,2.57039578277e-06
piled,2.57039578277e-06
poking,2.57039578277e-06
populous,2.57039578277e-06
postwar,2.57039578277e-06
presided,2.57039578277e-06
prevailed,2.57039578277e-06
proactive,2.57039578277e-06
prob,2.57039578277e-06
projector,2.57039578277e-06
prominently,2.57039578277e-06
prudent,2.57039578277e-06
qualifier,2.57039578277e-06
quincy,2.57039578277e-06
radios,2.57039578277e-06
ratified,2.57039578277e-06
realising,2.57039578277e-06
refining,2.57039578277e-06
regretted,2.57039578277e-06
reliant,2.57039578277e-06
reputable,2.57039578277e-06
revolver,2.57039578277e-06
revolving,2.57039578277e-06
ricardo,2.57039578277e-06
rink,2.57039578277e-06
ripple,2.57039578277e-06
robbers,2.57039578277e-06
routledge,2.57039578277e-06
salts,2.57039578277e-06
sampled,2.57039578277e-06
scrolls,2.57039578277e-06
seeker,2.57039578277e-06
sentinel,2.57039578277e-06
signalling,2.57039578277e-06
sirens,2.57039578277e-06
slovenia,2.57039578277e-06
solemn,2.57039578277e-06
spacex,2.57039578277e-06
spacious,2.57039578277e-06
spheres,2.57039578277e-06
spraying,2.57039578277e-06
sprung,2.57039578277e-06
stacey,2.57039578277e-06
starr,2.57039578277e-06
substantive,2.57039578277e-06
substitution,2.57039578277e-06
sugars,2.57039578277e-06
sweetest,2.57039578277e-06
taxing,2.57039578277e-06
tobago,2.57039578277e-06
torah,2.57039578277e-06
torso,2.57039578277e-06
transcripts,2.57039578277e-06
tremendously,2.57039578277e-06
trojan,2.57039578277e-06
tumble,2.57039578277e-06
unleash,2.57039578277e-06
unpublished,2.57039578277e-06
untrue,2.57039578277e-06
verbally,2.57039578277e-06
vitality,2.57039578277e-06
wc,2.57039578277e-06
weeping,2.57039578277e-06
whispering,2.57039578277e-06
windshield,2.57039578277e-06
wolfe,2.57039578277e-06
zodiac,2.57039578277e-06
abandonment,2.51188643151e-06
abyss,2.51188643151e-06
accession,2.51188643151e-06
acquaintances,2.51188643151e-06
alvarez,2.51188643151e-06
alvin,2.51188643151e-06
amateurs,2.51188643151e-06
amir,2.51188643151e-06
anders,2.51188643151e-06
archived,2.51188643151e-06
arithmetic,2.51188643151e-06
arson,2.51188643151e-06
astronomers,2.51188643151e-06
auditions,2.51188643151e-06
authoritative,2.51188643151e-06
awarding,2.51188643151e-06
barren,2.51188643151e-06
basal,2.51188643151e-06
batsman,2.51188643151e-06
bedding,2.51188643151e-06
bender,2.51188643151e-06
bethlehem,2.51188643151e-06
bicycles,2.51188643151e-06
boi,2.51188643151e-06
bourgeois,2.51188643151e-06
braking,2.51188643151e-06
bribery,2.51188643151e-06
brunette,2.51188643151e-06
bureaucratic,2.51188643151e-06
buzzer,2.51188643151e-06
cactus,2.51188643151e-06
carlson,2.51188643151e-06
cassette,2.51188643151e-06
chants,2.51188643151e-06
characterised,2.51188643151e-06
childcare,2.51188643151e-06
chocolates,2.51188643151e-06
chronological,2.51188643151e-06
cleavage,2.51188643151e-06
clones,2.51188643151e-06
cohort,2.51188643151e-06
commandments,2.51188643151e-06
conceive,2.51188643151e-06
condensed,2.51188643151e-06
contemporaries,2.51188643151e-06
controversies,2.51188643151e-06
convened,2.51188643151e-06
conveyed,2.51188643151e-06
crabs,2.51188643151e-06
cuddle,2.51188643151e-06
culprit,2.51188643151e-06
darius,2.51188643151e-06
daunting,2.51188643151e-06
demos,2.51188643151e-06
deviation,2.51188643151e-06
diffusion,2.51188643151e-06
dildo,2.51188643151e-06
distrust,2.51188643151e-06
dominates,2.51188643151e-06
echoed,2.51188643151e-06
elbows,2.51188643151e-06
ellison,2.51188643151e-06
elves,2.51188643151e-06
embark,2.51188643151e-06
empires,2.51188643151e-06
entrepreneurial,2.51188643151e-06
ether,2.51188643151e-06
etiquette,2.51188643151e-06
exhibiting,2.51188643151e-06
extravagant,2.51188643151e-06
familiarity,2.51188643151e-06
felipe,2.51188643151e-06
fender,2.51188643151e-06
feng,2.51188643151e-06
ferris,2.51188643151e-06
fetal,2.51188643151e-06
fiance,2.51188643151e-06
finer,2.51188643151e-06
fittings,2.51188643151e-06
flushing,2.51188643151e-06
fn,2.51188643151e-06
freeing,2.51188643151e-06
fused,2.51188643151e-06
goa,2.51188643151e-06
gorge,2.51188643151e-06
greenwood,2.51188643151e-06
groves,2.51188643151e-06
gu,2.51188643151e-06
gutted,2.51188643151e-06
harp,2.51188643151e-06
hartley,2.51188643151e-06
heartfelt,2.51188643151e-06
hinted,2.51188643151e-06
hoodie,2.51188643151e-06
housewife,2.51188643151e-06
housewives,2.51188643151e-06
hubs,2.51188643151e-06
hypocrite,2.51188643151e-06
incorporation,2.51188643151e-06
insure,2.51188643151e-06
joyful,2.51188643151e-06
judah,2.51188643151e-06
kabul,2.51188643151e-06
kelley,2.51188643151e-06
kickoff,2.51188643151e-06
kimberly,2.51188643151e-06
lacrosse,2.51188643151e-06
lars,2.51188643151e-06
latex,2.51188643151e-06
leftover,2.51188643151e-06
legalization,2.51188643151e-06
lf,2.51188643151e-06
localized,2.51188643151e-06
lori,2.51188643151e-06
malibu,2.51188643151e-06
mammoth,2.51188643151e-06
martyrs,2.51188643151e-06
marvellous,2.51188643151e-06
matchup,2.51188643151e-06
meh,2.51188643151e-06
merkel,2.51188643151e-06
modem,2.51188643151e-06
mosques,2.51188643151e-06
motif,2.51188643151e-06
necks,2.51188643151e-06
newcomer,2.51188643151e-06
nic,2.51188643151e-06
nobles,2.51188643151e-06
oats,2.51188643151e-06
ominous,2.51188643151e-06
openness,2.51188643151e-06
optimized,2.51188643151e-06
overheard,2.51188643151e-06
oversized,2.51188643151e-06
pak,2.51188643151e-06
pandora,2.51188643151e-06
panicked,2.51188643151e-06
paolo,2.51188643151e-06
papal,2.51188643151e-06
patton,2.51188643151e-06
pepe,2.51188643151e-06
peril,2.51188643151e-06
pk,2.51188643151e-06
playable,2.51188643151e-06
plunged,2.51188643151e-06
polly,2.51188643151e-06
pores,2.51188643151e-06
posh,2.51188643151e-06
practising,2.51188643151e-06
precaution,2.51188643151e-06
principally,2.51188643151e-06
professionalism,2.51188643151e-06
puppets,2.51188643151e-06
pv,2.51188643151e-06
rampage,2.51188643151e-06
reassuring,2.51188643151e-06
rebirth,2.51188643151e-06
recharge,2.51188643151e-06
rehearsals,2.51188643151e-06
reliably,2.51188643151e-06
renovations,2.51188643151e-06
reservoirs,2.51188643151e-06
retina,2.51188643151e-06
revolves,2.51188643151e-06
riff,2.51188643151e-06
rosen,2.51188643151e-06
rossi,2.51188643151e-06
rr,2.51188643151e-06
rutgers,2.51188643151e-06
sahara,2.51188643151e-06
scattering,2.51188643151e-06
scrape,2.51188643151e-06
scripted,2.51188643151e-06
semantic,2.51188643151e-06
shear,2.51188643151e-06
shedding,2.51188643151e-06
sherry,2.51188643151e-06
shitting,2.51188643151e-06
silicone,2.51188643151e-06
skepticism,2.51188643151e-06
slovakia,2.51188643151e-06
sly,2.51188643151e-06
smiley,2.51188643151e-06
smithsonian,2.51188643151e-06
snoop,2.51188643151e-06
sponsoring,2.51188643151e-06
stables,2.51188643151e-06
startling,2.51188643151e-06
strands,2.51188643151e-06
strife,2.51188643151e-06
stylist,2.51188643151e-06
superheroes,2.51188643151e-06
tattooed,2.51188643151e-06
tenor,2.51188643151e-06
thrift,2.51188643151e-06
toured,2.51188643151e-06
transformations,2.51188643151e-06
traverse,2.51188643151e-06
turnaround,2.51188643151e-06
uterus,2.51188643151e-06
validate,2.51188643151e-06
vid,2.51188643151e-06
vocalist,2.51188643151e-06
vw,2.51188643151e-06
warranted,2.51188643151e-06
weakening,2.51188643151e-06
westbrook,2.51188643151e-06
wildcats,2.51188643151e-06
wipes,2.51188643151e-06
womens,2.51188643151e-06
wrists,2.51188643151e-06
xvi,2.51188643151e-06
yielding,2.51188643151e-06
zebra,2.51188643151e-06
zionist,2.51188643151e-06
abrams,2.45470891569e-06
aces,2.45470891569e-06
aft,2.45470891569e-06
albion,2.45470891569e-06
anesthesia,2.45470891569e-06
anonymity,2.45470891569e-06
anticipating,2.45470891569e-06
antoine,2.45470891569e-06
appropriation,2.45470891569e-06
aria,2.45470891569e-06
articulated,2.45470891569e-06
assassinated,2.45470891569e-06
babes,2.45470891569e-06
bandits,2.45470891569e-06
banished,2.45470891569e-06
barefoot,2.45470891569e-06
barrage,2.45470891569e-06
bartlett,2.45470891569e-06
beauties,2.45470891569e-06
bestowed,2.45470891569e-06
bethesda,2.45470891569e-06
blackpool,2.45470891569e-06
bordering,2.45470891569e-06
bournemouth,2.45470891569e-06
brilliance,2.45470891569e-06
britney,2.45470891569e-06
broth,2.45470891569e-06
bruised,2.45470891569e-06
buns,2.45470891569e-06
burnley,2.45470891569e-06
cabins,2.45470891569e-06
campaigned,2.45470891569e-06
centenary,2.45470891569e-06
ceos,2.45470891569e-06
checkpoint,2.45470891569e-06
chloride,2.45470891569e-06
classify,2.45470891569e-06
clinically,2.45470891569e-06
cocky,2.45470891569e-06
coefficient,2.45470891569e-06
coined,2.45470891569e-06
collapsing,2.45470891569e-06
collisions,2.45470891569e-06
condemning,2.45470891569e-06
conditioner,2.45470891569e-06
conductors,2.45470891569e-06
cones,2.45470891569e-06
conglomerate,2.45470891569e-06
consultations,2.45470891569e-06
conversions,2.45470891569e-06
cornerstone,2.45470891569e-06
correctness,2.45470891569e-06
counterfeit,2.45470891569e-06
damian,2.45470891569e-06
dazzling,2.45470891569e-06
dea,2.45470891569e-06
deacon,2.45470891569e-06
debuts,2.45470891569e-06
deceived,2.45470891569e-06
delaying,2.45470891569e-06
dentistry,2.45470891569e-06
desks,2.45470891569e-06
detainees,2.45470891569e-06
dictated,2.45470891569e-06
dino,2.45470891569e-06
disks,2.45470891569e-06
dismissing,2.45470891569e-06
dortmund,2.45470891569e-06
edgy,2.45470891569e-06
eff,2.45470891569e-06
elevators,2.45470891569e-06
elton,2.45470891569e-06
encore,2.45470891569e-06
engages,2.45470891569e-06
enormously,2.45470891569e-06
epstein,2.45470891569e-06
err,2.45470891569e-06
erupted,2.45470891569e-06
espresso,2.45470891569e-06
evade,2.45470891569e-06
fab,2.45470891569e-06
fairs,2.45470891569e-06
freaky,2.45470891569e-06
freshmen,2.45470891569e-06
futile,2.45470891569e-06
genera,2.45470891569e-06
germs,2.45470891569e-06
glacial,2.45470891569e-06
glands,2.45470891569e-06
gloomy,2.45470891569e-06
graceful,2.45470891569e-06
grievances,2.45470891569e-06
gritty,2.45470891569e-06
hanoi,2.45470891569e-06
hayley,2.45470891569e-06
heartbreak,2.45470891569e-06
heist,2.45470891569e-06
heterosexual,2.45470891569e-06
hewitt,2.45470891569e-06
hinder,2.45470891569e-06
hobbit,2.45470891569e-06
horseback,2.45470891569e-06
hospice,2.45470891569e-06
hotline,2.45470891569e-06
huang,2.45470891569e-06
inhibition,2.45470891569e-06
integer,2.45470891569e-06
interdisciplinary,2.45470891569e-06
intermittent,2.45470891569e-06
intimidation,2.45470891569e-06
islamist,2.45470891569e-06
italia,2.45470891569e-06
iteration,2.45470891569e-06
joys,2.45470891569e-06
kitchens,2.45470891569e-06
kremlin,2.45470891569e-06
langley,2.45470891569e-06
liners,2.45470891569e-06
liv,2.45470891569e-06
lv,2.45470891569e-06
madagascar,2.45470891569e-06
magnum,2.45470891569e-06
malay,2.45470891569e-06
mandates,2.45470891569e-06
martian,2.45470891569e-06
mashed,2.45470891569e-06
maxim,2.45470891569e-06
mcdonalds,2.45470891569e-06
mei,2.45470891569e-06
melancholy,2.45470891569e-06
meteorological,2.45470891569e-06
milf,2.45470891569e-06
misplaced,2.45470891569e-06
misty,2.45470891569e-06
modifying,2.45470891569e-06
moines,2.45470891569e-06
monsieur,2.45470891569e-06
mop,2.45470891569e-06
multicultural,2.45470891569e-06
nearing,2.45470891569e-06
negatives,2.45470891569e-06
negligible,2.45470891569e-06
nesting,2.45470891569e-06
nudity,2.45470891569e-06
obligatory,2.45470891569e-06
oceanic,2.45470891569e-06
od,2.45470891569e-06
oooh,2.45470891569e-06
ornaments,2.45470891569e-06
outpost,2.45470891569e-06
outputs,2.45470891569e-06
overflow,2.45470891569e-06
oxidation,2.45470891569e-06
panorama,2.45470891569e-06
pascal,2.45470891569e-06
peep,2.45470891569e-06
pencils,2.45470891569e-06
pervasive,2.45470891569e-06
pickle,2.45470891569e-06
pinky,2.45470891569e-06
playwright,2.45470891569e-06
pledges,2.45470891569e-06
predatory,2.45470891569e-06
preface,2.45470891569e-06
prescribe,2.45470891569e-06
punitive,2.45470891569e-06
quits,2.45470891569e-06
rainforest,2.45470891569e-06
raphael,2.45470891569e-06
reborn,2.45470891569e-06
reddish,2.45470891569e-06
refurbished,2.45470891569e-06
repercussions,2.45470891569e-06
reprint,2.45470891569e-06
restroom,2.45470891569e-06
rhythmic,2.45470891569e-06
robber,2.45470891569e-06
robes,2.45470891569e-06
rockies,2.45470891569e-06
roi,2.45470891569e-06
roommates,2.45470891569e-06
roulette,2.45470891569e-06
rounding,2.45470891569e-06
rowing,2.45470891569e-06
rulings,2.45470891569e-06
rumored,2.45470891569e-06
rupees,2.45470891569e-06
samoa,2.45470891569e-06
samson,2.45470891569e-06
satin,2.45470891569e-06
scatter,2.45470891569e-06
scramble,2.45470891569e-06
scraps,2.45470891569e-06
segregated,2.45470891569e-06
semantics,2.45470891569e-06
settles,2.45470891569e-06
shameless,2.45470891569e-06
sharif,2.45470891569e-06
showtime,2.45470891569e-06
silenced,2.45470891569e-06
sinner,2.45470891569e-06
skeletal,2.45470891569e-06
skeletons,2.45470891569e-06
skulls,2.45470891569e-06
slows,2.45470891569e-06
snapshot,2.45470891569e-06
soar,2.45470891569e-06
spherical,2.45470891569e-06
spotting,2.45470891569e-06
sprinkle,2.45470891569e-06
spruce,2.45470891569e-06
squared,2.45470891569e-06
squirrels,2.45470891569e-06
stacy,2.45470891569e-06
stamina,2.45470891569e-06
standalone,2.45470891569e-06
stimuli,2.45470891569e-06
subconscious,2.45470891569e-06
thinker,2.45470891569e-06
tonic,2.45470891569e-06
tossing,2.45470891569e-06
troublesome,2.45470891569e-06
tumour,2.45470891569e-06
twain,2.45470891569e-06
uncertainties,2.45470891569e-06
underestimated,2.45470891569e-06
utopia,2.45470891569e-06
vanish,2.45470891569e-06
vigorously,2.45470891569e-06
visibly,2.45470891569e-06
vowed,2.45470891569e-06
vpn,2.45470891569e-06
waterways,2.45470891569e-06
wetlands,2.45470891569e-06
whitman,2.45470891569e-06
wrecking,2.45470891569e-06
xiv,2.45470891569e-06
abigail,2.39883291902e-06
abrupt,2.39883291902e-06
acronym,2.39883291902e-06
adaptations,2.39883291902e-06
adversity,2.39883291902e-06
advertiser,2.39883291902e-06
affidavit,2.39883291902e-06
amc,2.39883291902e-06
antics,2.39883291902e-06
antony,2.39883291902e-06
ao,2.39883291902e-06
appreciates,2.39883291902e-06
artworks,2.39883291902e-06
asserts,2.39883291902e-06
astrology,2.39883291902e-06
attachments,2.39883291902e-06
authorize,2.39883291902e-06
baroness,2.39883291902e-06
barrow,2.39883291902e-06
begs,2.39883291902e-06
bengals,2.39883291902e-06
binds,2.39883291902e-06
biographical,2.39883291902e-06
biomass,2.39883291902e-06
bitcoins,2.39883291902e-06
blanche,2.39883291902e-06
blm,2.39883291902e-06
blouse,2.39883291902e-06
bodyguard,2.39883291902e-06
borrowers,2.39883291902e-06
botany,2.39883291902e-06
bras,2.39883291902e-06
bulldog,2.39883291902e-06
caterpillar,2.39883291902e-06
censored,2.39883291902e-06
chatter,2.39883291902e-06
cheered,2.39883291902e-06
chops,2.39883291902e-06
cleric,2.39883291902e-06
cn,2.39883291902e-06
colbert,2.39883291902e-06
comedic,2.39883291902e-06
compile,2.39883291902e-06
compressor,2.39883291902e-06
compton,2.39883291902e-06
conferred,2.39883291902e-06
conn,2.39883291902e-06
constantinople,2.39883291902e-06
contrasts,2.39883291902e-06
cooke,2.39883291902e-06
cougar,2.39883291902e-06
creeps,2.39883291902e-06
cutler,2.39883291902e-06
czechoslovakia,2.39883291902e-06
deadlines,2.39883291902e-06
deceive,2.39883291902e-06
defamation,2.39883291902e-06
denny,2.39883291902e-06
det,2.39883291902e-06
digs,2.39883291902e-06
diminishing,2.39883291902e-06
directional,2.39883291902e-06
disagreements,2.39883291902e-06
disciple,2.39883291902e-06
ditto,2.39883291902e-06
divergent,2.39883291902e-06
doctorate,2.39883291902e-06
doncaster,2.39883291902e-06
donnie,2.39883291902e-06
downright,2.39883291902e-06
dues,2.39883291902e-06
dumbest,2.39883291902e-06
dwellings,2.39883291902e-06
electrode,2.39883291902e-06
elemental,2.39883291902e-06
elevate,2.39883291902e-06
eliminates,2.39883291902e-06
encoding,2.39883291902e-06
excludes,2.39883291902e-06
exemplary,2.39883291902e-06
exited,2.39883291902e-06
expansive,2.39883291902e-06
fife,2.39883291902e-06
flakes,2.39883291902e-06
flavours,2.39883291902e-06
geez,2.39883291902e-06
gemini,2.39883291902e-06
gifs,2.39883291902e-06
gland,2.39883291902e-06
gotcha,2.39883291902e-06
gst,2.39883291902e-06
guerrilla,2.39883291902e-06
gutter,2.39883291902e-06
hearty,2.39883291902e-06
highschool,2.39883291902e-06
hillside,2.39883291902e-06
hms,2.39883291902e-06
hodges,2.39883291902e-06
hoo,2.39883291902e-06
hovering,2.39883291902e-06
ht,2.39883291902e-06
hun,2.39883291902e-06
hysteria,2.39883291902e-06
impartial,2.39883291902e-06
imperialism,2.39883291902e-06
imprint,2.39883291902e-06
incremental,2.39883291902e-06
independents,2.39883291902e-06
infancy,2.39883291902e-06
infused,2.39883291902e-06
inhibitor,2.39883291902e-06
initiating,2.39883291902e-06
injuring,2.39883291902e-06
inquire,2.39883291902e-06
inscribed,2.39883291902e-06
insulated,2.39883291902e-06
jang,2.39883291902e-06
jogging,2.39883291902e-06
jumbo,2.39883291902e-06
kale,2.39883291902e-06
katz,2.39883291902e-06
keyboards,2.39883291902e-06
kraft,2.39883291902e-06
landowners,2.39883291902e-06
lash,2.39883291902e-06
latina,2.39883291902e-06
leftovers,2.39883291902e-06
louie,2.39883291902e-06
lte,2.39883291902e-06
luca,2.39883291902e-06
madras,2.39883291902e-06
magnets,2.39883291902e-06
manageable,2.39883291902e-06
manslaughter,2.39883291902e-06
manuals,2.39883291902e-06
marianne,2.39883291902e-06
mecca,2.39883291902e-06
meridian,2.39883291902e-06
midi,2.39883291902e-06
mikhail,2.39883291902e-06
mir,2.39883291902e-06
misdemeanor,2.39883291902e-06
misfortune,2.39883291902e-06
mondays,2.39883291902e-06
moons,2.39883291902e-06
mountainous,2.39883291902e-06
ndp,2.39883291902e-06
nearer,2.39883291902e-06
newfoundland,2.39883291902e-06
obnoxious,2.39883291902e-06
olsen,2.39883291902e-06
orphanage,2.39883291902e-06
overseeing,2.39883291902e-06
paused,2.39883291902e-06
penned,2.39883291902e-06
perpetrators,2.39883291902e-06
phoebe,2.39883291902e-06
pilgrim,2.39883291902e-06
plainly,2.39883291902e-06
positives,2.39883291902e-06
punishments,2.39883291902e-06
purdue,2.39883291902e-06
qualifies,2.39883291902e-06
rake,2.39883291902e-06
recalling,2.39883291902e-06
resent,2.39883291902e-06
retreated,2.39883291902e-06
retribution,2.39883291902e-06
revolutions,2.39883291902e-06
rhetorical,2.39883291902e-06
rightful,2.39883291902e-06
robbing,2.39883291902e-06
royale,2.39883291902e-06
rumour,2.39883291902e-06
safeguards,2.39883291902e-06
savages,2.39883291902e-06
sbs,2.39883291902e-06
semen,2.39883291902e-06
senegal,2.39883291902e-06
sequencing,2.39883291902e-06
shapiro,2.39883291902e-06
shea,2.39883291902e-06
shorten,2.39883291902e-06
sighs,2.39883291902e-06
sixteenth,2.39883291902e-06
slime,2.39883291902e-06
sow,2.39883291902e-06
sparkle,2.39883291902e-06
spawn,2.39883291902e-06
sql,2.39883291902e-06
successors,2.39883291902e-06
suffrage,2.39883291902e-06
superiors,2.39883291902e-06
surrogate,2.39883291902e-06
synopsis,2.39883291902e-06
tainted,2.39883291902e-06
tanya,2.39883291902e-06
ticks,2.39883291902e-06
toddlers,2.39883291902e-06
tomas,2.39883291902e-06
toothbrush,2.39883291902e-06
towed,2.39883291902e-06
trapping,2.39883291902e-06
treatise,2.39883291902e-06
tristan,2.39883291902e-06
uphill,2.39883291902e-06
upton,2.39883291902e-06
validated,2.39883291902e-06
variability,2.39883291902e-06
waltz,2.39883291902e-06
wooded,2.39883291902e-06
workings,2.39883291902e-06
zac,2.39883291902e-06
zhou,2.39883291902e-06
acl,2.34422881532e-06
adhesive,2.34422881532e-06
adolf,2.34422881532e-06
adorned,2.34422881532e-06
affluent,2.34422881532e-06
als,2.34422881532e-06
ambiguity,2.34422881532e-06
anguish,2.34422881532e-06
annals,2.34422881532e-06
antitrust,2.34422881532e-06
apologizing,2.34422881532e-06
archaeologists,2.34422881532e-06
arid,2.34422881532e-06
avg,2.34422881532e-06
bandit,2.34422881532e-06
barrister,2.34422881532e-06
bazaar,2.34422881532e-06
beneficiary,2.34422881532e-06
bianca,2.34422881532e-06
biker,2.34422881532e-06
bipartisan,2.34422881532e-06
birthplace,2.34422881532e-06
bl,2.34422881532e-06
bono,2.34422881532e-06
bracelets,2.34422881532e-06
brides,2.34422881532e-06
brochure,2.34422881532e-06
brokerage,2.34422881532e-06
buildup,2.34422881532e-06
butch,2.34422881532e-06
canucks,2.34422881532e-06
carly,2.34422881532e-06
carpets,2.34422881532e-06
carriages,2.34422881532e-06
catholicism,2.34422881532e-06
cgi,2.34422881532e-06
chained,2.34422881532e-06
chats,2.34422881532e-06
cheng,2.34422881532e-06
ching,2.34422881532e-06
chopping,2.34422881532e-06
cigars,2.34422881532e-06
civilisation,2.34422881532e-06
closures,2.34422881532e-06
coasts,2.34422881532e-06
cobalt,2.34422881532e-06
collaborated,2.34422881532e-06
collapses,2.34422881532e-06
collier,2.34422881532e-06
colossal,2.34422881532e-06
comm,2.34422881532e-06
commodore,2.34422881532e-06
compiler,2.34422881532e-06
conserve,2.34422881532e-06
constellation,2.34422881532e-06
contour,2.34422881532e-06
crispy,2.34422881532e-06
cropped,2.34422881532e-06
crore,2.34422881532e-06
crowley,2.34422881532e-06
curfew,2.34422881532e-06
daytona,2.34422881532e-06
decidedly,2.34422881532e-06
delusion,2.34422881532e-06
demi,2.34422881532e-06
depreciation,2.34422881532e-06
designate,2.34422881532e-06
dh,2.34422881532e-06
discard,2.34422881532e-06
discontent,2.34422881532e-06
div,2.34422881532e-06
dixie,2.34422881532e-06
dopamine,2.34422881532e-06
douche,2.34422881532e-06
dunes,2.34422881532e-06
dyke,2.34422881532e-06
echoing,2.34422881532e-06
eclectic,2.34422881532e-06
ecstatic,2.34422881532e-06
ejected,2.34422881532e-06
endemic,2.34422881532e-06
enlist,2.34422881532e-06
entails,2.34422881532e-06
envisioned,2.34422881532e-06
eta,2.34422881532e-06
exchanging,2.34422881532e-06
exiled,2.34422881532e-06
eyebrow,2.34422881532e-06
fascists,2.34422881532e-06
firefighter,2.34422881532e-06
flashbacks,2.34422881532e-06
fluorescent,2.34422881532e-06
francois,2.34422881532e-06
freakin,2.34422881532e-06
fulham,2.34422881532e-06
futuristic,2.34422881532e-06
gearing,2.34422881532e-06
hallmark,2.34422881532e-06
hanover,2.34422881532e-06
harrington,2.34422881532e-06
haste,2.34422881532e-06
hauling,2.34422881532e-06
heathrow,2.34422881532e-06
hybrids,2.34422881532e-06
hyun,2.34422881532e-06
identifiable,2.34422881532e-06
igor,2.34422881532e-06
illiterate,2.34422881532e-06
immaculate,2.34422881532e-06
improvised,2.34422881532e-06
inclination,2.34422881532e-06
infested,2.34422881532e-06
insurgents,2.34422881532e-06
interpersonal,2.34422881532e-06
interracial,2.34422881532e-06
intruder,2.34422881532e-06
inward,2.34422881532e-06
ipo,2.34422881532e-06
itching,2.34422881532e-06
jai,2.34422881532e-06
jarvis,2.34422881532e-06
jenner,2.34422881532e-06
johann,2.34422881532e-06
jolie,2.34422881532e-06
judas,2.34422881532e-06
judd,2.34422881532e-06
kan,2.34422881532e-06
kaplan,2.34422881532e-06
kinky,2.34422881532e-06
landings,2.34422881532e-06
launcher,2.34422881532e-06
ld,2.34422881532e-06
legality,2.34422881532e-06
lenny,2.34422881532e-06
lessen,2.34422881532e-06
lifespan,2.34422881532e-06
longitudinal,2.34422881532e-06
loosen,2.34422881532e-06
ly,2.34422881532e-06
macedonia,2.34422881532e-06
mandy,2.34422881532e-06
masculinity,2.34422881532e-06
matured,2.34422881532e-06
mcgee,2.34422881532e-06
mcgraw,2.34422881532e-06
microscopic,2.34422881532e-06
midday,2.34422881532e-06
moan,2.34422881532e-06
moods,2.34422881532e-06
morphine,2.34422881532e-06
motherhood,2.34422881532e-06
motorola,2.34422881532e-06
murderous,2.34422881532e-06
nb,2.34422881532e-06
nirvana,2.34422881532e-06
nonstop,2.34422881532e-06
notoriously,2.34422881532e-06
nrl,2.34422881532e-06
oatmeal,2.34422881532e-06
opaque,2.34422881532e-06
ordnance,2.34422881532e-06
originate,2.34422881532e-06
otter,2.34422881532e-06
parting,2.34422881532e-06
pelvic,2.34422881532e-06
percussion,2.34422881532e-06
pigment,2.34422881532e-06
plato,2.34422881532e-06
populist,2.34422881532e-06
porous,2.34422881532e-06
preached,2.34422881532e-06
predictive,2.34422881532e-06
proofs,2.34422881532e-06
pulses,2.34422881532e-06
racially,2.34422881532e-06
racks,2.34422881532e-06
refunds,2.34422881532e-06
registrar,2.34422881532e-06
regulars,2.34422881532e-06
rein,2.34422881532e-06
relic,2.34422881532e-06
retard,2.34422881532e-06
reunite,2.34422881532e-06
reuse,2.34422881532e-06
reyes,2.34422881532e-06
risked,2.34422881532e-06
ritchie,2.34422881532e-06
rl,2.34422881532e-06
roadway,2.34422881532e-06
rollins,2.34422881532e-06
rustic,2.34422881532e-06
rutherford,2.34422881532e-06
sanitary,2.34422881532e-06
sao,2.34422881532e-06
saturation,2.34422881532e-06
scams,2.34422881532e-06
scarcity,2.34422881532e-06
scorpion,2.34422881532e-06
setback,2.34422881532e-06
shaming,2.34422881532e-06
shrubs,2.34422881532e-06
sizable,2.34422881532e-06
slippers,2.34422881532e-06
smoker,2.34422881532e-06
soho,2.34422881532e-06
spartan,2.34422881532e-06
speculated,2.34422881532e-06
spilling,2.34422881532e-06
squeezing,2.34422881532e-06
stalled,2.34422881532e-06
stimulated,2.34422881532e-06
straits,2.34422881532e-06
stun,2.34422881532e-06
subdued,2.34422881532e-06
surpass,2.34422881532e-06
swapped,2.34422881532e-06
tack,2.34422881532e-06
tagging,2.34422881532e-06
tart,2.34422881532e-06
throats,2.34422881532e-06
ting,2.34422881532e-06
tiring,2.34422881532e-06
toothpaste,2.34422881532e-06
totaled,2.34422881532e-06
transformer,2.34422881532e-06
transient,2.34422881532e-06
triumphant,2.34422881532e-06
umpire,2.34422881532e-06
unborn,2.34422881532e-06
undisclosed,2.34422881532e-06
undone,2.34422881532e-06
unheard,2.34422881532e-06
vending,2.34422881532e-06
vicar,2.34422881532e-06
wallets,2.34422881532e-06
weep,2.34422881532e-06
welch,2.34422881532e-06
woes,2.34422881532e-06
woken,2.34422881532e-06
wrench,2.34422881532e-06
wretched,2.34422881532e-06
www,2.34422881532e-06
adler,2.29086765277e-06
adolescence,2.29086765277e-06
affirmed,2.29086765277e-06
afterlife,2.29086765277e-06
allowances,2.29086765277e-06
ammonia,2.29086765277e-06
analogous,2.29086765277e-06
anarchist,2.29086765277e-06
anecdotes,2.29086765277e-06
anglican,2.29086765277e-06
animations,2.29086765277e-06
ankara,2.29086765277e-06
appropriations,2.29086765277e-06
apron,2.29086765277e-06
archaic,2.29086765277e-06
assange,2.29086765277e-06
assaulting,2.29086765277e-06
attribution,2.29086765277e-06
avant,2.29086765277e-06
baffled,2.29086765277e-06
baird,2.29086765277e-06
barlow,2.29086765277e-06
benton,2.29086765277e-06
biochemistry,2.29086765277e-06
bm,2.29086765277e-06
boise,2.29086765277e-06
bop,2.29086765277e-06
bordeaux,2.29086765277e-06
breached,2.29086765277e-06
burr,2.29086765277e-06
carbs,2.29086765277e-06
cavaliers,2.29086765277e-06
censor,2.29086765277e-06
centennial,2.29086765277e-06
cheney,2.29086765277e-06
cher,2.29086765277e-06
civilizations,2.29086765277e-06
clapping,2.29086765277e-06
clinging,2.29086765277e-06
clover,2.29086765277e-06
cms,2.29086765277e-06
coatings,2.29086765277e-06
coils,2.29086765277e-06
colonization,2.29086765277e-06
connolly,2.29086765277e-06
cookbook,2.29086765277e-06
corinthians,2.29086765277e-06
cosmopolitan,2.29086765277e-06
counselors,2.29086765277e-06
coyote,2.29086765277e-06
crippling,2.29086765277e-06
cristina,2.29086765277e-06
cromwell,2.29086765277e-06
cy,2.29086765277e-06
decorate,2.29086765277e-06
decorating,2.29086765277e-06
deductible,2.29086765277e-06
diagonal,2.29086765277e-06
discredit,2.29086765277e-06
dodd,2.29086765277e-06
dresser,2.29086765277e-06
duff,2.29086765277e-06
dysfunctional,2.29086765277e-06
ebooks,2.29086765277e-06
elm,2.29086765277e-06
emphasizing,2.29086765277e-06
ems,2.29086765277e-06
enquiries,2.29086765277e-06
equitable,2.29086765277e-06
estrogen,2.29086765277e-06
etsy,2.29086765277e-06
exert,2.29086765277e-06
expeditions,2.29086765277e-06
faculties,2.29086765277e-06
felicity,2.29086765277e-06
fernandez,2.29086765277e-06
feudal,2.29086765277e-06
fins,2.29086765277e-06
flattened,2.29086765277e-06
fleece,2.29086765277e-06
fodder,2.29086765277e-06
forwarded,2.29086765277e-06
fumble,2.29086765277e-06
galloway,2.29086765277e-06
giggles,2.29086765277e-06
git,2.29086765277e-06
glare,2.29086765277e-06
godzilla,2.29086765277e-06
gourmet,2.29086765277e-06
gripping,2.29086765277e-06
handheld,2.29086765277e-06
handshake,2.29086765277e-06
harming,2.29086765277e-06
hayward,2.29086765277e-06
hefty,2.29086765277e-06
helsinki,2.29086765277e-06
herbal,2.29086765277e-06
herrera,2.29086765277e-06
hippie,2.29086765277e-06
hops,2.29086765277e-06
horton,2.29086765277e-06
hump,2.29086765277e-06
idiotic,2.29086765277e-06
ids,2.29086765277e-06
implements,2.29086765277e-06
incarceration,2.29086765277e-06
incest,2.29086765277e-06
infect,2.29086765277e-06
insertion,2.29086765277e-06
interruption,2.29086765277e-06
intrigue,2.29086765277e-06
itch,2.29086765277e-06
jacqueline,2.29086765277e-06
jc,2.29086765277e-06
joaquin,2.29086765277e-06
kurds,2.29086765277e-06
lattice,2.29086765277e-06
leaps,2.29086765277e-06
legitimately,2.29086765277e-06
lends,2.29086765277e-06
leroy,2.29086765277e-06
linebacker,2.29086765277e-06
lockheed,2.29086765277e-06
lowers,2.29086765277e-06
magically,2.29086765277e-06
marketers,2.29086765277e-06
mastermind,2.29086765277e-06
materially,2.29086765277e-06
metadata,2.29086765277e-06
middlesex,2.29086765277e-06
mischief,2.29086765277e-06
modernization,2.29086765277e-06
mums,2.29086765277e-06
necessities,2.29086765277e-06
neptune,2.29086765277e-06
nerds,2.29086765277e-06
nero,2.29086765277e-06
noticeably,2.29086765277e-06
occupancy,2.29086765277e-06
oman,2.29086765277e-06
oncology,2.29086765277e-06
opposes,2.29086765277e-06
outsourcing,2.29086765277e-06
overrun,2.29086765277e-06
parcels,2.29086765277e-06
pasture,2.29086765277e-06
pathological,2.29086765277e-06
payload,2.29086765277e-06
payout,2.29086765277e-06
pelosi,2.29086765277e-06
persia,2.29086765277e-06
pertinent,2.29086765277e-06
pigeons,2.29086765277e-06
plentiful,2.29086765277e-06
plumber,2.29086765277e-06
png,2.29086765277e-06
porno,2.29086765277e-06
portfolios,2.29086765277e-06
preserves,2.29086765277e-06
promoters,2.29086765277e-06
prosecuting,2.29086765277e-06
purchaser,2.29086765277e-06
rahul,2.29086765277e-06
rapes,2.29086765277e-06
rarity,2.29086765277e-06
realty,2.29086765277e-06
rebellious,2.29086765277e-06
reefs,2.29086765277e-06
referencing,2.29086765277e-06
reminders,2.29086765277e-06
repealed,2.29086765277e-06
reptiles,2.29086765277e-06
revisit,2.29086765277e-06
ribbons,2.29086765277e-06
santo,2.29086765277e-06
satirical,2.29086765277e-06
screenings,2.29086765277e-06
sensual,2.29086765277e-06
sixties,2.29086765277e-06
slapping,2.29086765277e-06
slump,2.29086765277e-06
soften,2.29086765277e-06
sos,2.29086765277e-06
souvenir,2.29086765277e-06
spaceship,2.29086765277e-06
spaniards,2.29086765277e-06
sparse,2.29086765277e-06
spinner,2.29086765277e-06
steamer,2.29086765277e-06
subsidized,2.29086765277e-06
suction,2.29086765277e-06
sunflower,2.29086765277e-06
supplementary,2.29086765277e-06
surveyor,2.29086765277e-06
swallowing,2.29086765277e-06
tailed,2.29086765277e-06
temperament,2.29086765277e-06
thirteenth,2.29086765277e-06
topless,2.29086765277e-06
torment,2.29086765277e-06
tyrant,2.29086765277e-06
unattractive,2.29086765277e-06
unbeaten,2.29086765277e-06
understatement,2.29086765277e-06
undesirable,2.29086765277e-06
unfairly,2.29086765277e-06
unification,2.29086765277e-06
vineyards,2.29086765277e-06
wastes,2.29086765277e-06
wastewater,2.29086765277e-06
wb,2.29086765277e-06
weaponry,2.29086765277e-06
webpage,2.29086765277e-06
wheeled,2.29086765277e-06
whipping,2.29086765277e-06
widows,2.29086765277e-06
wildfire,2.29086765277e-06
withheld,2.29086765277e-06
withholding,2.29086765277e-06
wreath,2.29086765277e-06
wt,2.29086765277e-06
yer,2.29086765277e-06
administrations,2.23872113857e-06
afar,2.23872113857e-06
affectionate,2.23872113857e-06
afp,2.23872113857e-06
agitated,2.23872113857e-06
akron,2.23872113857e-06
albania,2.23872113857e-06
angie,2.23872113857e-06
annuity,2.23872113857e-06
appliance,2.23872113857e-06
aroused,2.23872113857e-06
asserting,2.23872113857e-06
astros,2.23872113857e-06
authentication,2.23872113857e-06
awaken,2.23872113857e-06
azure,2.23872113857e-06
bedside,2.23872113857e-06
berger,2.23872113857e-06
besieged,2.23872113857e-06
biologist,2.23872113857e-06
blowjob,2.23872113857e-06
bn,2.23872113857e-06
boilers,2.23872113857e-06
bois,2.23872113857e-06
bonnet,2.23872113857e-06
bourne,2.23872113857e-06
braun,2.23872113857e-06
breaches,2.23872113857e-06
breeder,2.23872113857e-06
burying,2.23872113857e-06
byzantine,2.23872113857e-06
cadet,2.23872113857e-06
calming,2.23872113857e-06
casing,2.23872113857e-06
catalonia,2.23872113857e-06
catfish,2.23872113857e-06
caucasus,2.23872113857e-06
clerical,2.23872113857e-06
coincided,2.23872113857e-06
collage,2.23872113857e-06
colonists,2.23872113857e-06
complimentary,2.23872113857e-06
compounded,2.23872113857e-06
computation,2.23872113857e-06
conjecture,2.23872113857e-06
conspicuous,2.23872113857e-06
constantine,2.23872113857e-06
continual,2.23872113857e-06
contradict,2.23872113857e-06
cords,2.23872113857e-06
crackdown,2.23872113857e-06
craze,2.23872113857e-06
crusaders,2.23872113857e-06
cupcake,2.23872113857e-06
cvs,2.23872113857e-06
cybersecurity,2.23872113857e-06
davenport,2.23872113857e-06
degrading,2.23872113857e-06
deli,2.23872113857e-06
deteriorated,2.23872113857e-06
distinguishing,2.23872113857e-06
dreaded,2.23872113857e-06
dui,2.23872113857e-06
dumps,2.23872113857e-06
dwayne,2.23872113857e-06
dyer,2.23872113857e-06
elongated,2.23872113857e-06
embraces,2.23872113857e-06
enamel,2.23872113857e-06
encompassing,2.23872113857e-06
escalate,2.23872113857e-06
evicted,2.23872113857e-06
evils,2.23872113857e-06
exceedingly,2.23872113857e-06
excessively,2.23872113857e-06
faked,2.23872113857e-06
farmland,2.23872113857e-06
fetched,2.23872113857e-06
fiercely,2.23872113857e-06
flashed,2.23872113857e-06
fostering,2.23872113857e-06
fourteenth,2.23872113857e-06
fps,2.23872113857e-06
frontline,2.23872113857e-06
geese,2.23872113857e-06
genealogy,2.23872113857e-06
geographically,2.23872113857e-06
gibraltar,2.23872113857e-06
giggle,2.23872113857e-06
goggles,2.23872113857e-06
golfer,2.23872113857e-06
grammatical,2.23872113857e-06
graphite,2.23872113857e-06
grimm,2.23872113857e-06
gupta,2.23872113857e-06
haitian,2.23872113857e-06
handgun,2.23872113857e-06
hara,2.23872113857e-06
heaviest,2.23872113857e-06
hella,2.23872113857e-06
heresy,2.23872113857e-06
herpes,2.23872113857e-06
hipster,2.23872113857e-06
hispanics,2.23872113857e-06
hostess,2.23872113857e-06
hud,2.23872113857e-06
hunts,2.23872113857e-06
iceberg,2.23872113857e-06
ideologies,2.23872113857e-06
ignite,2.23872113857e-06
illumination,2.23872113857e-06
impoverished,2.23872113857e-06
improperly,2.23872113857e-06
ingenious,2.23872113857e-06
inquisition,2.23872113857e-06
interns,2.23872113857e-06
intervened,2.23872113857e-06
ist,2.23872113857e-06
jab,2.23872113857e-06
janice,2.23872113857e-06
landfill,2.23872113857e-06
larson,2.23872113857e-06
learner,2.23872113857e-06
lighten,2.23872113857e-06
lmfao,2.23872113857e-06
lowry,2.23872113857e-06
maldives,2.23872113857e-06
maroon,2.23872113857e-06
marriott,2.23872113857e-06
marxism,2.23872113857e-06
masonry,2.23872113857e-06
maui,2.23872113857e-06
mclaughlin,2.23872113857e-06
mechanically,2.23872113857e-06
mikey,2.23872113857e-06
millionaires,2.23872113857e-06
mina,2.23872113857e-06
moor,2.23872113857e-06
moreno,2.23872113857e-06
muffin,2.23872113857e-06
nadal,2.23872113857e-06
nigger,2.23872113857e-06
nih,2.23872113857e-06
novak,2.23872113857e-06
obi,2.23872113857e-06
oily,2.23872113857e-06
olives,2.23872113857e-06
ostensibly,2.23872113857e-06
outbreaks,2.23872113857e-06
outnumbered,2.23872113857e-06
outspoken,2.23872113857e-06
pacing,2.23872113857e-06
palate,2.23872113857e-06
pancake,2.23872113857e-06
parkway,2.23872113857e-06
pedestal,2.23872113857e-06
pedigree,2.23872113857e-06
pennies,2.23872113857e-06
phony,2.23872113857e-06
pinpoint,2.23872113857e-06
pip,2.23872113857e-06
pleasantly,2.23872113857e-06
pluto,2.23872113857e-06
ponder,2.23872113857e-06
protestants,2.23872113857e-06
prowess,2.23872113857e-06
prussia,2.23872113857e-06
psychologically,2.23872113857e-06
pulitzer,2.23872113857e-06
pursuits,2.23872113857e-06
ramen,2.23872113857e-06
ramirez,2.23872113857e-06
ramon,2.23872113857e-06
rattle,2.23872113857e-06
recycle,2.23872113857e-06
reimbursement,2.23872113857e-06
reinforcing,2.23872113857e-06
reinstated,2.23872113857e-06
renault,2.23872113857e-06
renee,2.23872113857e-06
repent,2.23872113857e-06
rescuing,2.23872113857e-06
revert,2.23872113857e-06
ridges,2.23872113857e-06
rolex,2.23872113857e-06
rowe,2.23872113857e-06
rubin,2.23872113857e-06
sabrina,2.23872113857e-06
saliva,2.23872113857e-06
senseless,2.23872113857e-06
sermons,2.23872113857e-06
seventeenth,2.23872113857e-06
sha,2.23872113857e-06
shortcut,2.23872113857e-06
sikh,2.23872113857e-06
skye,2.23872113857e-06
slamming,2.23872113857e-06
slay,2.23872113857e-06
smoother,2.23872113857e-06
spence,2.23872113857e-06
spills,2.23872113857e-06
staffed,2.23872113857e-06
stumbling,2.23872113857e-06
stunts,2.23872113857e-06
summarized,2.23872113857e-06
sweeney,2.23872113857e-06
synth,2.23872113857e-06
tackled,2.23872113857e-06
takeoff,2.23872113857e-06
tammy,2.23872113857e-06
tat,2.23872113857e-06
taxable,2.23872113857e-06
trafford,2.23872113857e-06
transmissions,2.23872113857e-06
treadmill,2.23872113857e-06
trucking,2.23872113857e-06
unavoidable,2.23872113857e-06
unilateral,2.23872113857e-06
vicky,2.23872113857e-06
vie,2.23872113857e-06
vijay,2.23872113857e-06
warped,2.23872113857e-06
wasp,2.23872113857e-06
watermelon,2.23872113857e-06
webber,2.23872113857e-06
westward,2.23872113857e-06
whores,2.23872113857e-06
widened,2.23872113857e-06
yin,2.23872113857e-06
yun,2.23872113857e-06
academies,2.18776162395e-06
acidic,2.18776162395e-06
adherence,2.18776162395e-06
adjective,2.18776162395e-06
adjourned,2.18776162395e-06
aint,2.18776162395e-06
amnesia,2.18776162395e-06
amplified,2.18776162395e-06
angola,2.18776162395e-06
angrily,2.18776162395e-06
appellate,2.18776162395e-06
approving,2.18776162395e-06
armoured,2.18776162395e-06
ascension,2.18776162395e-06
aspirin,2.18776162395e-06
atheists,2.18776162395e-06
ax,2.18776162395e-06
bard,2.18776162395e-06
bea,2.18776162395e-06
bearded,2.18776162395e-06
beetles,2.18776162395e-06
bends,2.18776162395e-06
benevolent,2.18776162395e-06
bestseller,2.18776162395e-06
bis,2.18776162395e-06
blackhawks,2.18776162395e-06
blazers,2.18776162395e-06
blends,2.18776162395e-06
blooded,2.18776162395e-06
blossoms,2.18776162395e-06
bog,2.18776162395e-06
bom,2.18776162395e-06
bombardment,2.18776162395e-06
borderline,2.18776162395e-06
boxed,2.18776162395e-06
brows,2.18776162395e-06
bungalow,2.18776162395e-06
burglar,2.18776162395e-06
calibration,2.18776162395e-06
cams,2.18776162395e-06
capitalize,2.18776162395e-06
charisma,2.18776162395e-06
cheltenham,2.18776162395e-06
chesapeake,2.18776162395e-06
chun,2.18776162395e-06
ck,2.18776162395e-06
classmate,2.18776162395e-06
claudio,2.18776162395e-06
cognition,2.18776162395e-06
cooker,2.18776162395e-06
cornish,2.18776162395e-06
coupe,2.18776162395e-06
coveted,2.18776162395e-06
craigslist,2.18776162395e-06
cristiano,2.18776162395e-06
crumbs,2.18776162395e-06
cullen,2.18776162395e-06
cures,2.18776162395e-06
curled,2.18776162395e-06
cylindrical,2.18776162395e-06
davey,2.18776162395e-06
deceptive,2.18776162395e-06
deem,2.18776162395e-06
deficiencies,2.18776162395e-06
devastation,2.18776162395e-06
devout,2.18776162395e-06
dia,2.18776162395e-06
dickson,2.18776162395e-06
disproportionate,2.18776162395e-06
disturbances,2.18776162395e-06
divisive,2.18776162395e-06
dk,2.18776162395e-06
dod,2.18776162395e-06
dracula,2.18776162395e-06
ebony,2.18776162395e-06
eduardo,2.18776162395e-06
eileen,2.18776162395e-06
elon,2.18776162395e-06
embodied,2.18776162395e-06
embroidered,2.18776162395e-06
embryo,2.18776162395e-06
eminem,2.18776162395e-06
ensued,2.18776162395e-06
erratic,2.18776162395e-06
exiting,2.18776162395e-06
fang,2.18776162395e-06
fiesta,2.18776162395e-06
folly,2.18776162395e-06
foo,2.18776162395e-06
foreseeable,2.18776162395e-06
frenchman,2.18776162395e-06
friedrich,2.18776162395e-06
fumes,2.18776162395e-06
garde,2.18776162395e-06
garnered,2.18776162395e-06
gerrard,2.18776162395e-06
gilmore,2.18776162395e-06
glazed,2.18776162395e-06
gon,2.18776162395e-06
griffiths,2.18776162395e-06
hardwood,2.18776162395e-06
hendrix,2.18776162395e-06
highness,2.18776162395e-06
hikes,2.18776162395e-06
hindsight,2.18776162395e-06
hinges,2.18776162395e-06
homophobia,2.18776162395e-06
houghton,2.18776162395e-06
hume,2.18776162395e-06
hymns,2.18776162395e-06
hz,2.18776162395e-06
ik,2.18776162395e-06
indifference,2.18776162395e-06
indispensable,2.18776162395e-06
infirmary,2.18776162395e-06
inflict,2.18776162395e-06
ingram,2.18776162395e-06
inhibit,2.18776162395e-06
insanely,2.18776162395e-06
intellectually,2.18776162395e-06
interstellar,2.18776162395e-06
intoxicated,2.18776162395e-06
involuntary,2.18776162395e-06
isil,2.18776162395e-06
issuance,2.18776162395e-06
itchy,2.18776162395e-06
jammed,2.18776162395e-06
jojo,2.18776162395e-06
junta,2.18776162395e-06
lankan,2.18776162395e-06
laos,2.18776162395e-06
latch,2.18776162395e-06
libel,2.18776162395e-06
ligament,2.18776162395e-06
likeness,2.18776162395e-06
lizzie,2.18776162395e-06
loaned,2.18776162395e-06
lofty,2.18776162395e-06
loom,2.18776162395e-06
luc,2.18776162395e-06
ludicrous,2.18776162395e-06
maharashtra,2.18776162395e-06
maize,2.18776162395e-06
malice,2.18776162395e-06
manu,2.18776162395e-06
marginalized,2.18776162395e-06
mazda,2.18776162395e-06
mcmahon,2.18776162395e-06
melvin,2.18776162395e-06
middlesbrough,2.18776162395e-06
milestones,2.18776162395e-06
milford,2.18776162395e-06
milling,2.18776162395e-06
minnie,2.18776162395e-06
mitsubishi,2.18776162395e-06
mixtape,2.18776162395e-06
mods,2.18776162395e-06
mongolia,2.18776162395e-06
motivating,2.18776162395e-06
munitions,2.18776162395e-06
mx,2.18776162395e-06
myrtle,2.18776162395e-06
nemesis,2.18776162395e-06
originality,2.18776162395e-06
orioles,2.18776162395e-06
ornamental,2.18776162395e-06
oysters,2.18776162395e-06
pancreatic,2.18776162395e-06
parlor,2.18776162395e-06
partnering,2.18776162395e-06
pebble,2.18776162395e-06
peeled,2.18776162395e-06
perseverance,2.18776162395e-06
persisted,2.18776162395e-06
pharmacist,2.18776162395e-06
phillies,2.18776162395e-06
picky,2.18776162395e-06
pistons,2.18776162395e-06
pizzas,2.18776162395e-06
poole,2.18776162395e-06
populace,2.18776162395e-06
pretoria,2.18776162395e-06
pricey,2.18776162395e-06
prima,2.18776162395e-06
prized,2.18776162395e-06
profiling,2.18776162395e-06
progressives,2.18776162395e-06
prompts,2.18776162395e-06
propagation,2.18776162395e-06
psychedelic,2.18776162395e-06
pune,2.18776162395e-06
quieter,2.18776162395e-06
radiator,2.18776162395e-06
randomized,2.18776162395e-06
rapists,2.18776162395e-06
rector,2.18776162395e-06
redeemed,2.18776162395e-06
regal,2.18776162395e-06
relativity,2.18776162395e-06
rene,2.18776162395e-06
revered,2.18776162395e-06
ridicule,2.18776162395e-06
ridley,2.18776162395e-06
roasting,2.18776162395e-06
rocker,2.18776162395e-06
romero,2.18776162395e-06
rotting,2.18776162395e-06
salman,2.18776162395e-06
sami,2.18776162395e-06
sculptor,2.18776162395e-06
semifinals,2.18776162395e-06
shalt,2.18776162395e-06
sheen,2.18776162395e-06
shelton,2.18776162395e-06
showcasing,2.18776162395e-06
sincerity,2.18776162395e-06
sinful,2.18776162395e-06
slander,2.18776162395e-06
sleek,2.18776162395e-06
slew,2.18776162395e-06
sling,2.18776162395e-06
socioeconomic,2.18776162395e-06
solicitors,2.18776162395e-06
spontaneously,2.18776162395e-06
steamed,2.18776162395e-06
stockton,2.18776162395e-06
stratford,2.18776162395e-06
studs,2.18776162395e-06
sturgeon,2.18776162395e-06
subpoena,2.18776162395e-06
swam,2.18776162395e-06
sweeps,2.18776162395e-06
syllabus,2.18776162395e-06
taiwanese,2.18776162395e-06
teaming,2.18776162395e-06
textual,2.18776162395e-06
thinkin,2.18776162395e-06
toad,2.18776162395e-06
tombs,2.18776162395e-06
troopers,2.18776162395e-06
tsa,2.18776162395e-06
tyrone,2.18776162395e-06
unaffected,2.18776162395e-06
uncles,2.18776162395e-06
undeniable,2.18776162395e-06
une,2.18776162395e-06
upstate,2.18776162395e-06
ventura,2.18776162395e-06
vigilant,2.18776162395e-06
visitation,2.18776162395e-06
viva,2.18776162395e-06
volcanoes,2.18776162395e-06
washer,2.18776162395e-06
watered,2.18776162395e-06
werner,2.18776162395e-06
wick,2.18776162395e-06
worldly,2.18776162395e-06
wp,2.18776162395e-06
achieves,2.1379620895e-06
additive,2.1379620895e-06
adept,2.1379620895e-06
advantageous,2.1379620895e-06
aero,2.1379620895e-06
afloat,2.1379620895e-06
agility,2.1379620895e-06
airbus,2.1379620895e-06
alba,2.1379620895e-06
alteration,2.1379620895e-06
annoyance,2.1379620895e-06
anon,2.1379620895e-06
ante,2.1379620895e-06
appointing,2.1379620895e-06
archipelago,2.1379620895e-06
assembling,2.1379620895e-06
bailed,2.1379620895e-06
barkley,2.1379620895e-06
bdsm,2.1379620895e-06
behaviours,2.1379620895e-06
belmont,2.1379620895e-06
bidders,2.1379620895e-06
bloated,2.1379620895e-06
blooming,2.1379620895e-06
blooms,2.1379620895e-06
boating,2.1379620895e-06
bonfire,2.1379620895e-06
bookings,2.1379620895e-06
bowed,2.1379620895e-06
brody,2.1379620895e-06
bullpen,2.1379620895e-06
cafes,2.1379620895e-06
cali,2.1379620895e-06
canine,2.1379620895e-06
capsules,2.1379620895e-06
carb,2.1379620895e-06
carver,2.1379620895e-06
causal,2.1379620895e-06
centrally,2.1379620895e-06
cheerleader,2.1379620895e-06
christy,2.1379620895e-06
circling,2.1379620895e-06
citadel,2.1379620895e-06
clifton,2.1379620895e-06
climates,2.1379620895e-06
colonialism,2.1379620895e-06
comforts,2.1379620895e-06
compromising,2.1379620895e-06
corvette,2.1379620895e-06
costco,2.1379620895e-06
cowards,2.1379620895e-06
cranes,2.1379620895e-06
cunts,2.1379620895e-06
cutest,2.1379620895e-06
dashboard,2.1379620895e-06
deficient,2.1379620895e-06
degenerate,2.1379620895e-06
demonic,2.1379620895e-06
deterrent,2.1379620895e-06
disdain,2.1379620895e-06
disgraceful,2.1379620895e-06
doggy,2.1379620895e-06
dole,2.1379620895e-06
dreamt,2.1379620895e-06
dun,2.1379620895e-06
eerie,2.1379620895e-06
electing,2.1379620895e-06
enraged,2.1379620895e-06
envelopes,2.1379620895e-06
eroded,2.1379620895e-06
estimating,2.1379620895e-06
ethel,2.1379620895e-06
excursion,2.1379620895e-06
exemptions,2.1379620895e-06
exponential,2.1379620895e-06
farce,2.1379620895e-06
fatally,2.1379620895e-06
fingerprints,2.1379620895e-06
flanders,2.1379620895e-06
flickr,2.1379620895e-06
fling,2.1379620895e-06
flowed,2.1379620895e-06
flung,2.1379620895e-06
fragmented,2.1379620895e-06
frankenstein,2.1379620895e-06
frantic,2.1379620895e-06
fudge,2.1379620895e-06
gabrielle,2.1379620895e-06
gemma,2.1379620895e-06
gideon,2.1379620895e-06
glide,2.1379620895e-06
glover,2.1379620895e-06
gras,2.1379620895e-06
grieve,2.1379620895e-06
grimes,2.1379620895e-06
grossly,2.1379620895e-06
grudge,2.1379620895e-06
gucci,2.1379620895e-06
hairstyle,2.1379620895e-06
handwritten,2.1379620895e-06
hardships,2.1379620895e-06
harmonic,2.1379620895e-06
hb,2.1379620895e-06
headlights,2.1379620895e-06
heartless,2.1379620895e-06
hectic,2.1379620895e-06
holistic,2.1379620895e-06
hooper,2.1379620895e-06
hormonal,2.1379620895e-06
huffington,2.1379620895e-06
ict,2.1379620895e-06
implanted,2.1379620895e-06
informant,2.1379620895e-06
inhabit,2.1379620895e-06
intervening,2.1379620895e-06
intrusive,2.1379620895e-06
investigates,2.1379620895e-06
invoke,2.1379620895e-06
invoked,2.1379620895e-06
jackass,2.1379620895e-06
jericho,2.1379620895e-06
jonny,2.1379620895e-06
josephine,2.1379620895e-06
joyous,2.1379620895e-06
kiwi,2.1379620895e-06
latinos,2.1379620895e-06
leaflets,2.1379620895e-06
licences,2.1379620895e-06
lim,2.1379620895e-06
limo,2.1379620895e-06
lulu,2.1379620895e-06
lunchtime,2.1379620895e-06
lux,2.1379620895e-06
mace,2.1379620895e-06
maher,2.1379620895e-06
malawi,2.1379620895e-06
malignant,2.1379620895e-06
mane,2.1379620895e-06
mascara,2.1379620895e-06
matchmaking,2.1379620895e-06
maverick,2.1379620895e-06
measles,2.1379620895e-06
mend,2.1379620895e-06
mentoring,2.1379620895e-06
mich,2.1379620895e-06
microbial,2.1379620895e-06
migraine,2.1379620895e-06
millennial,2.1379620895e-06
mitt,2.1379620895e-06
molten,2.1379620895e-06
monsoon,2.1379620895e-06
montage,2.1379620895e-06
monterey,2.1379620895e-06
morales,2.1379620895e-06
napoli,2.1379620895e-06
negligent,2.1379620895e-06
netanyahu,2.1379620895e-06
nikon,2.1379620895e-06
nil,2.1379620895e-06
norma,2.1379620895e-06
ofthe,2.1379620895e-06
opioid,2.1379620895e-06
optimize,2.1379620895e-06
passionately,2.1379620895e-06
pastors,2.1379620895e-06
pathogens,2.1379620895e-06
penetrating,2.1379620895e-06
persuasion,2.1379620895e-06
phased,2.1379620895e-06
phyllis,2.1379620895e-06
plaid,2.1379620895e-06
playback,2.1379620895e-06
plush,2.1379620895e-06
portraying,2.1379620895e-06
portrays,2.1379620895e-06
positivity,2.1379620895e-06
practised,2.1379620895e-06
precedence,2.1379620895e-06
preferring,2.1379620895e-06
previews,2.1379620895e-06
pristine,2.1379620895e-06
prognosis,2.1379620895e-06
propeller,2.1379620895e-06
pyramids,2.1379620895e-06
quotas,2.1379620895e-06
racket,2.1379620895e-06
rags,2.1379620895e-06
rajasthan,2.1379620895e-06
realistically,2.1379620895e-06
reclaimed,2.1379620895e-06
reilly,2.1379620895e-06
relatable,2.1379620895e-06
reorganization,2.1379620895e-06
resembled,2.1379620895e-06
resided,2.1379620895e-06
retrieval,2.1379620895e-06
rotated,2.1379620895e-06
roundabout,2.1379620895e-06
saline,2.1379620895e-06
saviour,2.1379620895e-06
scarcely,2.1379620895e-06
scraping,2.1379620895e-06
serie,2.1379620895e-06
shipbuilding,2.1379620895e-06
shiva,2.1379620895e-06
shrugged,2.1379620895e-06
siemens,2.1379620895e-06
signings,2.1379620895e-06
slogans,2.1379620895e-06
smoky,2.1379620895e-06
solids,2.1379620895e-06
solos,2.1379620895e-06
spade,2.1379620895e-06
spoils,2.1379620895e-06
staffordshire,2.1379620895e-06
steroid,2.1379620895e-06
supplemented,2.1379620895e-06
surveying,2.1379620895e-06
swans,2.1379620895e-06
tata,2.1379620895e-06
tds,2.1379620895e-06
temperate,2.1379620895e-06
temps,2.1379620895e-06
thematic,2.1379620895e-06
threesome,2.1379620895e-06
thunderstorms,2.1379620895e-06
tilted,2.1379620895e-06
toaster,2.1379620895e-06
treble,2.1379620895e-06
turquoise,2.1379620895e-06
ultraviolet,2.1379620895e-06
unbiased,2.1379620895e-06
unc,2.1379620895e-06
uncanny,2.1379620895e-06
underdog,2.1379620895e-06
unfolding,2.1379620895e-06
ungrateful,2.1379620895e-06
untreated,2.1379620895e-06
usefulness,2.1379620895e-06
vandalism,2.1379620895e-06
vargas,2.1379620895e-06
vibrating,2.1379620895e-06
vowel,2.1379620895e-06
voyager,2.1379620895e-06
weirdo,2.1379620895e-06
weld,2.1379620895e-06
werewolf,2.1379620895e-06
wrongful,2.1379620895e-06
ww,2.1379620895e-06
xu,2.1379620895e-06
aba,2.08929613085e-06
acknowledgement,2.08929613085e-06
adored,2.08929613085e-06
airbnb,2.08929613085e-06
alerted,2.08929613085e-06
alleges,2.08929613085e-06
alligator,2.08929613085e-06
amends,2.08929613085e-06
annoys,2.08929613085e-06
antagonist,2.08929613085e-06
apa,2.08929613085e-06
approximation,2.08929613085e-06
aromatic,2.08929613085e-06
assurances,2.08929613085e-06
attendants,2.08929613085e-06
auschwitz,2.08929613085e-06
baroque,2.08929613085e-06
bays,2.08929613085e-06
behavioural,2.08929613085e-06
belgrade,2.08929613085e-06
benefiting,2.08929613085e-06
berg,2.08929613085e-06
bergen,2.08929613085e-06
bethany,2.08929613085e-06
bg,2.08929613085e-06
biases,2.08929613085e-06
binder,2.08929613085e-06
blindly,2.08929613085e-06
brig,2.08929613085e-06
buggy,2.08929613085e-06
bundled,2.08929613085e-06
burnett,2.08929613085e-06
buzzfeed,2.08929613085e-06
calves,2.08929613085e-06
camille,2.08929613085e-06
canonical,2.08929613085e-06
cautiously,2.08929613085e-06
ceasefire,2.08929613085e-06
celery,2.08929613085e-06
characterize,2.08929613085e-06
chinatown,2.08929613085e-06
collaborations,2.08929613085e-06
collaborators,2.08929613085e-06
commissioning,2.08929613085e-06
cor,2.08929613085e-06
counsellor,2.08929613085e-06
countered,2.08929613085e-06
couture,2.08929613085e-06
cramps,2.08929613085e-06
croatian,2.08929613085e-06
crowdfunding,2.08929613085e-06
cutie,2.08929613085e-06
dab,2.08929613085e-06
dar,2.08929613085e-06
darcy,2.08929613085e-06
dawg,2.08929613085e-06
dentists,2.08929613085e-06
deploying,2.08929613085e-06
deserts,2.08929613085e-06
df,2.08929613085e-06
dictates,2.08929613085e-06
dion,2.08929613085e-06
dissatisfaction,2.08929613085e-06
dodgy,2.08929613085e-06
earthly,2.08929613085e-06
eaters,2.08929613085e-06
elective,2.08929613085e-06
emitted,2.08929613085e-06
endeavors,2.08929613085e-06
enslaved,2.08929613085e-06
ent,2.08929613085e-06
entrances,2.08929613085e-06
eq,2.08929613085e-06
escalation,2.08929613085e-06
ethos,2.08929613085e-06
eureka,2.08929613085e-06
exec,2.08929613085e-06
eyewitness,2.08929613085e-06
fag,2.08929613085e-06
favours,2.08929613085e-06
fil,2.08929613085e-06
fitz,2.08929613085e-06
fleeting,2.08929613085e-06
flourished,2.08929613085e-06
forfeit,2.08929613085e-06
forging,2.08929613085e-06
foundry,2.08929613085e-06
fractions,2.08929613085e-06
fro,2.08929613085e-06
funerals,2.08929613085e-06
furnishings,2.08929613085e-06
giraffe,2.08929613085e-06
gma,2.08929613085e-06
gmail,2.08929613085e-06
grinder,2.08929613085e-06
gunman,2.08929613085e-06
hampered,2.08929613085e-06
hardcover,2.08929613085e-06
healer,2.08929613085e-06
heals,2.08929613085e-06
hermione,2.08929613085e-06
hinge,2.08929613085e-06
hubbard,2.08929613085e-06
hurley,2.08929613085e-06
illustrating,2.08929613085e-06
inaugurated,2.08929613085e-06
indexes,2.08929613085e-06
insiders,2.08929613085e-06
intestinal,2.08929613085e-06
intra,2.08929613085e-06
irons,2.08929613085e-06
islamabad,2.08929613085e-06
jock,2.08929613085e-06
jumpers,2.08929613085e-06
kidd,2.08929613085e-06
kneeling,2.08929613085e-06
knuckles,2.08929613085e-06
lauderdale,2.08929613085e-06
lifestyles,2.08929613085e-06
lr,2.08929613085e-06
ludwig,2.08929613085e-06
macbeth,2.08929613085e-06
mamma,2.08929613085e-06
manic,2.08929613085e-06
manifold,2.08929613085e-06
margot,2.08929613085e-06
measurable,2.08929613085e-06
medina,2.08929613085e-06
meek,2.08929613085e-06
mellow,2.08929613085e-06
melon,2.08929613085e-06
mirrored,2.08929613085e-06
miscarriage,2.08929613085e-06
mla,2.08929613085e-06
mojo,2.08929613085e-06
msnbc,2.08929613085e-06
napa,2.08929613085e-06
narration,2.08929613085e-06
nassau,2.08929613085e-06
nicki,2.08929613085e-06
nip,2.08929613085e-06
nxt,2.08929613085e-06
nye,2.08929613085e-06
oblivion,2.08929613085e-06
observes,2.08929613085e-06
ohhh,2.08929613085e-06
oilers,2.08929613085e-06
ornament,2.08929613085e-06
outpatient,2.08929613085e-06
pamphlet,2.08929613085e-06
parishes,2.08929613085e-06
pats,2.08929613085e-06
penelope,2.08929613085e-06
perish,2.08929613085e-06
perpetrator,2.08929613085e-06
pervert,2.08929613085e-06
pharaoh,2.08929613085e-06
philanthropy,2.08929613085e-06
photon,2.08929613085e-06
polluted,2.08929613085e-06
potion,2.08929613085e-06
premiered,2.08929613085e-06
preparedness,2.08929613085e-06
pretends,2.08929613085e-06
prettier,2.08929613085e-06
primal,2.08929613085e-06
princesses,2.08929613085e-06
prohibiting,2.08929613085e-06
psalms,2.08929613085e-06
psg,2.08929613085e-06
psychopath,2.08929613085e-06
pups,2.08929613085e-06
qui,2.08929613085e-06
quid,2.08929613085e-06
receptive,2.08929613085e-06
redundancy,2.08929613085e-06
reelection,2.08929613085e-06
reindeer,2.08929613085e-06
relapse,2.08929613085e-06
relish,2.08929613085e-06
rendezvous,2.08929613085e-06
republics,2.08929613085e-06
reversible,2.08929613085e-06
roche,2.08929613085e-06
rodents,2.08929613085e-06
rowan,2.08929613085e-06
rudolph,2.08929613085e-06
saharan,2.08929613085e-06
scumbag,2.08929613085e-06
seams,2.08929613085e-06
seizing,2.08929613085e-06
selectively,2.08929613085e-06
sensed,2.08929613085e-06
shred,2.08929613085e-06
sideline,2.08929613085e-06
sidelines,2.08929613085e-06
simplistic,2.08929613085e-06
skater,2.08929613085e-06
skincare,2.08929613085e-06
soc,2.08929613085e-06
spawning,2.08929613085e-06
spokane,2.08929613085e-06
sta,2.08929613085e-06
stabilized,2.08929613085e-06
stares,2.08929613085e-06
staten,2.08929613085e-06
steaming,2.08929613085e-06
substitutes,2.08929613085e-06
supervise,2.08929613085e-06
supervising,2.08929613085e-06
supervisory,2.08929613085e-06
swapping,2.08929613085e-06
sweeter,2.08929613085e-06
syllable,2.08929613085e-06
synod,2.08929613085e-06
taipei,2.08929613085e-06
takeaway,2.08929613085e-06
tatum,2.08929613085e-06
teased,2.08929613085e-06
tees,2.08929613085e-06
tesco,2.08929613085e-06
thorpe,2.08929613085e-06
titus,2.08929613085e-06
towing,2.08929613085e-06
treacherous,2.08929613085e-06
turnbull,2.08929613085e-06
undermined,2.08929613085e-06
undermining,2.08929613085e-06
untold,2.08929613085e-06
uplifting,2.08929613085e-06
upsets,2.08929613085e-06
vaccinated,2.08929613085e-06
vaughn,2.08929613085e-06
vents,2.08929613085e-06
versatility,2.08929613085e-06
visualization,2.08929613085e-06
voicemail,2.08929613085e-06
volt,2.08929613085e-06
wakefield,2.08929613085e-06
watford,2.08929613085e-06
wielding,2.08929613085e-06
wiggins,2.08929613085e-06
wilkins,2.08929613085e-06
wingers,2.08929613085e-06
winnie,2.08929613085e-06
wits,2.08929613085e-06
wrongs,2.08929613085e-06
yeh,2.08929613085e-06
abnormalities,2.04173794467e-06
allocate,2.04173794467e-06
analytic,2.04173794467e-06
ans,2.04173794467e-06
apprehended,2.04173794467e-06
ascending,2.04173794467e-06
attributable,2.04173794467e-06
aubrey,2.04173794467e-06
barb,2.04173794467e-06
bastion,2.04173794467e-06
beaumont,2.04173794467e-06
bey,2.04173794467e-06
biopsy,2.04173794467e-06
blackwell,2.04173794467e-06
bolster,2.04173794467e-06
bray,2.04173794467e-06
briefs,2.04173794467e-06
caitlin,2.04173794467e-06
calais,2.04173794467e-06
cancelling,2.04173794467e-06
canning,2.04173794467e-06
capitalists,2.04173794467e-06
categorized,2.04173794467e-06
cba,2.04173794467e-06
cbi,2.04173794467e-06
cg,2.04173794467e-06
chopper,2.04173794467e-06
chromosomes,2.04173794467e-06
chunky,2.04173794467e-06
classed,2.04173794467e-06
clerks,2.04173794467e-06
cohesive,2.04173794467e-06
comey,2.04173794467e-06
commando,2.04173794467e-06
complication,2.04173794467e-06
computed,2.04173794467e-06
conquering,2.04173794467e-06
constituencies,2.04173794467e-06
contentious,2.04173794467e-06
contra,2.04173794467e-06
corbyn,2.04173794467e-06
cosy,2.04173794467e-06
coyotes,2.04173794467e-06
crease,2.04173794467e-06
cursing,2.04173794467e-06
deadliest,2.04173794467e-06
degraded,2.04173794467e-06
dehydration,2.04173794467e-06
delights,2.04173794467e-06
denomination,2.04173794467e-06
derbyshire,2.04173794467e-06
desserts,2.04173794467e-06
digestion,2.04173794467e-06
dismantled,2.04173794467e-06
dissatisfied,2.04173794467e-06
distinctions,2.04173794467e-06
docking,2.04173794467e-06
dodging,2.04173794467e-06
donut,2.04173794467e-06
doubting,2.04173794467e-06
dungeons,2.04173794467e-06
effected,2.04173794467e-06
embargo,2.04173794467e-06
embodiment,2.04173794467e-06
emptied,2.04173794467e-06
encoded,2.04173794467e-06
engraving,2.04173794467e-06
enhances,2.04173794467e-06
entrenched,2.04173794467e-06
explanatory,2.04173794467e-06
extremism,2.04173794467e-06
fairfield,2.04173794467e-06
fairies,2.04173794467e-06
faulkner,2.04173794467e-06
fg,2.04173794467e-06
filtration,2.04173794467e-06
finalized,2.04173794467e-06
flagged,2.04173794467e-06
fleets,2.04173794467e-06
fooling,2.04173794467e-06
formatting,2.04173794467e-06
fracking,2.04173794467e-06
francesca,2.04173794467e-06
francesco,2.04173794467e-06
fungal,2.04173794467e-06
gabe,2.04173794467e-06
garry,2.04173794467e-06
garth,2.04173794467e-06
ghz,2.04173794467e-06
gillian,2.04173794467e-06
glaciers,2.04173794467e-06
glaring,2.04173794467e-06
gloom,2.04173794467e-06
goblin,2.04173794467e-06
gunner,2.04173794467e-06
hammers,2.04173794467e-06
hamster,2.04173794467e-06
heaps,2.04173794467e-06
hex,2.04173794467e-06
homosexuals,2.04173794467e-06
hooking,2.04173794467e-06
hopped,2.04173794467e-06
hydra,2.04173794467e-06
hypocritical,2.04173794467e-06
illustrious,2.04173794467e-06
incidental,2.04173794467e-06
indigo,2.04173794467e-06
inscriptions,2.04173794467e-06
instruct,2.04173794467e-06
insurgency,2.04173794467e-06
intimidate,2.04173794467e-06
ipa,2.04173794467e-06
irregularities,2.04173794467e-06
jamming,2.04173794467e-06
jax,2.04173794467e-06
kyrie,2.04173794467e-06
labyrinth,2.04173794467e-06
lac,2.04173794467e-06
latency,2.04173794467e-06
limbo,2.04173794467e-06
linger,2.04173794467e-06
lousy,2.04173794467e-06
luncheon,2.04173794467e-06
mailbox,2.04173794467e-06
mammal,2.04173794467e-06
mcguire,2.04173794467e-06
membranes,2.04173794467e-06
memorabilia,2.04173794467e-06
midterm,2.04173794467e-06
midtown,2.04173794467e-06
migrated,2.04173794467e-06
mimi,2.04173794467e-06
muir,2.04173794467e-06
muzzle,2.04173794467e-06
myspace,2.04173794467e-06
nationalities,2.04173794467e-06
nec,2.04173794467e-06
nurture,2.04173794467e-06
oblivious,2.04173794467e-06
ode,2.04173794467e-06
oem,2.04173794467e-06
olga,2.04173794467e-06
olson,2.04173794467e-06
ortiz,2.04173794467e-06
outlining,2.04173794467e-06
overt,2.04173794467e-06
pacers,2.04173794467e-06
paisley,2.04173794467e-06
pajamas,2.04173794467e-06
palo,2.04173794467e-06
patriarch,2.04173794467e-06
penthouse,2.04173794467e-06
perjury,2.04173794467e-06
persists,2.04173794467e-06
pious,2.04173794467e-06
plotted,2.04173794467e-06
potomac,2.04173794467e-06
powdered,2.04173794467e-06
pregnancies,2.04173794467e-06
prematurely,2.04173794467e-06
presenters,2.04173794467e-06
prioritize,2.04173794467e-06
proprietor,2.04173794467e-06
putnam,2.04173794467e-06
quarrel,2.04173794467e-06
raider,2.04173794467e-06
rained,2.04173794467e-06
raja,2.04173794467e-06
rea,2.04173794467e-06
reasoned,2.04173794467e-06
rebate,2.04173794467e-06
regulates,2.04173794467e-06
reins,2.04173794467e-06
resurgence,2.04173794467e-06
rh,2.04173794467e-06
roc,2.04173794467e-06
rollers,2.04173794467e-06
rooster,2.04173794467e-06
routed,2.04173794467e-06
rufus,2.04173794467e-06
rushes,2.04173794467e-06
rx,2.04173794467e-06
sakura,2.04173794467e-06
salads,2.04173794467e-06
sanskrit,2.04173794467e-06
scientology,2.04173794467e-06
scooby,2.04173794467e-06
scuba,2.04173794467e-06
seamless,2.04173794467e-06
selects,2.04173794467e-06
sequels,2.04173794467e-06
shattering,2.04173794467e-06
shelly,2.04173794467e-06
sheppard,2.04173794467e-06
shite,2.04173794467e-06
shoreline,2.04173794467e-06
siberian,2.04173794467e-06
sickening,2.04173794467e-06
sidewalks,2.04173794467e-06
silhouette,2.04173794467e-06
slug,2.04173794467e-06
smackdown,2.04173794467e-06
smug,2.04173794467e-06
soprano,2.04173794467e-06
specialties,2.04173794467e-06
spectroscopy,2.04173794467e-06
spreadsheet,2.04173794467e-06
stagnant,2.04173794467e-06
startled,2.04173794467e-06
steaks,2.04173794467e-06
stephenson,2.04173794467e-06
streaks,2.04173794467e-06
strides,2.04173794467e-06
strung,2.04173794467e-06
summaries,2.04173794467e-06
tanning,2.04173794467e-06
tendon,2.04173794467e-06
thc,2.04173794467e-06
thine,2.04173794467e-06
timmy,2.04173794467e-06
tnt,2.04173794467e-06
toughness,2.04173794467e-06
tracey,2.04173794467e-06
tractors,2.04173794467e-06
turin,2.04173794467e-06
unanswered,2.04173794467e-06
unethical,2.04173794467e-06
uniting,2.04173794467e-06
unix,2.04173794467e-06
uptown,2.04173794467e-06
urinary,2.04173794467e-06
valiant,2.04173794467e-06
vigilante,2.04173794467e-06
viper,2.04173794467e-06
weekday,2.04173794467e-06
weirdest,2.04173794467e-06
westwood,2.04173794467e-06
whistles,2.04173794467e-06
whitehall,2.04173794467e-06
wilhelm,2.04173794467e-06
willard,2.04173794467e-06
woe,2.04173794467e-06
wrinkles,2.04173794467e-06
ws,2.04173794467e-06
abi,1.99526231497e-06
abstraction,1.99526231497e-06
adjunct,1.99526231497e-06
administering,1.99526231497e-06
admiring,1.99526231497e-06
ami,1.99526231497e-06
ascended,1.99526231497e-06
asean,1.99526231497e-06
aspiration,1.99526231497e-06
atkins,1.99526231497e-06
attentive,1.99526231497e-06
auntie,1.99526231497e-06
austen,1.99526231497e-06
awakened,1.99526231497e-06
ballpark,1.99526231497e-06
barbarians,1.99526231497e-06
beak,1.99526231497e-06
beige,1.99526231497e-06
bellamy,1.99526231497e-06
blasphemy,1.99526231497e-06
blinds,1.99526231497e-06
blinking,1.99526231497e-06
blueberry,1.99526231497e-06
boar,1.99526231497e-06
bosch,1.99526231497e-06
bran,1.99526231497e-06
breathes,1.99526231497e-06
bribes,1.99526231497e-06
brigadier,1.99526231497e-06
broaden,1.99526231497e-06
bubba,1.99526231497e-06
bulky,1.99526231497e-06
burdens,1.99526231497e-06
busch,1.99526231497e-06
cadets,1.99526231497e-06
calendars,1.99526231497e-06
camels,1.99526231497e-06
cameraman,1.99526231497e-06
carbohydrates,1.99526231497e-06
carnage,1.99526231497e-06
cavities,1.99526231497e-06
chateau,1.99526231497e-06
chavez,1.99526231497e-06
colleen,1.99526231497e-06
comedies,1.99526231497e-06
commended,1.99526231497e-06
commune,1.99526231497e-06
compiling,1.99526231497e-06
conclusive,1.99526231497e-06
conservatory,1.99526231497e-06
considerate,1.99526231497e-06
constance,1.99526231497e-06
constructions,1.99526231497e-06
coo,1.99526231497e-06
cryptocurrency,1.99526231497e-06
cultured,1.99526231497e-06
dans,1.99526231497e-06
daycare,1.99526231497e-06
debra,1.99526231497e-06
deductions,1.99526231497e-06
depressive,1.99526231497e-06
descendant,1.99526231497e-06
dips,1.99526231497e-06
disperse,1.99526231497e-06
disproportionately,1.99526231497e-06
dives,1.99526231497e-06
downed,1.99526231497e-06
ecommerce,1.99526231497e-06
emery,1.99526231497e-06
enrich,1.99526231497e-06
entrants,1.99526231497e-06
epidemiology,1.99526231497e-06
errands,1.99526231497e-06
esque,1.99526231497e-06
exaggeration,1.99526231497e-06
exhaustive,1.99526231497e-06
exponentially,1.99526231497e-06
exporters,1.99526231497e-06
externally,1.99526231497e-06
fanbase,1.99526231497e-06
fermentation,1.99526231497e-06
fiasco,1.99526231497e-06
fifteenth,1.99526231497e-06
flares,1.99526231497e-06
flo,1.99526231497e-06
flops,1.99526231497e-06
flores,1.99526231497e-06
footed,1.99526231497e-06
fright,1.99526231497e-06
fruitful,1.99526231497e-06
gall,1.99526231497e-06
gastric,1.99526231497e-06
gilded,1.99526231497e-06
goddard,1.99526231497e-06
hallelujah,1.99526231497e-06
hastily,1.99526231497e-06
haynes,1.99526231497e-06
headphone,1.99526231497e-06
heinrich,1.99526231497e-06
hemingway,1.99526231497e-06
horizontally,1.99526231497e-06
hubert,1.99526231497e-06
hurtful,1.99526231497e-06
illuminate,1.99526231497e-06
inaccessible,1.99526231497e-06
incur,1.99526231497e-06
inferno,1.99526231497e-06
introductions,1.99526231497e-06
inverness,1.99526231497e-06
isabelle,1.99526231497e-06
jog,1.99526231497e-06
jt,1.99526231497e-06
jug,1.99526231497e-06
kgb,1.99526231497e-06
kinder,1.99526231497e-06
knoxville,1.99526231497e-06
labrador,1.99526231497e-06
latte,1.99526231497e-06
leafy,1.99526231497e-06
lobe,1.99526231497e-06
loo,1.99526231497e-06
luiz,1.99526231497e-06
lyle,1.99526231497e-06
maga,1.99526231497e-06
maguire,1.99526231497e-06
margarita,1.99526231497e-06
masturbating,1.99526231497e-06
mcbride,1.99526231497e-06
meddling,1.99526231497e-06
nadia,1.99526231497e-06
nods,1.99526231497e-06
ofc,1.99526231497e-06
ollie,1.99526231497e-06
omission,1.99526231497e-06
orbits,1.99526231497e-06
orchid,1.99526231497e-06
overtake,1.99526231497e-06
paramedics,1.99526231497e-06
pax,1.99526231497e-06
peabody,1.99526231497e-06
peat,1.99526231497e-06
pedophile,1.99526231497e-06
peptide,1.99526231497e-06
perfected,1.99526231497e-06
periphery,1.99526231497e-06
perished,1.99526231497e-06
physicists,1.99526231497e-06
piggy,1.99526231497e-06
piling,1.99526231497e-06
polarized,1.99526231497e-06
portals,1.99526231497e-06
pov,1.99526231497e-06
predetermined,1.99526231497e-06
prelude,1.99526231497e-06
prepaid,1.99526231497e-06
priesthood,1.99526231497e-06
punishable,1.99526231497e-06
rahman,1.99526231497e-06
rao,1.99526231497e-06
ravi,1.99526231497e-06
reaper,1.99526231497e-06
reassure,1.99526231497e-06
redesigned,1.99526231497e-06
regiments,1.99526231497e-06
remnant,1.99526231497e-06
renders,1.99526231497e-06
rhys,1.99526231497e-06
rockstar,1.99526231497e-06
ros,1.99526231497e-06
rosenberg,1.99526231497e-06
rounder,1.99526231497e-06
sanford,1.99526231497e-06
satanic,1.99526231497e-06
sausages,1.99526231497e-06
scented,1.99526231497e-06
sclerosis,1.99526231497e-06
selfless,1.99526231497e-06
serenity,1.99526231497e-06
shading,1.99526231497e-06
shrug,1.99526231497e-06
sighting,1.99526231497e-06
singled,1.99526231497e-06
sipping,1.99526231497e-06
siri,1.99526231497e-06
sonar,1.99526231497e-06
spat,1.99526231497e-06
stabilization,1.99526231497e-06
stacking,1.99526231497e-06
starch,1.99526231497e-06
stony,1.99526231497e-06
stormed,1.99526231497e-06
subtly,1.99526231497e-06
superstars,1.99526231497e-06
surfer,1.99526231497e-06
taj,1.99526231497e-06
taper,1.99526231497e-06
teaspoon,1.99526231497e-06
templates,1.99526231497e-06
thorne,1.99526231497e-06
tightening,1.99526231497e-06
tlc,1.99526231497e-06
tolls,1.99526231497e-06
tos,1.99526231497e-06
totaling,1.99526231497e-06
toxin,1.99526231497e-06
trademarks,1.99526231497e-06
tudor,1.99526231497e-06
turk,1.99526231497e-06
typo,1.99526231497e-06
unequal,1.99526231497e-06
unresolved,1.99526231497e-06
unspecified,1.99526231497e-06
vacated,1.99526231497e-06
veg,1.99526231497e-06
venetian,1.99526231497e-06
vhs,1.99526231497e-06
waffle,1.99526231497e-06
wanda,1.99526231497e-06
warships,1.99526231497e-06
washes,1.99526231497e-06
wasps,1.99526231497e-06
welp,1.99526231497e-06
wha,1.99526231497e-06
winery,1.99526231497e-06
wm,1.99526231497e-06
writ,1.99526231497e-06
xiao,1.99526231497e-06
yamaha,1.99526231497e-06
zara,1.99526231497e-06
zipper,1.99526231497e-06
acclaim,1.94984459976e-06
aching,1.94984459976e-06
acquires,1.94984459976e-06
adversary,1.94984459976e-06
afflicted,1.94984459976e-06
airfield,1.94984459976e-06
akbar,1.94984459976e-06
alienated,1.94984459976e-06
angered,1.94984459976e-06
archers,1.94984459976e-06
arrays,1.94984459976e-06
ascertain,1.94984459976e-06
assam,1.94984459976e-06
audits,1.94984459976e-06
bargains,1.94984459976e-06
beards,1.94984459976e-06
believable,1.94984459976e-06
billboards,1.94984459976e-06
bitterly,1.94984459976e-06
bloodshed,1.94984459976e-06
boils,1.94984459976e-06
boko,1.94984459976e-06
breaths,1.94984459976e-06
brigades,1.94984459976e-06
bumping,1.94984459976e-06
burrows,1.94984459976e-06
cairns,1.94984459976e-06
caracas,1.94984459976e-06
cassie,1.94984459976e-06
cello,1.94984459976e-06
celsius,1.94984459976e-06
certifications,1.94984459976e-06
cesar,1.94984459976e-06
chai,1.94984459976e-06
chariot,1.94984459976e-06
cheddar,1.94984459976e-06
chilli,1.94984459976e-06
cholera,1.94984459976e-06
cio,1.94984459976e-06
clinch,1.94984459976e-06
clipped,1.94984459976e-06
collide,1.94984459976e-06
commemoration,1.94984459976e-06
commuting,1.94984459976e-06
complexion,1.94984459976e-06
compulsive,1.94984459976e-06
congenital,1.94984459976e-06
construed,1.94984459976e-06
consular,1.94984459976e-06
corrective,1.94984459976e-06
costello,1.94984459976e-06
coworker,1.94984459976e-06
crumble,1.94984459976e-06
crumbling,1.94984459976e-06
cultivating,1.94984459976e-06
dangling,1.94984459976e-06
daredevil,1.94984459976e-06
decentralized,1.94984459976e-06
dei,1.94984459976e-06
denominations,1.94984459976e-06
denote,1.94984459976e-06
detox,1.94984459976e-06
didn,1.94984459976e-06
differentiated,1.94984459976e-06
discrepancy,1.94984459976e-06
dishwasher,1.94984459976e-06
doctrines,1.94984459976e-06
doj,1.94984459976e-06
donaldson,1.94984459976e-06
doodle,1.94984459976e-06
dossier,1.94984459976e-06
draper,1.94984459976e-06
dunham,1.94984459976e-06
dyes,1.94984459976e-06
easton,1.94984459976e-06
eastwood,1.94984459976e-06
edna,1.94984459976e-06
electrodes,1.94984459976e-06
embryos,1.94984459976e-06
eradicate,1.94984459976e-06
excite,1.94984459976e-06
exporter,1.94984459976e-06
extortion,1.94984459976e-06
extracting,1.94984459976e-06
ey,1.94984459976e-06
fay,1.94984459976e-06
feral,1.94984459976e-06
flips,1.94984459976e-06
flourishing,1.94984459976e-06
footprints,1.94984459976e-06
forster,1.94984459976e-06
fortnite,1.94984459976e-06
fountains,1.94984459976e-06
frameworks,1.94984459976e-06
freezes,1.94984459976e-06
generously,1.94984459976e-06
godfrey,1.94984459976e-06
grange,1.94984459976e-06
greats,1.94984459976e-06
gui,1.94984459976e-06
hangar,1.94984459976e-06
hardworking,1.94984459976e-06
harms,1.94984459976e-06
hasty,1.94984459976e-06
hathaway,1.94984459976e-06
hdmi,1.94984459976e-06
hermes,1.94984459976e-06
hijacked,1.94984459976e-06
housekeeper,1.94984459976e-06
husky,1.94984459976e-06
idf,1.94984459976e-06
iggy,1.94984459976e-06
imitate,1.94984459976e-06
imperfections,1.94984459976e-06
improbable,1.94984459976e-06
impulses,1.94984459976e-06
incarcerated,1.94984459976e-06
ineligible,1.94984459976e-06
infusion,1.94984459976e-06
iu,1.94984459976e-06
jaguars,1.94984459976e-06
jeb,1.94984459976e-06
journalistic,1.94984459976e-06
julien,1.94984459976e-06
justifying,1.94984459976e-06
kapoor,1.94984459976e-06
kart,1.94984459976e-06
kelvin,1.94984459976e-06
keyword,1.94984459976e-06
kolkata,1.94984459976e-06
laborers,1.94984459976e-06
laced,1.94984459976e-06
lai,1.94984459976e-06
lemons,1.94984459976e-06
lincolnshire,1.94984459976e-06
lipid,1.94984459976e-06
looming,1.94984459976e-06
lordship,1.94984459976e-06
louisa,1.94984459976e-06
mahogany,1.94984459976e-06
malfunction,1.94984459976e-06
mana,1.94984459976e-06
manson,1.94984459976e-06
marin,1.94984459976e-06
markedly,1.94984459976e-06
marta,1.94984459976e-06
mccann,1.94984459976e-06
mckenna,1.94984459976e-06
mcqueen,1.94984459976e-06
mediator,1.94984459976e-06
mein,1.94984459976e-06
mentors,1.94984459976e-06
meow,1.94984459976e-06
mer,1.94984459976e-06
minions,1.94984459976e-06
mirage,1.94984459976e-06
mockery,1.94984459976e-06
modulation,1.94984459976e-06
motorists,1.94984459976e-06
mozambique,1.94984459976e-06
muller,1.94984459976e-06
narrated,1.94984459976e-06
narrower,1.94984459976e-06
navigating,1.94984459976e-06
navigator,1.94984459976e-06
nes,1.94984459976e-06
nightingale,1.94984459976e-06
nuke,1.94984459976e-06
occult,1.94984459976e-06
ocd,1.94984459976e-06
olympian,1.94984459976e-06
opting,1.94984459976e-06
osama,1.94984459976e-06
ovation,1.94984459976e-06
oversees,1.94984459976e-06
palaces,1.94984459976e-06
palin,1.94984459976e-06
parades,1.94984459976e-06
payback,1.94984459976e-06
pediatrics,1.94984459976e-06
perch,1.94984459976e-06
perpendicular,1.94984459976e-06
physique,1.94984459976e-06
pioneered,1.94984459976e-06
playbook,1.94984459976e-06
pleases,1.94984459976e-06
plywood,1.94984459976e-06
pollutants,1.94984459976e-06
ponies,1.94984459976e-06
pooh,1.94984459976e-06
ppp,1.94984459976e-06
prettiest,1.94984459976e-06
proficient,1.94984459976e-06
protagonists,1.94984459976e-06
pst,1.94984459976e-06
punctuation,1.94984459976e-06
purification,1.94984459976e-06
purported,1.94984459976e-06
qi,1.94984459976e-06
quotations,1.94984459976e-06
ramifications,1.94984459976e-06
readable,1.94984459976e-06
recourse,1.94984459976e-06
regimen,1.94984459976e-06
removable,1.94984459976e-06
repaid,1.94984459976e-06
responders,1.94984459976e-06
retires,1.94984459976e-06
retrospect,1.94984459976e-06
roundup,1.94984459976e-06
rowland,1.94984459976e-06
seinfeld,1.94984459976e-06
sensations,1.94984459976e-06
sequential,1.94984459976e-06
shafts,1.94984459976e-06
signifies,1.94984459976e-06
skates,1.94984459976e-06
smelly,1.94984459976e-06
solves,1.94984459976e-06
sorta,1.94984459976e-06
specialization,1.94984459976e-06
spiritually,1.94984459976e-06
sporadic,1.94984459976e-06
stationery,1.94984459976e-06
sudanese,1.94984459976e-06
sunscreen,1.94984459976e-06
sykes,1.94984459976e-06
tau,1.94984459976e-06
tempest,1.94984459976e-06
tending,1.94984459976e-06
terraces,1.94984459976e-06
thankyou,1.94984459976e-06
tightened,1.94984459976e-06
tights,1.94984459976e-06
tito,1.94984459976e-06
tobias,1.94984459976e-06
tofu,1.94984459976e-06
tragedies,1.94984459976e-06
transports,1.94984459976e-06
trenton,1.94984459976e-06
tripoli,1.94984459976e-06
truss,1.94984459976e-06
tubing,1.94984459976e-06
tuesdays,1.94984459976e-06
turnovers,1.94984459976e-06
twat,1.94984459976e-06
undue,1.94984459976e-06
unionist,1.94984459976e-06
unprotected,1.94984459976e-06
unsettling,1.94984459976e-06
upscale,1.94984459976e-06
vader,1.94984459976e-06
verde,1.94984459976e-06
viewpoints,1.94984459976e-06
vinci,1.94984459976e-06
vu,1.94984459976e-06
wacky,1.94984459976e-06
wealthiest,1.94984459976e-06
wearable,1.94984459976e-06
wilcox,1.94984459976e-06
wiltshire,1.94984459976e-06
wreckage,1.94984459976e-06
xml,1.94984459976e-06
yvonne,1.94984459976e-06
zeppelin,1.94984459976e-06
aches,1.90546071796e-06
adamant,1.90546071796e-06
airspace,1.90546071796e-06
alejandro,1.90546071796e-06
allotted,1.90546071796e-06
almonds,1.90546071796e-06
amplitude,1.90546071796e-06
analogue,1.90546071796e-06
annotated,1.90546071796e-06
anomalies,1.90546071796e-06
archival,1.90546071796e-06
ardent,1.90546071796e-06
arenas,1.90546071796e-06
assay,1.90546071796e-06
assigning,1.90546071796e-06
assorted,1.90546071796e-06
axel,1.90546071796e-06
badminton,1.90546071796e-06
barbarian,1.90546071796e-06
bedrock,1.90546071796e-06
bihar,1.90546071796e-06
bj,1.90546071796e-06
blaine,1.90546071796e-06
boardwalk,1.90546071796e-06
boasting,1.90546071796e-06
boldly,1.90546071796e-06
boomer,1.90546071796e-06
booths,1.90546071796e-06
brittle,1.90546071796e-06
budding,1.90546071796e-06
cena,1.90546071796e-06
charters,1.90546071796e-06
chatham,1.90546071796e-06
cheaply,1.90546071796e-06
chiang,1.90546071796e-06
choo,1.90546071796e-06
clair,1.90546071796e-06
climbers,1.90546071796e-06
clogged,1.90546071796e-06
cohesion,1.90546071796e-06
colo,1.90546071796e-06
compel,1.90546071796e-06
complexities,1.90546071796e-06
compromises,1.90546071796e-06
conduit,1.90546071796e-06
congregations,1.90546071796e-06
constraint,1.90546071796e-06
contradictions,1.90546071796e-06
conveyor,1.90546071796e-06
cpi,1.90546071796e-06
cramped,1.90546071796e-06
crates,1.90546071796e-06
crawled,1.90546071796e-06
culminating,1.90546071796e-06
cuomo,1.90546071796e-06
cutters,1.90546071796e-06
dae,1.90546071796e-06
dalai,1.90546071796e-06
darryl,1.90546071796e-06
dashed,1.90546071796e-06
decimal,1.90546071796e-06
defensively,1.90546071796e-06
defunct,1.90546071796e-06
degrade,1.90546071796e-06
demonstrators,1.90546071796e-06
denton,1.90546071796e-06
departures,1.90546071796e-06
diablo,1.90546071796e-06
differed,1.90546071796e-06
diffuse,1.90546071796e-06
dignified,1.90546071796e-06
disapproval,1.90546071796e-06
disobedience,1.90546071796e-06
dreamer,1.90546071796e-06
dune,1.90546071796e-06
dwellers,1.90546071796e-06
eb,1.90546071796e-06
ef,1.90546071796e-06
electronically,1.90546071796e-06
emancipation,1.90546071796e-06
entropy,1.90546071796e-06
epitome,1.90546071796e-06
esa,1.90546071796e-06
esteemed,1.90546071796e-06
ethernet,1.90546071796e-06
excused,1.90546071796e-06
extradition,1.90546071796e-06
eyesight,1.90546071796e-06
fide,1.90546071796e-06
finder,1.90546071796e-06
fishy,1.90546071796e-06
flooring,1.90546071796e-06
forearm,1.90546071796e-06
frail,1.90546071796e-06
fray,1.90546071796e-06
gathers,1.90546071796e-06
geelong,1.90546071796e-06
generational,1.90546071796e-06
glaze,1.90546071796e-06
goldfish,1.90546071796e-06
greenville,1.90546071796e-06
grizzly,1.90546071796e-06
grotesque,1.90546071796e-06
gunners,1.90546071796e-06
hallucinations,1.90546071796e-06
harass,1.90546071796e-06
hooded,1.90546071796e-06
horrid,1.90546071796e-06
huawei,1.90546071796e-06
hussain,1.90546071796e-06
hwy,1.90546071796e-06
impractical,1.90546071796e-06
indexed,1.90546071796e-06
insecurities,1.90546071796e-06
insta,1.90546071796e-06
interchangeable,1.90546071796e-06
interrupting,1.90546071796e-06
irreversible,1.90546071796e-06
jacked,1.90546071796e-06
jerks,1.90546071796e-06
joked,1.90546071796e-06
kaufman,1.90546071796e-06
kfc,1.90546071796e-06
lawless,1.90546071796e-06
leftists,1.90546071796e-06
legalized,1.90546071796e-06
leggings,1.90546071796e-06
legions,1.90546071796e-06
leveled,1.90546071796e-06
liza,1.90546071796e-06
locomotives,1.90546071796e-06
macau,1.90546071796e-06
manifested,1.90546071796e-06
marries,1.90546071796e-06
maynard,1.90546071796e-06
mayoral,1.90546071796e-06
medley,1.90546071796e-06
mercenaries,1.90546071796e-06
meyers,1.90546071796e-06
mh,1.90546071796e-06
minimalist,1.90546071796e-06
misled,1.90546071796e-06
msm,1.90546071796e-06
multiplied,1.90546071796e-06
narendra,1.90546071796e-06
objectively,1.90546071796e-06
orbiting,1.90546071796e-06
orchestrated,1.90546071796e-06
packard,1.90546071796e-06
pap,1.90546071796e-06
parisian,1.90546071796e-06
participates,1.90546071796e-06
phoned,1.90546071796e-06
plugin,1.90546071796e-06
polishing,1.90546071796e-06
polymers,1.90546071796e-06
pore,1.90546071796e-06
postcards,1.90546071796e-06
postgraduate,1.90546071796e-06
predicament,1.90546071796e-06
predominant,1.90546071796e-06
prem,1.90546071796e-06
proverbs,1.90546071796e-06
puke,1.90546071796e-06
puzzled,1.90546071796e-06
qu,1.90546071796e-06
quadrant,1.90546071796e-06
ramps,1.90546071796e-06
recital,1.90546071796e-06
recite,1.90546071796e-06
reckoning,1.90546071796e-06
recollection,1.90546071796e-06
reconstructed,1.90546071796e-06
refine,1.90546071796e-06
regents,1.90546071796e-06
reiterated,1.90546071796e-06
rem,1.90546071796e-06
resale,1.90546071796e-06
retake,1.90546071796e-06
rhine,1.90546071796e-06
rips,1.90546071796e-06
rj,1.90546071796e-06
robb,1.90546071796e-06
rodrigo,1.90546071796e-06
rosy,1.90546071796e-06
rupture,1.90546071796e-06
salted,1.90546071796e-06
scandalous,1.90546071796e-06
scot,1.90546071796e-06
seasoning,1.90546071796e-06
securely,1.90546071796e-06
shabby,1.90546071796e-06
showcased,1.90546071796e-06
sightings,1.90546071796e-06
sinus,1.90546071796e-06
situ,1.90546071796e-06
skid,1.90546071796e-06
solace,1.90546071796e-06
spanking,1.90546071796e-06
specialize,1.90546071796e-06
splinter,1.90546071796e-06
spoons,1.90546071796e-06
squats,1.90546071796e-06
squire,1.90546071796e-06
standout,1.90546071796e-06
stills,1.90546071796e-06
stoner,1.90546071796e-06
strengthens,1.90546071796e-06
stung,1.90546071796e-06
suppressing,1.90546071796e-06
swimsuit,1.90546071796e-06
symmetrical,1.90546071796e-06
tac,1.90546071796e-06
tacoma,1.90546071796e-06
tam,1.90546071796e-06
tenders,1.90546071796e-06
terminator,1.90546071796e-06
timers,1.90546071796e-06
tinker,1.90546071796e-06
topography,1.90546071796e-06
ua,1.90546071796e-06
unexplained,1.90546071796e-06
unintended,1.90546071796e-06
unmanned,1.90546071796e-06
uno,1.90546071796e-06
unsolved,1.90546071796e-06
unsuccessfully,1.90546071796e-06
uptake,1.90546071796e-06
vantage,1.90546071796e-06
ventured,1.90546071796e-06
versailles,1.90546071796e-06
virgins,1.90546071796e-06
waldo,1.90546071796e-06
waller,1.90546071796e-06
watchers,1.90546071796e-06
whim,1.90546071796e-06
whine,1.90546071796e-06
wil,1.90546071796e-06
withhold,1.90546071796e-06
worshipped,1.90546071796e-06
yee,1.90546071796e-06
yellowstone,1.90546071796e-06
ying,1.90546071796e-06
yosemite,1.90546071796e-06
zeal,1.90546071796e-06
abort,1.86208713666e-06
abound,1.86208713666e-06
adversely,1.86208713666e-06
afternoons,1.86208713666e-06
agendas,1.86208713666e-06
aidan,1.86208713666e-06
alfredo,1.86208713666e-06
amish,1.86208713666e-06
andersen,1.86208713666e-06
angled,1.86208713666e-06
antennas,1.86208713666e-06
assertions,1.86208713666e-06
astonished,1.86208713666e-06
audacity,1.86208713666e-06
banjo,1.86208713666e-06
barbaric,1.86208713666e-06
barbed,1.86208713666e-06
battled,1.86208713666e-06
beech,1.86208713666e-06
benchmarks,1.86208713666e-06
biz,1.86208713666e-06
blazer,1.86208713666e-06
blower,1.86208713666e-06
blurry,1.86208713666e-06
bravely,1.86208713666e-06
bret,1.86208713666e-06
breweries,1.86208713666e-06
bts,1.86208713666e-06
burmese,1.86208713666e-06
camped,1.86208713666e-06
cherries,1.86208713666e-06
chevron,1.86208713666e-06
cheyenne,1.86208713666e-06
clinicians,1.86208713666e-06
coercion,1.86208713666e-06
colombo,1.86208713666e-06
comma,1.86208713666e-06
competency,1.86208713666e-06
concerted,1.86208713666e-06
constructs,1.86208713666e-06
cont,1.86208713666e-06
convicts,1.86208713666e-06
cora,1.86208713666e-06
cornelius,1.86208713666e-06
cravings,1.86208713666e-06
crotch,1.86208713666e-06
crucified,1.86208713666e-06
customize,1.86208713666e-06
dai,1.86208713666e-06
dartmouth,1.86208713666e-06
dashing,1.86208713666e-06
departmental,1.86208713666e-06
deposed,1.86208713666e-06
devin,1.86208713666e-06
dharma,1.86208713666e-06
dialysis,1.86208713666e-06
disclosures,1.86208713666e-06
distal,1.86208713666e-06
ditched,1.86208713666e-06
divisional,1.86208713666e-06
dogma,1.86208713666e-06
doi,1.86208713666e-06
dupont,1.86208713666e-06
emory,1.86208713666e-06
emptiness,1.86208713666e-06
encompass,1.86208713666e-06
ensign,1.86208713666e-06
escalating,1.86208713666e-06
evoke,1.86208713666e-06
expansions,1.86208713666e-06
experimented,1.86208713666e-06
facilitates,1.86208713666e-06
faithfully,1.86208713666e-06
faq,1.86208713666e-06
fern,1.86208713666e-06
fingertips,1.86208713666e-06
firepower,1.86208713666e-06
fixation,1.86208713666e-06
flanked,1.86208713666e-06
flatter,1.86208713666e-06
flushed,1.86208713666e-06
formative,1.86208713666e-06
fret,1.86208713666e-06
frontiers,1.86208713666e-06
gastrointestinal,1.86208713666e-06
geeks,1.86208713666e-06
genders,1.86208713666e-06
grader,1.86208713666e-06
granger,1.86208713666e-06
grasses,1.86208713666e-06
gratification,1.86208713666e-06
gruesome,1.86208713666e-06
guineas,1.86208713666e-06
gw,1.86208713666e-06
harshly,1.86208713666e-06
hedges,1.86208713666e-06
heller,1.86208713666e-06
henrik,1.86208713666e-06
hezbollah,1.86208713666e-06
hinduism,1.86208713666e-06
hiroshima,1.86208713666e-06
hitchcock,1.86208713666e-06
hodge,1.86208713666e-06
holloway,1.86208713666e-06
huts,1.86208713666e-06
hydrated,1.86208713666e-06
imaginable,1.86208713666e-06
impetus,1.86208713666e-06
impulsive,1.86208713666e-06
incense,1.86208713666e-06
inhuman,1.86208713666e-06
injure,1.86208713666e-06
inserting,1.86208713666e-06
intersections,1.86208713666e-06
inventing,1.86208713666e-06
invoice,1.86208713666e-06
jb,1.86208713666e-06
johan,1.86208713666e-06
junkie,1.86208713666e-06
kelsey,1.86208713666e-06
khalid,1.86208713666e-06
kr,1.86208713666e-06
kristin,1.86208713666e-06
kun,1.86208713666e-06
lacey,1.86208713666e-06
lao,1.86208713666e-06
latent,1.86208713666e-06
lau,1.86208713666e-06
leans,1.86208713666e-06
leipzig,1.86208713666e-06
lenovo,1.86208713666e-06
lew,1.86208713666e-06
lexus,1.86208713666e-06
limitless,1.86208713666e-06
literate,1.86208713666e-06
lm,1.86208713666e-06
localization,1.86208713666e-06
loki,1.86208713666e-06
loretta,1.86208713666e-06
lowly,1.86208713666e-06
lucid,1.86208713666e-06
lymphoma,1.86208713666e-06
makin,1.86208713666e-06
martini,1.86208713666e-06
merciful,1.86208713666e-06
mgm,1.86208713666e-06
midget,1.86208713666e-06
midwife,1.86208713666e-06
minimizing,1.86208713666e-06
mira,1.86208713666e-06
misinformation,1.86208713666e-06
mitochondrial,1.86208713666e-06
mobilization,1.86208713666e-06
monologue,1.86208713666e-06
monoxide,1.86208713666e-06
mosul,1.86208713666e-06
musically,1.86208713666e-06
mutiny,1.86208713666e-06
nagging,1.86208713666e-06
nephews,1.86208713666e-06
nervously,1.86208713666e-06
nighttime,1.86208713666e-06
nonlinear,1.86208713666e-06
normalized,1.86208713666e-06
northumberland,1.86208713666e-06
numbering,1.86208713666e-06
oakley,1.86208713666e-06
odi,1.86208713666e-06
orr,1.86208713666e-06
outweigh,1.86208713666e-06
parasitic,1.86208713666e-06
parsley,1.86208713666e-06
pendulum,1.86208713666e-06
petit,1.86208713666e-06
petra,1.86208713666e-06
picket,1.86208713666e-06
placements,1.86208713666e-06
poignant,1.86208713666e-06
polio,1.86208713666e-06
potency,1.86208713666e-06
precarious,1.86208713666e-06
presley,1.86208713666e-06
pretext,1.86208713666e-06
privatization,1.86208713666e-06
proclaim,1.86208713666e-06
quaint,1.86208713666e-06
qualifiers,1.86208713666e-06
raccoon,1.86208713666e-06
raiding,1.86208713666e-06
rallied,1.86208713666e-06
reassurance,1.86208713666e-06
recovers,1.86208713666e-06
redistribution,1.86208713666e-06
remy,1.86208713666e-06
restrain,1.86208713666e-06
retreating,1.86208713666e-06
richly,1.86208713666e-06
rioting,1.86208713666e-06
rookies,1.86208713666e-06
sai,1.86208713666e-06
sanderson,1.86208713666e-06
saver,1.86208713666e-06
scarborough,1.86208713666e-06
scarred,1.86208713666e-06
secession,1.86208713666e-06
sectarian,1.86208713666e-06
seminal,1.86208713666e-06
serene,1.86208713666e-06
ses,1.86208713666e-06
seventies,1.86208713666e-06
shaded,1.86208713666e-06
sharpe,1.86208713666e-06
shipyard,1.86208713666e-06
shrek,1.86208713666e-06
sig,1.86208713666e-06
silica,1.86208713666e-06
simmer,1.86208713666e-06
smokey,1.86208713666e-06
snag,1.86208713666e-06
snuck,1.86208713666e-06
sob,1.86208713666e-06
socrates,1.86208713666e-06
sophistication,1.86208713666e-06
sourcing,1.86208713666e-06
str,1.86208713666e-06
straighten,1.86208713666e-06
streamlined,1.86208713666e-06
sweaters,1.86208713666e-06
syringe,1.86208713666e-06
tanaka,1.86208713666e-06
thinly,1.86208713666e-06
thursdays,1.86208713666e-06
timor,1.86208713666e-06
tinted,1.86208713666e-06
tornadoes,1.86208713666e-06
tote,1.86208713666e-06
trainees,1.86208713666e-06
transverse,1.86208713666e-06
trembling,1.86208713666e-06
triangles,1.86208713666e-06
tributes,1.86208713666e-06
trident,1.86208713666e-06
trojans,1.86208713666e-06
tweak,1.86208713666e-06
ubuntu,1.86208713666e-06
undead,1.86208713666e-06
unison,1.86208713666e-06
unlocking,1.86208713666e-06
unprepared,1.86208713666e-06
unrestricted,1.86208713666e-06
unsuitable,1.86208713666e-06
unthinkable,1.86208713666e-06
uplift,1.86208713666e-06
utilizes,1.86208713666e-06
vanderbilt,1.86208713666e-06
vanishing,1.86208713666e-06
venerable,1.86208713666e-06
visualize,1.86208713666e-06
vulcan,1.86208713666e-06
wasteful,1.86208713666e-06
waterfalls,1.86208713666e-06
wilkes,1.86208713666e-06
youngster,1.86208713666e-06
activating,1.81970085861e-06
adopts,1.81970085861e-06
adverts,1.81970085861e-06
advisable,1.81970085861e-06
algerian,1.81970085861e-06
angst,1.81970085861e-06
antiquities,1.81970085861e-06
apathy,1.81970085861e-06
arcs,1.81970085861e-06
artisan,1.81970085861e-06
assortment,1.81970085861e-06
attaching,1.81970085861e-06
auditing,1.81970085861e-06
bandwagon,1.81970085861e-06
bane,1.81970085861e-06
basins,1.81970085861e-06
bayer,1.81970085861e-06
bcs,1.81970085861e-06
billings,1.81970085861e-06
bios,1.81970085861e-06
birdie,1.81970085861e-06
bison,1.81970085861e-06
blacked,1.81970085861e-06
blacksmith,1.81970085861e-06
blanks,1.81970085861e-06
borg,1.81970085861e-06
brainwashed,1.81970085861e-06
brothel,1.81970085861e-06
burrito,1.81970085861e-06
bytes,1.81970085861e-06
calmed,1.81970085861e-06
camper,1.81970085861e-06
carole,1.81970085861e-06
cartilage,1.81970085861e-06
casket,1.81970085861e-06
charley,1.81970085861e-06
chattanooga,1.81970085861e-06
christchurch,1.81970085861e-06
claimants,1.81970085861e-06
cleanliness,1.81970085861e-06
clothed,1.81970085861e-06
coli,1.81970085861e-06
collided,1.81970085861e-06
commentaries,1.81970085861e-06
complicate,1.81970085861e-06
concerto,1.81970085861e-06
concurrently,1.81970085861e-06
contraception,1.81970085861e-06
convex,1.81970085861e-06
crouch,1.81970085861e-06
culmination,1.81970085861e-06
curing,1.81970085861e-06
dank,1.81970085861e-06
daphne,1.81970085861e-06
decomposition,1.81970085861e-06
dehydrated,1.81970085861e-06
democracies,1.81970085861e-06
detriment,1.81970085861e-06
dex,1.81970085861e-06
dhs,1.81970085861e-06
dialects,1.81970085861e-06
discretionary,1.81970085861e-06
dismal,1.81970085861e-06
dismay,1.81970085861e-06
disparate,1.81970085861e-06
dissemination,1.81970085861e-06
distilled,1.81970085861e-06
dodger,1.81970085861e-06
dolan,1.81970085861e-06
dolores,1.81970085861e-06
domestically,1.81970085861e-06
electors,1.81970085861e-06
electrician,1.81970085861e-06
elise,1.81970085861e-06
endorsements,1.81970085861e-06
equator,1.81970085861e-06
estuary,1.81970085861e-06
etched,1.81970085861e-06
eternally,1.81970085861e-06
ewing,1.81970085861e-06
excise,1.81970085861e-06
expel,1.81970085861e-06
exposures,1.81970085861e-06
facets,1.81970085861e-06
fad,1.81970085861e-06
fitch,1.81970085861e-06
fledged,1.81970085861e-06
fol,1.81970085861e-06
forcefully,1.81970085861e-06
foreground,1.81970085861e-06
frown,1.81970085861e-06
fruity,1.81970085861e-06
frustrations,1.81970085861e-06
fukushima,1.81970085861e-06
gals,1.81970085861e-06
germain,1.81970085861e-06
gertrude,1.81970085861e-06
gloucestershire,1.81970085861e-06
godly,1.81970085861e-06
golfers,1.81970085861e-06
graeme,1.81970085861e-06
groin,1.81970085861e-06
grounding,1.81970085861e-06
guangzhou,1.81970085861e-06
gunn,1.81970085861e-06
gunpowder,1.81970085861e-06
guthrie,1.81970085861e-06
guyana,1.81970085861e-06
hamper,1.81970085861e-06
haskell,1.81970085861e-06
hatched,1.81970085861e-06
helix,1.81970085861e-06
heroism,1.81970085861e-06
hierarchical,1.81970085861e-06
homie,1.81970085861e-06
hornets,1.81970085861e-06
hover,1.81970085861e-06
howling,1.81970085861e-06
humbled,1.81970085861e-06
icelandic,1.81970085861e-06
inducted,1.81970085861e-06
infidelity,1.81970085861e-06
internships,1.81970085861e-06
inventive,1.81970085861e-06
inversion,1.81970085861e-06
ips,1.81970085861e-06
kahn,1.81970085861e-06
keynes,1.81970085861e-06
khalifa,1.81970085861e-06
kinase,1.81970085861e-06
kirsten,1.81970085861e-06
knack,1.81970085861e-06
kodak,1.81970085861e-06
kool,1.81970085861e-06
kosher,1.81970085861e-06
lansing,1.81970085861e-06
lazarus,1.81970085861e-06
legalize,1.81970085861e-06
lehman,1.81970085861e-06
libby,1.81970085861e-06
librarians,1.81970085861e-06
licked,1.81970085861e-06
lillian,1.81970085861e-06
liquidation,1.81970085861e-06
longitude,1.81970085861e-06
lured,1.81970085861e-06
macho,1.81970085861e-06
maestro,1.81970085861e-06
magna,1.81970085861e-06
maneuvers,1.81970085861e-06
matilda,1.81970085861e-06
maxi,1.81970085861e-06
mcgill,1.81970085861e-06
mcgrath,1.81970085861e-06
meditate,1.81970085861e-06
mercenary,1.81970085861e-06
microscopy,1.81970085861e-06
missy,1.81970085861e-06
moi,1.81970085861e-06
morbid,1.81970085861e-06
motifs,1.81970085861e-06
multiplication,1.81970085861e-06
mysteriously,1.81970085861e-06
nadine,1.81970085861e-06
nav,1.81970085861e-06
nino,1.81970085861e-06
nonfiction,1.81970085861e-06
nouns,1.81970085861e-06
nuanced,1.81970085861e-06
occurrences,1.81970085861e-06
olympia,1.81970085861e-06
orb,1.81970085861e-06
orchestral,1.81970085861e-06
ordinarily,1.81970085861e-06
orthodoxy,1.81970085861e-06
outage,1.81970085861e-06
overcame,1.81970085861e-06
packer,1.81970085861e-06
paternal,1.81970085861e-06
pellets,1.81970085861e-06
pelvis,1.81970085861e-06
penetrated,1.81970085861e-06
pla,1.81970085861e-06
plz,1.81970085861e-06
polarization,1.81970085861e-06
potty,1.81970085861e-06
powering,1.81970085861e-06
preoccupied,1.81970085861e-06
projectile,1.81970085861e-06
protracted,1.81970085861e-06
prussian,1.81970085861e-06
psychiatrists,1.81970085861e-06
puddle,1.81970085861e-06
quay,1.81970085861e-06
railing,1.81970085861e-06
realist,1.81970085861e-06
receptionist,1.81970085861e-06
reckoned,1.81970085861e-06
recruiter,1.81970085861e-06
reforming,1.81970085861e-06
reload,1.81970085861e-06
remuneration,1.81970085861e-06
replicated,1.81970085861e-06
repressed,1.81970085861e-06
reputed,1.81970085861e-06
resigning,1.81970085861e-06
restraints,1.81970085861e-06
revoke,1.81970085861e-06
richness,1.81970085861e-06
riviera,1.81970085861e-06
sadie,1.81970085861e-06
scandinavia,1.81970085861e-06
scanners,1.81970085861e-06
secretive,1.81970085861e-06
sediments,1.81970085861e-06
serotonin,1.81970085861e-06
serviced,1.81970085861e-06
shorty,1.81970085861e-06
silky,1.81970085861e-06
sinatra,1.81970085861e-06
sirius,1.81970085861e-06
slaying,1.81970085861e-06
smallpox,1.81970085861e-06
snails,1.81970085861e-06
snoring,1.81970085861e-06
sociological,1.81970085861e-06
sorority,1.81970085861e-06
spd,1.81970085861e-06
sped,1.81970085861e-06
speechless,1.81970085861e-06
spores,1.81970085861e-06
spurred,1.81970085861e-06
stair,1.81970085861e-06
starship,1.81970085861e-06
stemming,1.81970085861e-06
strategist,1.81970085861e-06
sts,1.81970085861e-06
subaru,1.81970085861e-06
subdivisions,1.81970085861e-06
sunken,1.81970085861e-06
supremacist,1.81970085861e-06
tal,1.81970085861e-06
ter,1.81970085861e-06
toasted,1.81970085861e-06
tortoise,1.81970085861e-06
tragically,1.81970085861e-06
transitioning,1.81970085861e-06
translators,1.81970085861e-06
typewriter,1.81970085861e-06
understandably,1.81970085861e-06
undisputed,1.81970085861e-06
unprofessional,1.81970085861e-06
urdu,1.81970085861e-06
uri,1.81970085861e-06
veggie,1.81970085861e-06
veiled,1.81970085861e-06
visceral,1.81970085861e-06
vividly,1.81970085861e-06
wannabe,1.81970085861e-06
welded,1.81970085861e-06
whaling,1.81970085861e-06
wiggle,1.81970085861e-06
wolfgang,1.81970085861e-06
worldview,1.81970085861e-06
wrongdoing,1.81970085861e-06
zuckerberg,1.81970085861e-06
abusers,1.77827941004e-06
accommodating,1.77827941004e-06
additives,1.77827941004e-06
aggregation,1.77827941004e-06
ahem,1.77827941004e-06
albanian,1.77827941004e-06
alistair,1.77827941004e-06
alkaline,1.77827941004e-06
alum,1.77827941004e-06
antidote,1.77827941004e-06
anus,1.77827941004e-06
appalachian,1.77827941004e-06
archery,1.77827941004e-06
arterial,1.77827941004e-06
artisans,1.77827941004e-06
asparagus,1.77827941004e-06
athena,1.77827941004e-06
attest,1.77827941004e-06
attractiveness,1.77827941004e-06
auditors,1.77827941004e-06
auditory,1.77827941004e-06
avenge,1.77827941004e-06
aversion,1.77827941004e-06
awkwardly,1.77827941004e-06
badgers,1.77827941004e-06
balkans,1.77827941004e-06
ballard,1.77827941004e-06
balm,1.77827941004e-06
behaves,1.77827941004e-06
biennial,1.77827941004e-06
bikers,1.77827941004e-06
bologna,1.77827941004e-06
bolted,1.77827941004e-06
bona,1.77827941004e-06
bony,1.77827941004e-06
borrower,1.77827941004e-06
bridging,1.77827941004e-06
brighten,1.77827941004e-06
brood,1.77827941004e-06
budgeting,1.77827941004e-06
bulletproof,1.77827941004e-06
bundesliga,1.77827941004e-06
cambodian,1.77827941004e-06
campers,1.77827941004e-06
cassandra,1.77827941004e-06
ceases,1.77827941004e-06
cecilia,1.77827941004e-06
cemented,1.77827941004e-06
cessation,1.77827941004e-06
charlottesville,1.77827941004e-06
charlton,1.77827941004e-06
charmed,1.77827941004e-06
chemists,1.77827941004e-06
chemo,1.77827941004e-06
chipped,1.77827941004e-06
civ,1.77827941004e-06
colby,1.77827941004e-06
collagen,1.77827941004e-06
combating,1.77827941004e-06
commencing,1.77827941004e-06
commend,1.77827941004e-06
complied,1.77827941004e-06
contemplated,1.77827941004e-06
cricketer,1.77827941004e-06
crimean,1.77827941004e-06
crochet,1.77827941004e-06
cruisers,1.77827941004e-06
csi,1.77827941004e-06
customization,1.77827941004e-06
cypress,1.77827941004e-06
dal,1.77827941004e-06
dandy,1.77827941004e-06
dependable,1.77827941004e-06
deteriorating,1.77827941004e-06
dickhead,1.77827941004e-06
disagrees,1.77827941004e-06
donny,1.77827941004e-06
downey,1.77827941004e-06
dresden,1.77827941004e-06
dw,1.77827941004e-06
eased,1.77827941004e-06
easing,1.77827941004e-06
eid,1.77827941004e-06
elevations,1.77827941004e-06
emeritus,1.77827941004e-06
emigration,1.77827941004e-06
emit,1.77827941004e-06
enthusiastically,1.77827941004e-06
excavated,1.77827941004e-06
excavations,1.77827941004e-06
excursions,1.77827941004e-06
extant,1.77827941004e-06
ezekiel,1.77827941004e-06
farmed,1.77827941004e-06
fathom,1.77827941004e-06
fiancee,1.77827941004e-06
fictitious,1.77827941004e-06
firsthand,1.77827941004e-06
fitzpatrick,1.77827941004e-06
flashy,1.77827941004e-06
floppy,1.77827941004e-06
fluoride,1.77827941004e-06
frat,1.77827941004e-06
gardeners,1.77827941004e-06
geologic,1.77827941004e-06
giggling,1.77827941004e-06
gillespie,1.77827941004e-06
gmo,1.77827941004e-06
goldstein,1.77827941004e-06
gospels,1.77827941004e-06
gowns,1.77827941004e-06
grasping,1.77827941004e-06
greenberg,1.77827941004e-06
grooves,1.77827941004e-06
guam,1.77827941004e-06
guantanamo,1.77827941004e-06
guideline,1.77827941004e-06
hadley,1.77827941004e-06
hawthorne,1.77827941004e-06
headmaster,1.77827941004e-06
heartland,1.77827941004e-06
hedgehog,1.77827941004e-06
hehe,1.77827941004e-06
heinous,1.77827941004e-06
hens,1.77827941004e-06
hoe,1.77827941004e-06
hulu,1.77827941004e-06
hypnosis,1.77827941004e-06
iain,1.77827941004e-06
icu,1.77827941004e-06
immersive,1.77827941004e-06
impeccable,1.77827941004e-06
inbound,1.77827941004e-06
inconsistencies,1.77827941004e-06
inference,1.77827941004e-06
infiltrate,1.77827941004e-06
inflatable,1.77827941004e-06
ingrid,1.77827941004e-06
inhale,1.77827941004e-06
instinctively,1.77827941004e-06
interconnected,1.77827941004e-06
intolerant,1.77827941004e-06
isp,1.77827941004e-06
jellyfish,1.77827941004e-06
jimi,1.77827941004e-06
judo,1.77827941004e-06
karnataka,1.77827941004e-06
keane,1.77827941004e-06
keating,1.77827941004e-06
kev,1.77827941004e-06
kilos,1.77827941004e-06
kurdistan,1.77827941004e-06
lament,1.77827941004e-06
leach,1.77827941004e-06
lefty,1.77827941004e-06
legislatures,1.77827941004e-06
lsd,1.77827941004e-06
luigi,1.77827941004e-06
mabel,1.77827941004e-06
mach,1.77827941004e-06
maddie,1.77827941004e-06
maids,1.77827941004e-06
malpractice,1.77827941004e-06
manipulative,1.77827941004e-06
marginally,1.77827941004e-06
marjorie,1.77827941004e-06
mathews,1.77827941004e-06
maxine,1.77827941004e-06
mayweather,1.77827941004e-06
melinda,1.77827941004e-06
memberships,1.77827941004e-06
microbiology,1.77827941004e-06
migrating,1.77827941004e-06
modelled,1.77827941004e-06
modernity,1.77827941004e-06
motherfuckers,1.77827941004e-06
namibia,1.77827941004e-06
narrowing,1.77827941004e-06
navajo,1.77827941004e-06
nectar,1.77827941004e-06
neighbourhoods,1.77827941004e-06
nitrate,1.77827941004e-06
nvidia,1.77827941004e-06
oft,1.77827941004e-06
olympus,1.77827941004e-06
oversaw,1.77827941004e-06
pastel,1.77827941004e-06
patterned,1.77827941004e-06
payoff,1.77827941004e-06
perpetrated,1.77827941004e-06
pessimistic,1.77827941004e-06
pesticide,1.77827941004e-06
phosphorus,1.77827941004e-06
platter,1.77827941004e-06
pounded,1.77827941004e-06
preachers,1.77827941004e-06
premieres,1.77827941004e-06
prod,1.77827941004e-06
prodigy,1.77827941004e-06
prosecutions,1.77827941004e-06
prototypes,1.77827941004e-06
psychotherapy,1.77827941004e-06
pundits,1.77827941004e-06
quilt,1.77827941004e-06
radcliffe,1.77827941004e-06
rai,1.77827941004e-06
rama,1.77827941004e-06
rapping,1.77827941004e-06
realtor,1.77827941004e-06
rees,1.77827941004e-06
refreshed,1.77827941004e-06
regency,1.77827941004e-06
reptile,1.77827941004e-06
rescues,1.77827941004e-06
residues,1.77827941004e-06
revisited,1.77827941004e-06
robyn,1.77827941004e-06
rowling,1.77827941004e-06
sag,1.77827941004e-06
sama,1.77827941004e-06
sauna,1.77827941004e-06
scaring,1.77827941004e-06
scrum,1.77827941004e-06
seasonally,1.77827941004e-06
selena,1.77827941004e-06
sem,1.77827941004e-06
shan,1.77827941004e-06
sharper,1.77827941004e-06
shen,1.77827941004e-06
showcases,1.77827941004e-06
slade,1.77827941004e-06
sluggish,1.77827941004e-06
slum,1.77827941004e-06
smoothie,1.77827941004e-06
snare,1.77827941004e-06
snipers,1.77827941004e-06
snowflake,1.77827941004e-06
sod,1.77827941004e-06
spectra,1.77827941004e-06
spines,1.77827941004e-06
spoiling,1.77827941004e-06
ssr,1.77827941004e-06
stag,1.77827941004e-06
stomp,1.77827941004e-06
strangest,1.77827941004e-06
strata,1.77827941004e-06
straws,1.77827941004e-06
studded,1.77827941004e-06
submissive,1.77827941004e-06
subsection,1.77827941004e-06
suede,1.77827941004e-06
summertime,1.77827941004e-06
sundance,1.77827941004e-06
swedes,1.77827941004e-06
sylvester,1.77827941004e-06
tabloid,1.77827941004e-06
taft,1.77827941004e-06
taurus,1.77827941004e-06
teal,1.77827941004e-06
thorns,1.77827941004e-06
throwback,1.77827941004e-06
thunderstorm,1.77827941004e-06
tiers,1.77827941004e-06
timid,1.77827941004e-06
towering,1.77827941004e-06
tracts,1.77827941004e-06
triathlon,1.77827941004e-06
trickle,1.77827941004e-06
troupe,1.77827941004e-06
tsp,1.77827941004e-06
tweed,1.77827941004e-06
ultimatum,1.77827941004e-06
uncut,1.77827941004e-06
uninterrupted,1.77827941004e-06
vettel,1.77827941004e-06
webinar,1.77827941004e-06
weekdays,1.77827941004e-06
weinstein,1.77827941004e-06
widen,1.77827941004e-06
widest,1.77827941004e-06
wigs,1.77827941004e-06
workin,1.77827941004e-06
wrestlemania,1.77827941004e-06
xmas,1.77827941004e-06
yachts,1.77827941004e-06
yelp,1.77827941004e-06
yoon,1.77827941004e-06
abt,1.73780082875e-06
aclu,1.73780082875e-06
affirmation,1.73780082875e-06
amassed,1.73780082875e-06
amherst,1.73780082875e-06
annette,1.73780082875e-06
aol,1.73780082875e-06
apc,1.73780082875e-06
apiece,1.73780082875e-06
appalled,1.73780082875e-06
appreciative,1.73780082875e-06
arched,1.73780082875e-06
archibald,1.73780082875e-06
ascend,1.73780082875e-06
bandage,1.73780082875e-06
bas,1.73780082875e-06
belize,1.73780082875e-06
biologists,1.73780082875e-06
bittersweet,1.73780082875e-06
blight,1.73780082875e-06
botswana,1.73780082875e-06
braid,1.73780082875e-06
branching,1.73780082875e-06
brewster,1.73780082875e-06
bulge,1.73780082875e-06
byrd,1.73780082875e-06
cabaret,1.73780082875e-06
camilla,1.73780082875e-06
caregivers,1.73780082875e-06
carmichael,1.73780082875e-06
catheter,1.73780082875e-06
centimeters,1.73780082875e-06
chemically,1.73780082875e-06
chewed,1.73780082875e-06
cinematography,1.73780082875e-06
cleans,1.73780082875e-06
coincidentally,1.73780082875e-06
collingwood,1.73780082875e-06
commandant,1.73780082875e-06
compartments,1.73780082875e-06
conducive,1.73780082875e-06
confines,1.73780082875e-06
cong,1.73780082875e-06
conscientious,1.73780082875e-06
consensual,1.73780082875e-06
consumes,1.73780082875e-06
contrasted,1.73780082875e-06
cpa,1.73780082875e-06
critiques,1.73780082875e-06
crystalline,1.73780082875e-06
cuffs,1.73780082875e-06
cyanide,1.73780082875e-06
deadpool,1.73780082875e-06
deceit,1.73780082875e-06
delusions,1.73780082875e-06
denounce,1.73780082875e-06
derogatory,1.73780082875e-06
diagnoses,1.73780082875e-06
discriminated,1.73780082875e-06
dismantle,1.73780082875e-06
dismantling,1.73780082875e-06
disrupting,1.73780082875e-06
dmv,1.73780082875e-06
dns,1.73780082875e-06
drags,1.73780082875e-06
drugged,1.73780082875e-06
durban,1.73780082875e-06
dx,1.73780082875e-06
eachother,1.73780082875e-06
eastward,1.73780082875e-06
elisabeth,1.73780082875e-06
emanuel,1.73780082875e-06
embroidery,1.73780082875e-06
emo,1.73780082875e-06
endorsing,1.73780082875e-06
enigma,1.73780082875e-06
equivalents,1.73780082875e-06
erdogan,1.73780082875e-06
estranged,1.73780082875e-06
euphoria,1.73780082875e-06
ez,1.73780082875e-06
fahrenheit,1.73780082875e-06
feelin,1.73780082875e-06
firewall,1.73780082875e-06
flattered,1.73780082875e-06
fluorescence,1.73780082875e-06
fonts,1.73780082875e-06
forceful,1.73780082875e-06
forte,1.73780082875e-06
fours,1.73780082875e-06
frowned,1.73780082875e-06
gaelic,1.73780082875e-06
galveston,1.73780082875e-06
gangsters,1.73780082875e-06
gardiner,1.73780082875e-06
gibbons,1.73780082875e-06
giorgio,1.73780082875e-06
gladstone,1.73780082875e-06
gladys,1.73780082875e-06
gmbh,1.73780082875e-06
gogh,1.73780082875e-06
gracie,1.73780082875e-06
grassy,1.73780082875e-06
greener,1.73780082875e-06
greer,1.73780082875e-06
greta,1.73780082875e-06
hanger,1.73780082875e-06
hawking,1.73780082875e-06
hem,1.73780082875e-06
hitman,1.73780082875e-06
hitters,1.73780082875e-06
hobbs,1.73780082875e-06
housekeeping,1.73780082875e-06
hua,1.73780082875e-06
ifs,1.73780082875e-06
impacting,1.73780082875e-06
inequalities,1.73780082875e-06
infiltration,1.73780082875e-06
insidious,1.73780082875e-06
intimately,1.73780082875e-06
ioc,1.73780082875e-06
issa,1.73780082875e-06
jargon,1.73780082875e-06
joon,1.73780082875e-06
kayak,1.73780082875e-06
khaled,1.73780082875e-06
kilograms,1.73780082875e-06
kneel,1.73780082875e-06
knowles,1.73780082875e-06
ladders,1.73780082875e-06
lakh,1.73780082875e-06
leakage,1.73780082875e-06
liberate,1.73780082875e-06
lizards,1.73780082875e-06
loc,1.73780082875e-06
logistical,1.73780082875e-06
loophole,1.73780082875e-06
luminous,1.73780082875e-06
mah,1.73780082875e-06
malnutrition,1.73780082875e-06
maori,1.73780082875e-06
marlins,1.73780082875e-06
marseille,1.73780082875e-06
marshals,1.73780082875e-06
masterpieces,1.73780082875e-06
mathematician,1.73780082875e-06
mayonnaise,1.73780082875e-06
mccall,1.73780082875e-06
mcdonnell,1.73780082875e-06
mcdowell,1.73780082875e-06
meghan,1.73780082875e-06
melodic,1.73780082875e-06
memorials,1.73780082875e-06
mendoza,1.73780082875e-06
meticulous,1.73780082875e-06
michelin,1.73780082875e-06
modesty,1.73780082875e-06
motherfucking,1.73780082875e-06
moustache,1.73780082875e-06
mubarak,1.73780082875e-06
muffins,1.73780082875e-06
mugs,1.73780082875e-06
naw,1.73780082875e-06
netting,1.73780082875e-06
nevermind,1.73780082875e-06
nf,1.73780082875e-06
nigh,1.73780082875e-06
nocturnal,1.73780082875e-06
nozzle,1.73780082875e-06
nudes,1.73780082875e-06
offside,1.73780082875e-06
orgy,1.73780082875e-06
orton,1.73780082875e-06
overlay,1.73780082875e-06
paleo,1.73780082875e-06
paralympic,1.73780082875e-06
pastures,1.73780082875e-06
paternity,1.73780082875e-06
patriarchal,1.73780082875e-06
peeing,1.73780082875e-06
peeling,1.73780082875e-06
perched,1.73780082875e-06
pitiful,1.73780082875e-06
plethora,1.73780082875e-06
plutonium,1.73780082875e-06
powerpoint,1.73780082875e-06
prerequisite,1.73780082875e-06
psychosis,1.73780082875e-06
quantify,1.73780082875e-06
rabies,1.73780082875e-06
rallying,1.73780082875e-06
rations,1.73780082875e-06
raul,1.73780082875e-06
recon,1.73780082875e-06
recount,1.73780082875e-06
rectangle,1.73780082875e-06
recurrent,1.73780082875e-06
refill,1.73780082875e-06
reflexes,1.73780082875e-06
reinforces,1.73780082875e-06
religiously,1.73780082875e-06
relive,1.73780082875e-06
renewing,1.73780082875e-06
reopening,1.73780082875e-06
requisite,1.73780082875e-06
responsibly,1.73780082875e-06
resurrected,1.73780082875e-06
reuben,1.73780082875e-06
revolve,1.73780082875e-06
rewind,1.73780082875e-06
rightfully,1.73780082875e-06
rigs,1.73780082875e-06
ripley,1.73780082875e-06
ritz,1.73780082875e-06
rolf,1.73780082875e-06
rubs,1.73780082875e-06
russo,1.73780082875e-06
saddened,1.73780082875e-06
saddest,1.73780082875e-06
secluded,1.73780082875e-06
seduce,1.73780082875e-06
semifinal,1.73780082875e-06
sens,1.73780082875e-06
shadowy,1.73780082875e-06
shun,1.73780082875e-06
sidekick,1.73780082875e-06
skewed,1.73780082875e-06
snl,1.73780082875e-06
softened,1.73780082875e-06
soros,1.73780082875e-06
spartans,1.73780082875e-06
specifies,1.73780082875e-06
spectre,1.73780082875e-06
sprinkled,1.73780082875e-06
stallion,1.73780082875e-06
stepfather,1.73780082875e-06
strangled,1.73780082875e-06
susie,1.73780082875e-06
sven,1.73780082875e-06
syllables,1.73780082875e-06
synthesized,1.73780082875e-06
tak,1.73780082875e-06
tapestry,1.73780082875e-06
taping,1.73780082875e-06
tenderness,1.73780082875e-06
terrier,1.73780082875e-06
tester,1.73780082875e-06
thirties,1.73780082875e-06
thistle,1.73780082875e-06
thumbnail,1.73780082875e-06
tickle,1.73780082875e-06
titties,1.73780082875e-06
toro,1.73780082875e-06
tpp,1.73780082875e-06
trays,1.73780082875e-06
tubular,1.73780082875e-06
tue,1.73780082875e-06
tumbling,1.73780082875e-06
turkeys,1.73780082875e-06
underside,1.73780082875e-06
uneducated,1.73780082875e-06
unload,1.73780082875e-06
unloading,1.73780082875e-06
unmarked,1.73780082875e-06
unreleased,1.73780082875e-06
upkeep,1.73780082875e-06
urn,1.73780082875e-06
viagra,1.73780082875e-06
vigil,1.73780082875e-06
voicing,1.73780082875e-06
volley,1.73780082875e-06
voyages,1.73780082875e-06
waive,1.73780082875e-06
wallis,1.73780082875e-06
warmly,1.73780082875e-06
watergate,1.73780082875e-06
wavy,1.73780082875e-06
wednesdays,1.73780082875e-06
weibo,1.73780082875e-06
wendell,1.73780082875e-06
wept,1.73780082875e-06
whew,1.73780082875e-06
whirlwind,1.73780082875e-06
whitaker,1.73780082875e-06
wilbur,1.73780082875e-06
wildest,1.73780082875e-06
winnings,1.73780082875e-06
wis,1.73780082875e-06
woodlands,1.73780082875e-06
yearning,1.73780082875e-06
accomplishing,1.69824365246e-06
accumulating,1.69824365246e-06
affleck,1.69824365246e-06
alain,1.69824365246e-06
andrei,1.69824365246e-06
annapolis,1.69824365246e-06
annum,1.69824365246e-06
appreciating,1.69824365246e-06
aristocratic,1.69824365246e-06
aroma,1.69824365246e-06
arsenic,1.69824365246e-06
assigns,1.69824365246e-06
assures,1.69824365246e-06
astro,1.69824365246e-06
asus,1.69824365246e-06
aziz,1.69824365246e-06
backers,1.69824365246e-06
bain,1.69824365246e-06
barclays,1.69824365246e-06
basing,1.69824365246e-06
batches,1.69824365246e-06
beggars,1.69824365246e-06
bestselling,1.69824365246e-06
biographies,1.69824365246e-06
biologically,1.69824365246e-06
bowled,1.69824365246e-06
bubbling,1.69824365246e-06
budge,1.69824365246e-06
bw,1.69824365246e-06
calhoun,1.69824365246e-06
ccp,1.69824365246e-06
chaplin,1.69824365246e-06
cheater,1.69824365246e-06
cheeses,1.69824365246e-06
clegg,1.69824365246e-06
cloning,1.69824365246e-06
clout,1.69824365246e-06
cochran,1.69824365246e-06
comical,1.69824365246e-06
commemorative,1.69824365246e-06
confederacy,1.69824365246e-06
converge,1.69824365246e-06
copeland,1.69824365246e-06
corny,1.69824365246e-06
countrymen,1.69824365246e-06
crucible,1.69824365246e-06
cryptic,1.69824365246e-06
culminated,1.69824365246e-06
curses,1.69824365246e-06
darth,1.69824365246e-06
deb,1.69824365246e-06
declarations,1.69824365246e-06
deities,1.69824365246e-06
deletion,1.69824365246e-06
diligent,1.69824365246e-06
discern,1.69824365246e-06
dislikes,1.69824365246e-06
domino,1.69824365246e-06
donnelly,1.69824365246e-06
downgrade,1.69824365246e-06
dreamy,1.69824365246e-06
drenched,1.69824365246e-06
droid,1.69824365246e-06
dukes,1.69824365246e-06
dummies,1.69824365246e-06
dunbar,1.69824365246e-06
dung,1.69824365246e-06
dyson,1.69824365246e-06
earners,1.69824365246e-06
eel,1.69824365246e-06
eiffel,1.69824365246e-06
embryonic,1.69824365246e-06
emoji,1.69824365246e-06
encountering,1.69824365246e-06
endanger,1.69824365246e-06
eos,1.69824365246e-06
equities,1.69824365246e-06
fakes,1.69824365246e-06
fanatic,1.69824365246e-06
fav,1.69824365246e-06
feats,1.69824365246e-06
filmmaking,1.69824365246e-06
firmware,1.69824365246e-06
formulate,1.69824365246e-06
forts,1.69824365246e-06
fragmentation,1.69824365246e-06
franks,1.69824365246e-06
frederic,1.69824365246e-06
ftc,1.69824365246e-06
gated,1.69824365246e-06
girly,1.69824365246e-06
glam,1.69824365246e-06
glorified,1.69824365246e-06
goth,1.69824365246e-06
gracefully,1.69824365246e-06
gubernatorial,1.69824365246e-06
gunmen,1.69824365246e-06
hahahaha,1.69824365246e-06
hawthorn,1.69824365246e-06
healy,1.69824365246e-06
hermann,1.69824365246e-06
herr,1.69824365246e-06
hf,1.69824365246e-06
hg,1.69824365246e-06
hoard,1.69824365246e-06
horde,1.69824365246e-06
humming,1.69824365246e-06
ignited,1.69824365246e-06
imdb,1.69824365246e-06
imp,1.69824365246e-06
implicitly,1.69824365246e-06
inconsistency,1.69824365246e-06
ingenuity,1.69824365246e-06
injecting,1.69824365246e-06
inorganic,1.69824365246e-06
intestine,1.69824365246e-06
isolating,1.69824365246e-06
itinerary,1.69824365246e-06
juggling,1.69824365246e-06
justifies,1.69824365246e-06
kkk,1.69824365246e-06
koran,1.69824365246e-06
lacy,1.69824365246e-06
lair,1.69824365246e-06
lamborghini,1.69824365246e-06
lambs,1.69824365246e-06
leaping,1.69824365246e-06
liberating,1.69824365246e-06
lifeless,1.69824365246e-06
lifeline,1.69824365246e-06
lobbyists,1.69824365246e-06
looms,1.69824365246e-06
lotto,1.69824365246e-06
lovable,1.69824365246e-06
luka,1.69824365246e-06
lukas,1.69824365246e-06
lyndon,1.69824365246e-06
lynne,1.69824365246e-06
macarthur,1.69824365246e-06
mam,1.69824365246e-06
mani,1.69824365246e-06
mari,1.69824365246e-06
marino,1.69824365246e-06
mateo,1.69824365246e-06
messes,1.69824365246e-06
metaphors,1.69824365246e-06
miliband,1.69824365246e-06
molded,1.69824365246e-06
moot,1.69824365246e-06
mortimer,1.69824365246e-06
msc,1.69824365246e-06
musicals,1.69824365246e-06
myles,1.69824365246e-06
nebula,1.69824365246e-06
neurology,1.69824365246e-06
newt,1.69824365246e-06
nguyen,1.69824365246e-06
nietzsche,1.69824365246e-06
nitro,1.69824365246e-06
noaa,1.69824365246e-06
norse,1.69824365246e-06
notebooks,1.69824365246e-06
nyt,1.69824365246e-06
odin,1.69824365246e-06
oj,1.69824365246e-06
ost,1.69824365246e-06
overflowing,1.69824365246e-06
overland,1.69824365246e-06
overshadowed,1.69824365246e-06
pantry,1.69824365246e-06
paraguay,1.69824365246e-06
parchment,1.69824365246e-06
partake,1.69824365246e-06
pedals,1.69824365246e-06
pesos,1.69824365246e-06
peterborough,1.69824365246e-06
philosophies,1.69824365246e-06
pj,1.69824365246e-06
plagiarism,1.69824365246e-06
poked,1.69824365246e-06
polk,1.69824365246e-06
pollard,1.69824365246e-06
polled,1.69824365246e-06
pollock,1.69824365246e-06
prefix,1.69824365246e-06
proctor,1.69824365246e-06
prologue,1.69824365246e-06
proto,1.69824365246e-06
psp,1.69824365246e-06
pueblo,1.69824365246e-06
pulpit,1.69824365246e-06
puncture,1.69824365246e-06
pussies,1.69824365246e-06
qa,1.69824365246e-06
recounts,1.69824365246e-06
redhead,1.69824365246e-06
relational,1.69824365246e-06
remastered,1.69824365246e-06
renegade,1.69824365246e-06
resorted,1.69824365246e-06
ripper,1.69824365246e-06
robson,1.69824365246e-06
roofing,1.69824365246e-06
rotational,1.69824365246e-06
rudd,1.69824365246e-06
ryu,1.69824365246e-06
safeguarding,1.69824365246e-06
sash,1.69824365246e-06
scrambling,1.69824365246e-06
scully,1.69824365246e-06
seductive,1.69824365246e-06
sega,1.69824365246e-06
segmentation,1.69824365246e-06
sergey,1.69824365246e-06
shaker,1.69824365246e-06
shielding,1.69824365246e-06
shone,1.69824365246e-06
sissy,1.69824365246e-06
sizeable,1.69824365246e-06
sled,1.69824365246e-06
sloane,1.69824365246e-06
sludge,1.69824365246e-06
sniffing,1.69824365246e-06
sorrows,1.69824365246e-06
spamming,1.69824365246e-06
speedway,1.69824365246e-06
spiked,1.69824365246e-06
spongebob,1.69824365246e-06
sprouts,1.69824365246e-06
staffers,1.69824365246e-06
staffs,1.69824365246e-06
stiles,1.69824365246e-06
stretcher,1.69824365246e-06
stricter,1.69824365246e-06
subtitle,1.69824365246e-06
summarize,1.69824365246e-06
sympathies,1.69824365246e-06
taker,1.69824365246e-06
telescopes,1.69824365246e-06
tess,1.69824365246e-06
threaded,1.69824365246e-06
tong,1.69824365246e-06
torturing,1.69824365246e-06
townships,1.69824365246e-06
transplantation,1.69824365246e-06
triad,1.69824365246e-06
trimming,1.69824365246e-06
truthfully,1.69824365246e-06
unfounded,1.69824365246e-06
unicef,1.69824365246e-06
unimportant,1.69824365246e-06
uninsured,1.69824365246e-06
untitled,1.69824365246e-06
uw,1.69824365246e-06
uzbekistan,1.69824365246e-06
valor,1.69824365246e-06
vape,1.69824365246e-06
vernacular,1.69824365246e-06
virtuous,1.69824365246e-06
vox,1.69824365246e-06
vulnerabilities,1.69824365246e-06
waffles,1.69824365246e-06
waiters,1.69824365246e-06
waivers,1.69824365246e-06
warcraft,1.69824365246e-06
watercolor,1.69824365246e-06
wight,1.69824365246e-06
wolff,1.69824365246e-06
worded,1.69824365246e-06
wto,1.69824365246e-06
abrasive,1.65958690744e-06
accompaniment,1.65958690744e-06
accomplice,1.65958690744e-06
adoptive,1.65958690744e-06
ailments,1.65958690744e-06
alphabetical,1.65958690744e-06
alternately,1.65958690744e-06
analysing,1.65958690744e-06
annihilation,1.65958690744e-06
arbitrarily,1.65958690744e-06
armistice,1.65958690744e-06
armory,1.65958690744e-06
ars,1.65958690744e-06
att,1.65958690744e-06
auspices,1.65958690744e-06
awakens,1.65958690744e-06
bathe,1.65958690744e-06
beheaded,1.65958690744e-06
bellevue,1.65958690744e-06
bloomington,1.65958690744e-06
boasted,1.65958690744e-06
boroughs,1.65958690744e-06
breathed,1.65958690744e-06
brodie,1.65958690744e-06
calamity,1.65958690744e-06
carbonate,1.65958690744e-06
carlyle,1.65958690744e-06
carmel,1.65958690744e-06
catalytic,1.65958690744e-06
cemeteries,1.65958690744e-06
ceylon,1.65958690744e-06
chases,1.65958690744e-06
cheerleaders,1.65958690744e-06
cheesecake,1.65958690744e-06
choral,1.65958690744e-06
chronology,1.65958690744e-06
clam,1.65958690744e-06
clientele,1.65958690744e-06
coefficients,1.65958690744e-06
coldest,1.65958690744e-06
colouring,1.65958690744e-06
combatants,1.65958690744e-06
competes,1.65958690744e-06
configured,1.65958690744e-06
conflicted,1.65958690744e-06
convection,1.65958690744e-06
coronavirus,1.65958690744e-06
cosby,1.65958690744e-06
craftsman,1.65958690744e-06
creams,1.65958690744e-06
cretaceous,1.65958690744e-06
cripple,1.65958690744e-06
crooks,1.65958690744e-06
crunchy,1.65958690744e-06
ctrl,1.65958690744e-06
curvature,1.65958690744e-06
cyborg,1.65958690744e-06
dares,1.65958690744e-06
deflection,1.65958690744e-06
despised,1.65958690744e-06
dialogues,1.65958690744e-06
discouraging,1.65958690744e-06
distillery,1.65958690744e-06
diversification,1.65958690744e-06
djokovic,1.65958690744e-06
doesn,1.65958690744e-06
drumming,1.65958690744e-06
drummond,1.65958690744e-06
effortlessly,1.65958690744e-06
eighties,1.65958690744e-06
ein,1.65958690744e-06
enactment,1.65958690744e-06
enlighten,1.65958690744e-06
envious,1.65958690744e-06
erm,1.65958690744e-06
erroneous,1.65958690744e-06
exacerbated,1.65958690744e-06
familial,1.65958690744e-06
farage,1.65958690744e-06
fashions,1.65958690744e-06
feces,1.65958690744e-06
federer,1.65958690744e-06
filings,1.65958690744e-06
fishery,1.65958690744e-06
folders,1.65958690744e-06
frazier,1.65958690744e-06
frivolous,1.65958690744e-06
fruition,1.65958690744e-06
fuji,1.65958690744e-06
fullback,1.65958690744e-06
gage,1.65958690744e-06
galley,1.65958690744e-06
galway,1.65958690744e-06
gators,1.65958690744e-06
giddy,1.65958690744e-06
gpu,1.65958690744e-06
granada,1.65958690744e-06
grandeur,1.65958690744e-06
grappling,1.65958690744e-06
grover,1.65958690744e-06
gunshots,1.65958690744e-06
hamid,1.65958690744e-06
handlers,1.65958690744e-06
hanks,1.65958690744e-06
haunts,1.65958690744e-06
heinz,1.65958690744e-06
hentai,1.65958690744e-06
hodgson,1.65958690744e-06
homogeneous,1.65958690744e-06
hye,1.65958690744e-06
ich,1.65958690744e-06
ina,1.65958690744e-06
incl,1.65958690744e-06
inserts,1.65958690744e-06
intangible,1.65958690744e-06
interceptions,1.65958690744e-06
intestines,1.65958690744e-06
inventors,1.65958690744e-06
ire,1.65958690744e-06
jesuit,1.65958690744e-06
justine,1.65958690744e-06
kiddo,1.65958690744e-06
kimmel,1.65958690744e-06
knuckle,1.65958690744e-06
kt,1.65958690744e-06
landscaping,1.65958690744e-06
laureate,1.65958690744e-06
lds,1.65958690744e-06
lear,1.65958690744e-06
lesley,1.65958690744e-06
leveling,1.65958690744e-06
levied,1.65958690744e-06
lineman,1.65958690744e-06
litres,1.65958690744e-06
lodges,1.65958690744e-06
madman,1.65958690744e-06
maniac,1.65958690744e-06
manifestations,1.65958690744e-06
mavericks,1.65958690744e-06
mcnamara,1.65958690744e-06
medalist,1.65958690744e-06
melee,1.65958690744e-06
melo,1.65958690744e-06
melville,1.65958690744e-06
memorize,1.65958690744e-06
mendes,1.65958690744e-06
menstrual,1.65958690744e-06
merch,1.65958690744e-06
metallica,1.65958690744e-06
metaphysical,1.65958690744e-06
meteorology,1.65958690744e-06
methyl,1.65958690744e-06
mindless,1.65958690744e-06
misconception,1.65958690744e-06
mislead,1.65958690744e-06
momentarily,1.65958690744e-06
mounds,1.65958690744e-06
nadu,1.65958690744e-06
narcissistic,1.65958690744e-06
negotiable,1.65958690744e-06
nicknames,1.65958690744e-06
nom,1.65958690744e-06
northward,1.65958690744e-06
norwood,1.65958690744e-06
nudge,1.65958690744e-06
nurturing,1.65958690744e-06
nyse,1.65958690744e-06
obscured,1.65958690744e-06
osu,1.65958690744e-06
outlawed,1.65958690744e-06
ovens,1.65958690744e-06
overturn,1.65958690744e-06
padded,1.65958690744e-06
padres,1.65958690744e-06
panicking,1.65958690744e-06
pantheon,1.65958690744e-06
payer,1.65958690744e-06
pictorial,1.65958690744e-06
pints,1.65958690744e-06
ploy,1.65958690744e-06
pours,1.65958690744e-06
prejudices,1.65958690744e-06
presumption,1.65958690744e-06
proclaiming,1.65958690744e-06
prospectus,1.65958690744e-06
prosthetic,1.65958690744e-06
pty,1.65958690744e-06
puma,1.65958690744e-06
racers,1.65958690744e-06
reactionary,1.65958690744e-06
reciprocal,1.65958690744e-06
reconstruct,1.65958690744e-06
redwood,1.65958690744e-06
regan,1.65958690744e-06
relieving,1.65958690744e-06
reverence,1.65958690744e-06
richter,1.65958690744e-06
rims,1.65958690744e-06
sabine,1.65958690744e-06
saigon,1.65958690744e-06
santana,1.65958690744e-06
scrubs,1.65958690744e-06
seaweed,1.65958690744e-06
seduction,1.65958690744e-06
selfishness,1.65958690744e-06
serge,1.65958690744e-06
servicemen,1.65958690744e-06
setbacks,1.65958690744e-06
sevens,1.65958690744e-06
sewers,1.65958690744e-06
sexiest,1.65958690744e-06
shaman,1.65958690744e-06
shatter,1.65958690744e-06
shepherds,1.65958690744e-06
shoving,1.65958690744e-06
signify,1.65958690744e-06
sinn,1.65958690744e-06
sino,1.65958690744e-06
sketchy,1.65958690744e-06
smuggled,1.65958690744e-06
snowfall,1.65958690744e-06
southbound,1.65958690744e-06
specificity,1.65958690744e-06
squirt,1.65958690744e-06
ste,1.65958690744e-06
stewardship,1.65958690744e-06
stitched,1.65958690744e-06
stoppage,1.65958690744e-06
storylines,1.65958690744e-06
straining,1.65958690744e-06
stu,1.65958690744e-06
superpower,1.65958690744e-06
suspensions,1.65958690744e-06
synergy,1.65958690744e-06
takers,1.65958690744e-06
tasmanian,1.65958690744e-06
tempt,1.65958690744e-06
terminating,1.65958690744e-06
terri,1.65958690744e-06
testifying,1.65958690744e-06
thermometer,1.65958690744e-06
thingy,1.65958690744e-06
timberlake,1.65958690744e-06
tint,1.65958690744e-06
tomlinson,1.65958690744e-06
toulouse,1.65958690744e-06
triumphs,1.65958690744e-06
unbroken,1.65958690744e-06
unsettled,1.65958690744e-06
unveiling,1.65958690744e-06
uttar,1.65958690744e-06
versed,1.65958690744e-06
vicki,1.65958690744e-06
vlad,1.65958690744e-06
vm,1.65958690744e-06
weiner,1.65958690744e-06
wharton,1.65958690744e-06
whiff,1.65958690744e-06
whopping,1.65958690744e-06
wilt,1.65958690744e-06
woodstock,1.65958690744e-06
youtubers,1.65958690744e-06
zachary,1.65958690744e-06
zhao,1.65958690744e-06
absurdity,1.62181009736e-06
achievable,1.62181009736e-06
adversaries,1.62181009736e-06
alchemy,1.62181009736e-06
ambushed,1.62181009736e-06
americana,1.62181009736e-06
anastasia,1.62181009736e-06
anatomical,1.62181009736e-06
antigen,1.62181009736e-06
apostolic,1.62181009736e-06
applauded,1.62181009736e-06
ara,1.62181009736e-06
aristocracy,1.62181009736e-06
armchair,1.62181009736e-06
aryan,1.62181009736e-06
aswell,1.62181009736e-06
aunts,1.62181009736e-06
babysitter,1.62181009736e-06
babysitting,1.62181009736e-06
backlog,1.62181009736e-06
bengali,1.62181009736e-06
bile,1.62181009736e-06
biochemical,1.62181009736e-06
bled,1.62181009736e-06
bling,1.62181009736e-06
boca,1.62181009736e-06
boner,1.62181009736e-06
bose,1.62181009736e-06
botched,1.62181009736e-06
bouts,1.62181009736e-06
bradshaw,1.62181009736e-06
brandt,1.62181009736e-06
brownie,1.62181009736e-06
bunnies,1.62181009736e-06
calibre,1.62181009736e-06
caliphate,1.62181009736e-06
captives,1.62181009736e-06
carcass,1.62181009736e-06
cardigan,1.62181009736e-06
carousel,1.62181009736e-06
cartwright,1.62181009736e-06
chico,1.62181009736e-06
chihuahua,1.62181009736e-06
christi,1.62181009736e-06
circumcision,1.62181009736e-06
clandestine,1.62181009736e-06
clarifying,1.62181009736e-06
clutter,1.62181009736e-06
commuters,1.62181009736e-06
complying,1.62181009736e-06
compost,1.62181009736e-06
condemns,1.62181009736e-06
congratulated,1.62181009736e-06
conqueror,1.62181009736e-06
cot,1.62181009736e-06
coulson,1.62181009736e-06
crafty,1.62181009736e-06
crickets,1.62181009736e-06
croydon,1.62181009736e-06
crusader,1.62181009736e-06
cumming,1.62181009736e-06
cutoff,1.62181009736e-06
debacle,1.62181009736e-06
defiant,1.62181009736e-06
deformed,1.62181009736e-06
detain,1.62181009736e-06
diagnostics,1.62181009736e-06
directives,1.62181009736e-06
disarm,1.62181009736e-06
doherty,1.62181009736e-06
domingo,1.62181009736e-06
dominique,1.62181009736e-06
drawback,1.62181009736e-06
drawbacks,1.62181009736e-06
drs,1.62181009736e-06
edm,1.62181009736e-06
edo,1.62181009736e-06
elliptical,1.62181009736e-06
eloquent,1.62181009736e-06
eminence,1.62181009736e-06
emitting,1.62181009736e-06
emperors,1.62181009736e-06
entail,1.62181009736e-06
equatorial,1.62181009736e-06
eras,1.62181009736e-06
esports,1.62181009736e-06
eth,1.62181009736e-06
ethereum,1.62181009736e-06
eyeballs,1.62181009736e-06
fairytale,1.62181009736e-06
fallacy,1.62181009736e-06
feeble,1.62181009736e-06
fend,1.62181009736e-06
ferocious,1.62181009736e-06
fifties,1.62181009736e-06
filipinos,1.62181009736e-06
flake,1.62181009736e-06
forensics,1.62181009736e-06
forwarding,1.62181009736e-06
fragrant,1.62181009736e-06
gallant,1.62181009736e-06
gazing,1.62181009736e-06
gd,1.62181009736e-06
generalization,1.62181009736e-06
genitals,1.62181009736e-06
geologist,1.62181009736e-06
goldsmith,1.62181009736e-06
golfing,1.62181009736e-06
goons,1.62181009736e-06
guesses,1.62181009736e-06
gums,1.62181009736e-06
haas,1.62181009736e-06
halle,1.62181009736e-06
hana,1.62181009736e-06
handcuffs,1.62181009736e-06
harmon,1.62181009736e-06
hasan,1.62181009736e-06
herds,1.62181009736e-06
hermit,1.62181009736e-06
hillsborough,1.62181009736e-06
hindered,1.62181009736e-06
hookers,1.62181009736e-06
horsemen,1.62181009736e-06
hui,1.62181009736e-06
hutton,1.62181009736e-06
ign,1.62181009736e-06
illuminating,1.62181009736e-06
indebted,1.62181009736e-06
indecent,1.62181009736e-06
inquest,1.62181009736e-06
interacts,1.62181009736e-06
interfered,1.62181009736e-06
ionic,1.62181009736e-06
ipl,1.62181009736e-06
jennie,1.62181009736e-06
jerking,1.62181009736e-06
jingle,1.62181009736e-06
johansson,1.62181009736e-06
kali,1.62181009736e-06
kilometre,1.62181009736e-06
kink,1.62181009736e-06
kira,1.62181009736e-06
lagging,1.62181009736e-06
laguna,1.62181009736e-06
lawns,1.62181009736e-06
leighton,1.62181009736e-06
leopold,1.62181009736e-06
levant,1.62181009736e-06
lice,1.62181009736e-06
loco,1.62181009736e-06
looted,1.62181009736e-06
lorry,1.62181009736e-06
loudest,1.62181009736e-06
lovin,1.62181009736e-06
macleod,1.62181009736e-06
magnolia,1.62181009736e-06
marlon,1.62181009736e-06
matty,1.62181009736e-06
mauritius,1.62181009736e-06
medial,1.62181009736e-06
mellon,1.62181009736e-06
mercantile,1.62181009736e-06
migratory,1.62181009736e-06
mingle,1.62181009736e-06
modernist,1.62181009736e-06
moths,1.62181009736e-06
mover,1.62181009736e-06
movers,1.62181009736e-06
nee,1.62181009736e-06
nomenclature,1.62181009736e-06
organisers,1.62181009736e-06
outback,1.62181009736e-06
outcry,1.62181009736e-06
pamphlets,1.62181009736e-06
panoramic,1.62181009736e-06
paparazzi,1.62181009736e-06
parkinson,1.62181009736e-06
pauses,1.62181009736e-06
pave,1.62181009736e-06
peng,1.62181009736e-06
philanthropic,1.62181009736e-06
playhouse,1.62181009736e-06
plow,1.62181009736e-06
prada,1.62181009736e-06
preferential,1.62181009736e-06
prescribing,1.62181009736e-06
primetime,1.62181009736e-06
probing,1.62181009736e-06
proc,1.62181009736e-06
prolong,1.62181009736e-06
propane,1.62181009736e-06
publicized,1.62181009736e-06
purest,1.62181009736e-06
pvc,1.62181009736e-06
qt,1.62181009736e-06
queues,1.62181009736e-06
ramadan,1.62181009736e-06
rambling,1.62181009736e-06
ras,1.62181009736e-06
recruiters,1.62181009736e-06
redirect,1.62181009736e-06
redmond,1.62181009736e-06
relentlessly,1.62181009736e-06
remanded,1.62181009736e-06
reusable,1.62181009736e-06
revolutionaries,1.62181009736e-06
rin,1.62181009736e-06
robberies,1.62181009736e-06
rowdy,1.62181009736e-06
saffron,1.62181009736e-06
salford,1.62181009736e-06
sassy,1.62181009736e-06
schoolboy,1.62181009736e-06
schumacher,1.62181009736e-06
scoreboard,1.62181009736e-06
scotty,1.62181009736e-06
seeding,1.62181009736e-06
sender,1.62181009736e-06
seneca,1.62181009736e-06
septic,1.62181009736e-06
shamed,1.62181009736e-06
shenanigans,1.62181009736e-06
silas,1.62181009736e-06
skateboard,1.62181009736e-06
skiers,1.62181009736e-06
slider,1.62181009736e-06
smacked,1.62181009736e-06
smiths,1.62181009736e-06
soma,1.62181009736e-06
someones,1.62181009736e-06
ssd,1.62181009736e-06
staggered,1.62181009736e-06
staining,1.62181009736e-06
stalked,1.62181009736e-06
stemmed,1.62181009736e-06
stipulated,1.62181009736e-06
substrates,1.62181009736e-06
subversive,1.62181009736e-06
sufferers,1.62181009736e-06
suggestive,1.62181009736e-06
suitability,1.62181009736e-06
superstition,1.62181009736e-06
surfers,1.62181009736e-06
swallows,1.62181009736e-06
swanson,1.62181009736e-06
symmetric,1.62181009736e-06
synonyms,1.62181009736e-06
takin,1.62181009736e-06
theses,1.62181009736e-06
tic,1.62181009736e-06
timeout,1.62181009736e-06
tome,1.62181009736e-06
tonne,1.62181009736e-06
totalitarian,1.62181009736e-06
tramp,1.62181009736e-06
transistor,1.62181009736e-06
translucent,1.62181009736e-06
trashed,1.62181009736e-06
trot,1.62181009736e-06
unbalanced,1.62181009736e-06
unfavorable,1.62181009736e-06
unintentionally,1.62181009736e-06
uniqueness,1.62181009736e-06
upto,1.62181009736e-06
vertebrae,1.62181009736e-06
vertex,1.62181009736e-06
vowels,1.62181009736e-06
vuitton,1.62181009736e-06
wheeling,1.62181009736e-06
whistling,1.62181009736e-06
wield,1.62181009736e-06
woodwork,1.62181009736e-06
yall,1.62181009736e-06
yellowish,1.62181009736e-06
youll,1.62181009736e-06
yt,1.62181009736e-06
accompanies,1.58489319246e-06
acidity,1.58489319246e-06
ado,1.58489319246e-06
affirm,1.58489319246e-06
agrarian,1.58489319246e-06
airy,1.58489319246e-06
akira,1.58489319246e-06
alaskan,1.58489319246e-06
alfie,1.58489319246e-06
alloys,1.58489319246e-06
andhra,1.58489319246e-06
anecdote,1.58489319246e-06
anew,1.58489319246e-06
ani,1.58489319246e-06
antifa,1.58489319246e-06
antwerp,1.58489319246e-06
appease,1.58489319246e-06
aptitude,1.58489319246e-06
arisen,1.58489319246e-06
assassinate,1.58489319246e-06
asteroids,1.58489319246e-06
backside,1.58489319246e-06
bassist,1.58489319246e-06
bein,1.58489319246e-06
bespoke,1.58489319246e-06
blatantly,1.58489319246e-06
blinding,1.58489319246e-06
blocker,1.58489319246e-06
blowout,1.58489319246e-06
booted,1.58489319246e-06
brisk,1.58489319246e-06
bubbly,1.58489319246e-06
bummer,1.58489319246e-06
bundy,1.58489319246e-06
canceling,1.58489319246e-06
cao,1.58489319246e-06
casper,1.58489319246e-06
cauliflower,1.58489319246e-06
cebu,1.58489319246e-06
celia,1.58489319246e-06
cereals,1.58489319246e-06
chadwick,1.58489319246e-06
chainsaw,1.58489319246e-06
chalmers,1.58489319246e-06
channing,1.58489319246e-06
cheetah,1.58489319246e-06
christensen,1.58489319246e-06
climatic,1.58489319246e-06
clockwise,1.58489319246e-06
clockwork,1.58489319246e-06
coincides,1.58489319246e-06
como,1.58489319246e-06
conformity,1.58489319246e-06
confronts,1.58489319246e-06
consort,1.58489319246e-06
correlate,1.58489319246e-06
cougars,1.58489319246e-06
courteous,1.58489319246e-06
craftsmen,1.58489319246e-06
crete,1.58489319246e-06
criticise,1.58489319246e-06
cupid,1.58489319246e-06
curiously,1.58489319246e-06
damning,1.58489319246e-06
danes,1.58489319246e-06
darrell,1.58489319246e-06
defer,1.58489319246e-06
deforestation,1.58489319246e-06
delaney,1.58489319246e-06
demeanor,1.58489319246e-06
deng,1.58489319246e-06
deplorable,1.58489319246e-06
deranged,1.58489319246e-06
detergent,1.58489319246e-06
detour,1.58489319246e-06
dg,1.58489319246e-06
dhaka,1.58489319246e-06
diff,1.58489319246e-06
dissenting,1.58489319246e-06
distressing,1.58489319246e-06
docked,1.58489319246e-06
downtime,1.58489319246e-06
downwards,1.58489319246e-06
dries,1.58489319246e-06
dutton,1.58489319246e-06
enlarge,1.58489319246e-06
enlargement,1.58489319246e-06
equate,1.58489319246e-06
equestrian,1.58489319246e-06
ethereal,1.58489319246e-06
eurovision,1.58489319246e-06
expanse,1.58489319246e-06
fabio,1.58489319246e-06
faiths,1.58489319246e-06
fanatics,1.58489319246e-06
fanfare,1.58489319246e-06
favorably,1.58489319246e-06
fidel,1.58489319246e-06
fingernails,1.58489319246e-06
fireman,1.58489319246e-06
flaps,1.58489319246e-06
flask,1.58489319246e-06
fluff,1.58489319246e-06
fondly,1.58489319246e-06
footnotes,1.58489319246e-06
fremont,1.58489319246e-06
frosty,1.58489319246e-06
galileo,1.58489319246e-06
gatsby,1.58489319246e-06
gearbox,1.58489319246e-06
germ,1.58489319246e-06
gis,1.58489319246e-06
giver,1.58489319246e-06
gnome,1.58489319246e-06
guaranteeing,1.58489319246e-06
gunpoint,1.58489319246e-06
hades,1.58489319246e-06
handedly,1.58489319246e-06
har,1.58489319246e-06
harcourt,1.58489319246e-06
harlan,1.58489319246e-06
haute,1.58489319246e-06
heartache,1.58489319246e-06
hertfordshire,1.58489319246e-06
homeowner,1.58489319246e-06
hooray,1.58489319246e-06
huskies,1.58489319246e-06
hypotheses,1.58489319246e-06
imitating,1.58489319246e-06
imposes,1.58489319246e-06
individuality,1.58489319246e-06
infiltrated,1.58489319246e-06
insurgent,1.58489319246e-06
intertwined,1.58489319246e-06
inventories,1.58489319246e-06
iranians,1.58489319246e-06
jails,1.58489319246e-06
janitor,1.58489319246e-06
judgmental,1.58489319246e-06
lange,1.58489319246e-06
lanterns,1.58489319246e-06
launchers,1.58489319246e-06
legislator,1.58489319246e-06
lien,1.58489319246e-06
limousine,1.58489319246e-06
linden,1.58489319246e-06
lithuanian,1.58489319246e-06
lotta,1.58489319246e-06
lupus,1.58489319246e-06
lyme,1.58489319246e-06
lymph,1.58489319246e-06
mahal,1.58489319246e-06
mansions,1.58489319246e-06
manure,1.58489319246e-06
mariah,1.58489319246e-06
mccormick,1.58489319246e-06
meatballs,1.58489319246e-06
meningitis,1.58489319246e-06
meteorite,1.58489319246e-06
midfielders,1.58489319246e-06
mildred,1.58489319246e-06
militias,1.58489319246e-06
millie,1.58489319246e-06
milne,1.58489319246e-06
misogyny,1.58489319246e-06
mrna,1.58489319246e-06
multiplier,1.58489319246e-06
nehru,1.58489319246e-06
newbie,1.58489319246e-06
newtown,1.58489319246e-06
nominating,1.58489319246e-06
northbound,1.58489319246e-06
oblique,1.58489319246e-06
obscurity,1.58489319246e-06
odessa,1.58489319246e-06
okinawa,1.58489319246e-06
onslaught,1.58489319246e-06
opal,1.58489319246e-06
operas,1.58489319246e-06
organisational,1.58489319246e-06
oxfordshire,1.58489319246e-06
palsy,1.58489319246e-06
paralympics,1.58489319246e-06
paramilitary,1.58489319246e-06
partridge,1.58489319246e-06
patrolling,1.58489319246e-06
patti,1.58489319246e-06
payers,1.58489319246e-06
permissible,1.58489319246e-06
platonic,1.58489319246e-06
polka,1.58489319246e-06
primates,1.58489319246e-06
rancho,1.58489319246e-06
rattling,1.58489319246e-06
rca,1.58489319246e-06
realisation,1.58489319246e-06
recapture,1.58489319246e-06
recounted,1.58489319246e-06
recurrence,1.58489319246e-06
referrals,1.58489319246e-06
refinement,1.58489319246e-06
regis,1.58489319246e-06
relocating,1.58489319246e-06
reparations,1.58489319246e-06
repel,1.58489319246e-06
researches,1.58489319246e-06
resigns,1.58489319246e-06
revamp,1.58489319246e-06
rockwell,1.58489319246e-06
rodent,1.58489319246e-06
rohan,1.58489319246e-06
rudder,1.58489319246e-06
ruiz,1.58489319246e-06
rung,1.58489319246e-06
salah,1.58489319246e-06
satisfies,1.58489319246e-06
scraped,1.58489319246e-06
seaman,1.58489319246e-06
sensibility,1.58489319246e-06
sevilla,1.58489319246e-06
shielded,1.58489319246e-06
showered,1.58489319246e-06
sizing,1.58489319246e-06
skier,1.58489319246e-06
skyscraper,1.58489319246e-06
slabs,1.58489319246e-06
slumber,1.58489319246e-06
slums,1.58489319246e-06
sockets,1.58489319246e-06
spiderman,1.58489319246e-06
sprays,1.58489319246e-06
staunch,1.58489319246e-06
stiffness,1.58489319246e-06
stuttgart,1.58489319246e-06
swayed,1.58489319246e-06
swoop,1.58489319246e-06
synchronized,1.58489319246e-06
tahoe,1.58489319246e-06
tallahassee,1.58489319246e-06
telly,1.58489319246e-06
tentacles,1.58489319246e-06
terence,1.58489319246e-06
therapeutics,1.58489319246e-06
thom,1.58489319246e-06
tia,1.58489319246e-06
topology,1.58489319246e-06
transatlantic,1.58489319246e-06
tunisian,1.58489319246e-06
tutoring,1.58489319246e-06
ugandan,1.58489319246e-06
uncontrolled,1.58489319246e-06
undecided,1.58489319246e-06
unparalleled,1.58489319246e-06
unsolicited,1.58489319246e-06
unveil,1.58489319246e-06
unworthy,1.58489319246e-06
utensils,1.58489319246e-06
vaults,1.58489319246e-06
vids,1.58489319246e-06
vocation,1.58489319246e-06
volts,1.58489319246e-06
waged,1.58489319246e-06
walden,1.58489319246e-06
warmest,1.58489319246e-06
wentworth,1.58489319246e-06
whoop,1.58489319246e-06
williamsburg,1.58489319246e-06
winslow,1.58489319246e-06
zu,1.58489319246e-06
abbreviated,1.54881661891e-06
admirer,1.54881661891e-06
aerobic,1.54881661891e-06
aerodynamic,1.54881661891e-06
aesthetically,1.54881661891e-06
agitation,1.54881661891e-06
agreeable,1.54881661891e-06
airway,1.54881661891e-06
alessandro,1.54881661891e-06
alfonso,1.54881661891e-06
algebraic,1.54881661891e-06
amaze,1.54881661891e-06
analyzes,1.54881661891e-06
artefacts,1.54881661891e-06
assertive,1.54881661891e-06
assimilation,1.54881661891e-06
augment,1.54881661891e-06
avalon,1.54881661891e-06
bachelors,1.54881661891e-06
backseat,1.54881661891e-06
balkan,1.54881661891e-06
barclay,1.54881661891e-06
baseman,1.54881661891e-06
batted,1.54881661891e-06
beale,1.54881661891e-06
beatty,1.54881661891e-06
bernardino,1.54881661891e-06
bernardo,1.54881661891e-06
bitching,1.54881661891e-06
bosnian,1.54881661891e-06
bragg,1.54881661891e-06
brainer,1.54881661891e-06
breakaway,1.54881661891e-06
breakdowns,1.54881661891e-06
breathless,1.54881661891e-06
briefed,1.54881661891e-06
brownies,1.54881661891e-06
browsers,1.54881661891e-06
brunei,1.54881661891e-06
bst,1.54881661891e-06
cabs,1.54881661891e-06
captions,1.54881661891e-06
carefree,1.54881661891e-06
caricature,1.54881661891e-06
carton,1.54881661891e-06
cayman,1.54881661891e-06
celeste,1.54881661891e-06
cert,1.54881661891e-06
ces,1.54881661891e-06
chandelier,1.54881661891e-06
chandra,1.54881661891e-06
chests,1.54881661891e-06
chute,1.54881661891e-06
cir,1.54881661891e-06
clipping,1.54881661891e-06
clot,1.54881661891e-06
comets,1.54881661891e-06
companionship,1.54881661891e-06
complacent,1.54881661891e-06
complicit,1.54881661891e-06
concentrates,1.54881661891e-06
confer,1.54881661891e-06
contractions,1.54881661891e-06
coolant,1.54881661891e-06
copyrighted,1.54881661891e-06
corbett,1.54881661891e-06
counteract,1.54881661891e-06
courtship,1.54881661891e-06
crammed,1.54881661891e-06
craven,1.54881661891e-06
csr,1.54881661891e-06
cumbria,1.54881661891e-06
cushions,1.54881661891e-06
daley,1.54881661891e-06
debilitating,1.54881661891e-06
deepen,1.54881661891e-06
deepening,1.54881661891e-06
dependencies,1.54881661891e-06
deprive,1.54881661891e-06
derry,1.54881661891e-06
destroyers,1.54881661891e-06
devise,1.54881661891e-06
devotees,1.54881661891e-06
directories,1.54881661891e-06
disclosing,1.54881661891e-06
discrepancies,1.54881661891e-06
disparities,1.54881661891e-06
downturn,1.54881661891e-06
drier,1.54881661891e-06
duane,1.54881661891e-06
dystopian,1.54881661891e-06
efficiencies,1.54881661891e-06
electrically,1.54881661891e-06
elmer,1.54881661891e-06
ely,1.54881661891e-06
embodies,1.54881661891e-06
enclave,1.54881661891e-06
entourage,1.54881661891e-06
epoch,1.54881661891e-06
evo,1.54881661891e-06
exaggerate,1.54881661891e-06
exaggerating,1.54881661891e-06
excelled,1.54881661891e-06
extinguished,1.54881661891e-06
faber,1.54881661891e-06
farts,1.54881661891e-06
fated,1.54881661891e-06
femme,1.54881661891e-06
fibres,1.54881661891e-06
fibrosis,1.54881661891e-06
fielder,1.54881661891e-06
foggy,1.54881661891e-06
forgery,1.54881661891e-06
fremantle,1.54881661891e-06
frequented,1.54881661891e-06
functionally,1.54881661891e-06
furiously,1.54881661891e-06
gaping,1.54881661891e-06
gator,1.54881661891e-06
gentry,1.54881661891e-06
germanic,1.54881661891e-06
gigi,1.54881661891e-06
gimmick,1.54881661891e-06
gladiator,1.54881661891e-06
glendale,1.54881661891e-06
glimpses,1.54881661891e-06
glittering,1.54881661891e-06
glossary,1.54881661891e-06
gregor,1.54881661891e-06
grinning,1.54881661891e-06
grizzlies,1.54881661891e-06
groundwork,1.54881661891e-06
gymnasium,1.54881661891e-06
hammering,1.54881661891e-06
harrisburg,1.54881661891e-06
hays,1.54881661891e-06
henley,1.54881661891e-06
hounds,1.54881661891e-06
implementations,1.54881661891e-06
imposition,1.54881661891e-06
impromptu,1.54881661891e-06
indulgence,1.54881661891e-06
intersect,1.54881661891e-06
invasions,1.54881661891e-06
iodine,1.54881661891e-06
jameson,1.54881661891e-06
johannes,1.54881661891e-06
johnstone,1.54881661891e-06
jos,1.54881661891e-06
josef,1.54881661891e-06
keel,1.54881661891e-06
kilometer,1.54881661891e-06
kingsley,1.54881661891e-06
kk,1.54881661891e-06
kruger,1.54881661891e-06
labourers,1.54881661891e-06
leland,1.54881661891e-06
lemme,1.54881661891e-06
lettering,1.54881661891e-06
lewd,1.54881661891e-06
lifeboat,1.54881661891e-06
liters,1.54881661891e-06
liturgy,1.54881661891e-06
livin,1.54881661891e-06
llp,1.54881661891e-06
lockhart,1.54881661891e-06
longstanding,1.54881661891e-06
lumps,1.54881661891e-06
madeline,1.54881661891e-06
magma,1.54881661891e-06
mammalian,1.54881661891e-06
marbles,1.54881661891e-06
marcia,1.54881661891e-06
milking,1.54881661891e-06
millennia,1.54881661891e-06
milner,1.54881661891e-06
miraculously,1.54881661891e-06
molding,1.54881661891e-06
mortals,1.54881661891e-06
motorbike,1.54881661891e-06
mustafa,1.54881661891e-06
nodding,1.54881661891e-06
nonexistent,1.54881661891e-06
notoriety,1.54881661891e-06
nuclei,1.54881661891e-06
nutty,1.54881661891e-06
oa,1.54881661891e-06
obedient,1.54881661891e-06
oculus,1.54881661891e-06
ogden,1.54881661891e-06
orgasms,1.54881661891e-06
originates,1.54881661891e-06
ornate,1.54881661891e-06
ousted,1.54881661891e-06
palpable,1.54881661891e-06
paramedic,1.54881661891e-06
patched,1.54881661891e-06
perk,1.54881661891e-06
perpetuate,1.54881661891e-06
perverse,1.54881661891e-06
perverted,1.54881661891e-06
peta,1.54881661891e-06
philharmonic,1.54881661891e-06
photographing,1.54881661891e-06
photons,1.54881661891e-06
playlists,1.54881661891e-06
plume,1.54881661891e-06
plump,1.54881661891e-06
prequel,1.54881661891e-06
prophetic,1.54881661891e-06
provocation,1.54881661891e-06
pumpkins,1.54881661891e-06
purified,1.54881661891e-06
radiology,1.54881661891e-06
raffle,1.54881661891e-06
ragged,1.54881661891e-06
rainbows,1.54881661891e-06
recoil,1.54881661891e-06
recorders,1.54881661891e-06
redo,1.54881661891e-06
rejoin,1.54881661891e-06
relays,1.54881661891e-06
remission,1.54881661891e-06
renounce,1.54881661891e-06
repentance,1.54881661891e-06
resonate,1.54881661891e-06
restitution,1.54881661891e-06
reviving,1.54881661891e-06
rewritten,1.54881661891e-06
riddled,1.54881661891e-06
ridiculed,1.54881661891e-06
romo,1.54881661891e-06
rotations,1.54881661891e-06
rotterdam,1.54881661891e-06
roxy,1.54881661891e-06
rugs,1.54881661891e-06
sacrament,1.54881661891e-06
sauces,1.54881661891e-06
scholastic,1.54881661891e-06
scourge,1.54881661891e-06
seville,1.54881661891e-06
shopper,1.54881661891e-06
shrub,1.54881661891e-06
shu,1.54881661891e-06
signage,1.54881661891e-06
skis,1.54881661891e-06
slag,1.54881661891e-06
sluts,1.54881661891e-06
sneeze,1.54881661891e-06
soaps,1.54881661891e-06
sobriety,1.54881661891e-06
som,1.54881661891e-06
songwriting,1.54881661891e-06
sorely,1.54881661891e-06
sprawling,1.54881661891e-06
sprinter,1.54881661891e-06
sprite,1.54881661891e-06
stagnation,1.54881661891e-06
stead,1.54881661891e-06
stinks,1.54881661891e-06
structurally,1.54881661891e-06
suez,1.54881661891e-06
sulfate,1.54881661891e-06
sumner,1.54881661891e-06
sv,1.54881661891e-06
swag,1.54881661891e-06
sweatshirt,1.54881661891e-06
tangent,1.54881661891e-06
tenn,1.54881661891e-06
tg,1.54881661891e-06
tori,1.54881661891e-06
touted,1.54881661891e-06
tracer,1.54881661891e-06
transporter,1.54881661891e-06
turing,1.54881661891e-06
undergoes,1.54881661891e-06
unearthed,1.54881661891e-06
uniformly,1.54881661891e-06
unqualified,1.54881661891e-06
unquestionably,1.54881661891e-06
unravel,1.54881661891e-06
variously,1.54881661891e-06
vests,1.54881661891e-06
veterinarian,1.54881661891e-06
vidal,1.54881661891e-06
viet,1.54881661891e-06
viz,1.54881661891e-06
warms,1.54881661891e-06
wasteland,1.54881661891e-06
watchdog,1.54881661891e-06
watery,1.54881661891e-06
wavelengths,1.54881661891e-06
weasel,1.54881661891e-06
westfield,1.54881661891e-06
whips,1.54881661891e-06
workplaces,1.54881661891e-06
yukon,1.54881661891e-06
zeke,1.54881661891e-06
zest,1.54881661891e-06
zoology,1.54881661891e-06
zulu,1.54881661891e-06
aborted,1.51356124844e-06
absorbs,1.51356124844e-06
abstinence,1.51356124844e-06
academically,1.51356124844e-06
activates,1.51356124844e-06
adjectives,1.51356124844e-06
adm,1.51356124844e-06
adventurer,1.51356124844e-06
adventurers,1.51356124844e-06
aeroplane,1.51356124844e-06
alcoholics,1.51356124844e-06
allege,1.51356124844e-06
alton,1.51356124844e-06
andromeda,1.51356124844e-06
announcers,1.51356124844e-06
arduous,1.51356124844e-06
asher,1.51356124844e-06
attaining,1.51356124844e-06
avi,1.51356124844e-06
bachelorette,1.51356124844e-06
bagel,1.51356124844e-06
bagged,1.51356124844e-06
bai,1.51356124844e-06
bangor,1.51356124844e-06
barometer,1.51356124844e-06
basque,1.51356124844e-06
bavaria,1.51356124844e-06
bbw,1.51356124844e-06
biggie,1.51356124844e-06
bigot,1.51356124844e-06
boa,1.51356124844e-06
branched,1.51356124844e-06
britannia,1.51356124844e-06
britt,1.51356124844e-06
bruise,1.51356124844e-06
bruising,1.51356124844e-06
bucharest,1.51356124844e-06
buffett,1.51356124844e-06
bullion,1.51356124844e-06
bumpy,1.51356124844e-06
bums,1.51356124844e-06
bureaucrats,1.51356124844e-06
burnham,1.51356124844e-06
byu,1.51356124844e-06
cahill,1.51356124844e-06
carp,1.51356124844e-06
castor,1.51356124844e-06
challengers,1.51356124844e-06
charting,1.51356124844e-06
cicero,1.51356124844e-06
circumference,1.51356124844e-06
classifications,1.51356124844e-06
cleopatra,1.51356124844e-06
cleverly,1.51356124844e-06
clocked,1.51356124844e-06
coasters,1.51356124844e-06
codex,1.51356124844e-06
collars,1.51356124844e-06
composure,1.51356124844e-06
computerized,1.51356124844e-06
concur,1.51356124844e-06
conte,1.51356124844e-06
conveying,1.51356124844e-06
cornered,1.51356124844e-06
cowan,1.51356124844e-06
craziest,1.51356124844e-06
crowe,1.51356124844e-06
davy,1.51356124844e-06
defying,1.51356124844e-06
delicacy,1.51356124844e-06
demolish,1.51356124844e-06
dempsey,1.51356124844e-06
deport,1.51356124844e-06
dictators,1.51356124844e-06
dictionaries,1.51356124844e-06
dilute,1.51356124844e-06
disabling,1.51356124844e-06
disillusioned,1.51356124844e-06
dispersion,1.51356124844e-06
doha,1.51356124844e-06
doomsday,1.51356124844e-06
draped,1.51356124844e-06
drinker,1.51356124844e-06
eels,1.51356124844e-06
emil,1.51356124844e-06
emphasised,1.51356124844e-06
entangled,1.51356124844e-06
enzo,1.51356124844e-06
exploratory,1.51356124844e-06
facet,1.51356124844e-06
fates,1.51356124844e-06
fei,1.51356124844e-06
fermented,1.51356124844e-06
ferries,1.51356124844e-06
finesse,1.51356124844e-06
fireball,1.51356124844e-06
firth,1.51356124844e-06
flannel,1.51356124844e-06
floss,1.51356124844e-06
foresee,1.51356124844e-06
frantically,1.51356124844e-06
frees,1.51356124844e-06
fringes,1.51356124844e-06
gaston,1.51356124844e-06
genoa,1.51356124844e-06
geothermal,1.51356124844e-06
gh,1.51356124844e-06
gist,1.51356124844e-06
github,1.51356124844e-06
grievous,1.51356124844e-06
gustav,1.51356124844e-06
handbags,1.51356124844e-06
handkerchief,1.51356124844e-06
hari,1.51356124844e-06
heaters,1.51356124844e-06
hebrews,1.51356124844e-06
hepburn,1.51356124844e-06
heres,1.51356124844e-06
hogwarts,1.51356124844e-06
hookup,1.51356124844e-06
hopelessly,1.51356124844e-06
horticulture,1.51356124844e-06
howl,1.51356124844e-06
huddersfield,1.51356124844e-06
hydration,1.51356124844e-06
ibiza,1.51356124844e-06
improv,1.51356124844e-06
impunity,1.51356124844e-06
indexing,1.51356124844e-06
infertility,1.51356124844e-06
informational,1.51356124844e-06
inline,1.51356124844e-06
insolvency,1.51356124844e-06
intermediary,1.51356124844e-06
interrogated,1.51356124844e-06
ives,1.51356124844e-06
jody,1.51356124844e-06
jokingly,1.51356124844e-06
josie,1.51356124844e-06
juveniles,1.51356124844e-06
karim,1.51356124844e-06
kimi,1.51356124844e-06
kinks,1.51356124844e-06
klan,1.51356124844e-06
kristina,1.51356124844e-06
laughable,1.51356124844e-06
lennox,1.51356124844e-06
lng,1.51356124844e-06
locus,1.51356124844e-06
lucius,1.51356124844e-06
lund,1.51356124844e-06
lvl,1.51356124844e-06
makeshift,1.51356124844e-06
marquee,1.51356124844e-06
massey,1.51356124844e-06
masturbate,1.51356124844e-06
mathematically,1.51356124844e-06
matrices,1.51356124844e-06
mckinley,1.51356124844e-06
meade,1.51356124844e-06
melanoma,1.51356124844e-06
menacing,1.51356124844e-06
microbes,1.51356124844e-06
midterms,1.51356124844e-06
mobilize,1.51356124844e-06
monsanto,1.51356124844e-06
moors,1.51356124844e-06
morley,1.51356124844e-06
msu,1.51356124844e-06
nag,1.51356124844e-06
nativity,1.51356124844e-06
neglecting,1.51356124844e-06
nook,1.51356124844e-06
novo,1.51356124844e-06
nutritious,1.51356124844e-06
overdrive,1.51356124844e-06
padding,1.51356124844e-06
panasonic,1.51356124844e-06
pant,1.51356124844e-06
passover,1.51356124844e-06
peking,1.51356124844e-06
penitentiary,1.51356124844e-06
perilous,1.51356124844e-06
periodicals,1.51356124844e-06
pharmacies,1.51356124844e-06
picard,1.51356124844e-06
pikachu,1.51356124844e-06
plaques,1.51356124844e-06
plastered,1.51356124844e-06
playa,1.51356124844e-06
plucked,1.51356124844e-06
polytechnic,1.51356124844e-06
popularly,1.51356124844e-06
pornographic,1.51356124844e-06
posse,1.51356124844e-06
prepping,1.51356124844e-06
rankin,1.51356124844e-06
rebates,1.51356124844e-06
recognises,1.51356124844e-06
recognising,1.51356124844e-06
reconciled,1.51356124844e-06
refrigeration,1.51356124844e-06
refunded,1.51356124844e-06
rename,1.51356124844e-06
repulsive,1.51356124844e-06
respite,1.51356124844e-06
ret,1.51356124844e-06
revamped,1.51356124844e-06
revising,1.51356124844e-06
rhinos,1.51356124844e-06
rockin,1.51356124844e-06
rts,1.51356124844e-06
saber,1.51356124844e-06
sadistic,1.51356124844e-06
samba,1.51356124844e-06
scorers,1.51356124844e-06
sewn,1.51356124844e-06
shaggy,1.51356124844e-06
shelling,1.51356124844e-06
shouldnt,1.51356124844e-06
shrunk,1.51356124844e-06
sitter,1.51356124844e-06
sixers,1.51356124844e-06
slant,1.51356124844e-06
slashed,1.51356124844e-06
sleepless,1.51356124844e-06
slur,1.51356124844e-06
snowball,1.51356124844e-06
sobs,1.51356124844e-06
soles,1.51356124844e-06
soothe,1.51356124844e-06
souvenirs,1.51356124844e-06
spelt,1.51356124844e-06
stalling,1.51356124844e-06
stamping,1.51356124844e-06
steiner,1.51356124844e-06
strasbourg,1.51356124844e-06
streamline,1.51356124844e-06
suckers,1.51356124844e-06
sulphur,1.51356124844e-06
swears,1.51356124844e-06
tablespoons,1.51356124844e-06
tacky,1.51356124844e-06
tamara,1.51356124844e-06
tampering,1.51356124844e-06
tankers,1.51356124844e-06
telephones,1.51356124844e-06
terminus,1.51356124844e-06
tessa,1.51356124844e-06
testicles,1.51356124844e-06
texan,1.51356124844e-06
thaw,1.51356124844e-06
throughput,1.51356124844e-06
timelines,1.51356124844e-06
tolkien,1.51356124844e-06
tout,1.51356124844e-06
transnational,1.51356124844e-06
tripod,1.51356124844e-06
tulip,1.51356124844e-06
turnpike,1.51356124844e-06
ud,1.51356124844e-06
ulysses,1.51356124844e-06
unattended,1.51356124844e-06
unbeatable,1.51356124844e-06
undertaker,1.51356124844e-06
uniformed,1.51356124844e-06
unionists,1.51356124844e-06
unloaded,1.51356124844e-06
ursula,1.51356124844e-06
usps,1.51356124844e-06
uttered,1.51356124844e-06
vulture,1.51356124844e-06
wares,1.51356124844e-06
waterway,1.51356124844e-06
whistleblower,1.51356124844e-06
wv,1.51356124844e-06
xanax,1.51356124844e-06
xs,1.51356124844e-06
yves,1.51356124844e-06
absentee,1.47910838817e-06
accolades,1.47910838817e-06
admirers,1.47910838817e-06
alden,1.47910838817e-06
aldo,1.47910838817e-06
alyssa,1.47910838817e-06
amin,1.47910838817e-06
anarchists,1.47910838817e-06
anecdotal,1.47910838817e-06
anemia,1.47910838817e-06
animosity,1.47910838817e-06
appoints,1.47910838817e-06
autoimmune,1.47910838817e-06
aws,1.47910838817e-06
bakers,1.47910838817e-06
bama,1.47910838817e-06
barons,1.47910838817e-06
battalions,1.47910838817e-06
beggar,1.47910838817e-06
bertrand,1.47910838817e-06
bismarck,1.47910838817e-06
bombarded,1.47910838817e-06
boulders,1.47910838817e-06
bounces,1.47910838817e-06
bouncy,1.47910838817e-06
buick,1.47910838817e-06
burbank,1.47910838817e-06
busts,1.47910838817e-06
calibrated,1.47910838817e-06
callahan,1.47910838817e-06
canteen,1.47910838817e-06
capacitor,1.47910838817e-06
captivating,1.47910838817e-06
carbohydrate,1.47910838817e-06
cartels,1.47910838817e-06
cavalier,1.47910838817e-06
centrist,1.47910838817e-06
cfa,1.47910838817e-06
chakra,1.47910838817e-06
chatted,1.47910838817e-06
chauffeur,1.47910838817e-06
childs,1.47910838817e-06
circled,1.47910838817e-06
circulate,1.47910838817e-06
clergyman,1.47910838817e-06
climber,1.47910838817e-06
clinched,1.47910838817e-06
clutching,1.47910838817e-06
coliseum,1.47910838817e-06
combs,1.47910838817e-06
commandment,1.47910838817e-06
complimented,1.47910838817e-06
conceivable,1.47910838817e-06
concordia,1.47910838817e-06
condone,1.47910838817e-06
congested,1.47910838817e-06
connectors,1.47910838817e-06
conner,1.47910838817e-06
consecrated,1.47910838817e-06
contaminants,1.47910838817e-06
contiguous,1.47910838817e-06
conveys,1.47910838817e-06
cosmo,1.47910838817e-06
councilman,1.47910838817e-06
cranberry,1.47910838817e-06
criticizes,1.47910838817e-06
croft,1.47910838817e-06
custard,1.47910838817e-06
darby,1.47910838817e-06
deceiving,1.47910838817e-06
defaults,1.47910838817e-06
definitively,1.47910838817e-06
deflect,1.47910838817e-06
deliberations,1.47910838817e-06
denoted,1.47910838817e-06
departs,1.47910838817e-06
deregulation,1.47910838817e-06
desolate,1.47910838817e-06
devour,1.47910838817e-06
digger,1.47910838817e-06
disarmament,1.47910838817e-06
disgraced,1.47910838817e-06
dishonesty,1.47910838817e-06
divergence,1.47910838817e-06
dmitry,1.47910838817e-06
domesticated,1.47910838817e-06
dorian,1.47910838817e-06
doubly,1.47910838817e-06
doughnut,1.47910838817e-06
douglass,1.47910838817e-06
dubois,1.47910838817e-06
duluth,1.47910838817e-06
dwarfs,1.47910838817e-06
eastenders,1.47910838817e-06
ek,1.47910838817e-06
elgin,1.47910838817e-06
embody,1.47910838817e-06
enrolling,1.47910838817e-06
envision,1.47910838817e-06
equivalence,1.47910838817e-06
erika,1.47910838817e-06
ers,1.47910838817e-06
eruptions,1.47910838817e-06
esoteric,1.47910838817e-06
eurozone,1.47910838817e-06
euthanasia,1.47910838817e-06
fabian,1.47910838817e-06
faye,1.47910838817e-06
fd,1.47910838817e-06
felon,1.47910838817e-06
flammable,1.47910838817e-06
flanagan,1.47910838817e-06
footnote,1.47910838817e-06
fostered,1.47910838817e-06
fp,1.47910838817e-06
friggin,1.47910838817e-06
frontman,1.47910838817e-06
furthest,1.47910838817e-06
garnet,1.47910838817e-06
glanced,1.47910838817e-06
goku,1.47910838817e-06
gorman,1.47910838817e-06
grapefruit,1.47910838817e-06
grate,1.47910838817e-06
greyhound,1.47910838817e-06
grossed,1.47910838817e-06
guerrero,1.47910838817e-06
guido,1.47910838817e-06
gyms,1.47910838817e-06
hahn,1.47910838817e-06
hairdresser,1.47910838817e-06
hardness,1.47910838817e-06
haryana,1.47910838817e-06
helpers,1.47910838817e-06
hendricks,1.47910838817e-06
hess,1.47910838817e-06
hh,1.47910838817e-06
hilly,1.47910838817e-06
hogs,1.47910838817e-06
hone,1.47910838817e-06
horne,1.47910838817e-06
hotspot,1.47910838817e-06
howie,1.47910838817e-06
humbly,1.47910838817e-06
huron,1.47910838817e-06
hw,1.47910838817e-06
hyatt,1.47910838817e-06
inciting,1.47910838817e-06
incomprehensible,1.47910838817e-06
incumbents,1.47910838817e-06
inertia,1.47910838817e-06
infestation,1.47910838817e-06
insurrection,1.47910838817e-06
intolerable,1.47910838817e-06
ironman,1.47910838817e-06
isla,1.47910838817e-06
jordanian,1.47910838817e-06
juno,1.47910838817e-06
kershaw,1.47910838817e-06
koh,1.47910838817e-06
lamont,1.47910838817e-06
larkin,1.47910838817e-06
lauded,1.47910838817e-06
laziness,1.47910838817e-06
leech,1.47910838817e-06
lei,1.47910838817e-06
libs,1.47910838817e-06
macquarie,1.47910838817e-06
madly,1.47910838817e-06
meetup,1.47910838817e-06
milano,1.47910838817e-06
minimise,1.47910838817e-06
miserably,1.47910838817e-06
moldova,1.47910838817e-06
mor,1.47910838817e-06
motivates,1.47910838817e-06
motorsport,1.47910838817e-06
mustered,1.47910838817e-06
mutilation,1.47910838817e-06
nemo,1.47910838817e-06
nerdy,1.47910838817e-06
nifty,1.47910838817e-06
nikita,1.47910838817e-06
orphaned,1.47910838817e-06
ova,1.47910838817e-06
paces,1.47910838817e-06
paine,1.47910838817e-06
palladium,1.47910838817e-06
parmesan,1.47910838817e-06
particulars,1.47910838817e-06
passer,1.47910838817e-06
pathogen,1.47910838817e-06
pci,1.47910838817e-06
pebbles,1.47910838817e-06
pelicans,1.47910838817e-06
pensioners,1.47910838817e-06
personalised,1.47910838817e-06
piazza,1.47910838817e-06
pickled,1.47910838817e-06
policymakers,1.47910838817e-06
pom,1.47910838817e-06
possessive,1.47910838817e-06
pranks,1.47910838817e-06
prefecture,1.47910838817e-06
pretentious,1.47910838817e-06
pritchard,1.47910838817e-06
promenade,1.47910838817e-06
pronoun,1.47910838817e-06
proximal,1.47910838817e-06
rapport,1.47910838817e-06
rapture,1.47910838817e-06
ration,1.47910838817e-06
ravaged,1.47910838817e-06
reconnect,1.47910838817e-06
rectify,1.47910838817e-06
reginald,1.47910838817e-06
rivalries,1.47910838817e-06
rudimentary,1.47910838817e-06
sabres,1.47910838817e-06
salle,1.47910838817e-06
sayings,1.47910838817e-06
scariest,1.47910838817e-06
schumer,1.47910838817e-06
screenwriter,1.47910838817e-06
seconded,1.47910838817e-06
seduced,1.47910838817e-06
seine,1.47910838817e-06
selector,1.47910838817e-06
shawl,1.47910838817e-06
shenzhen,1.47910838817e-06
shilling,1.47910838817e-06
shroud,1.47910838817e-06
shutters,1.47910838817e-06
sj,1.47910838817e-06
skim,1.47910838817e-06
slaps,1.47910838817e-06
slovak,1.47910838817e-06
sn,1.47910838817e-06
solicitation,1.47910838817e-06
sooooo,1.47910838817e-06
specifying,1.47910838817e-06
starboard,1.47910838817e-06
stardust,1.47910838817e-06
stereotypical,1.47910838817e-06
stewards,1.47910838817e-06
stupidest,1.47910838817e-06
superseded,1.47910838817e-06
surpassing,1.47910838817e-06
swirling,1.47910838817e-06
sy,1.47910838817e-06
tarzan,1.47910838817e-06
teas,1.47910838817e-06
telugu,1.47910838817e-06
timbers,1.47910838817e-06
tormented,1.47910838817e-06
traumatized,1.47910838817e-06
twinkle,1.47910838817e-06
tyne,1.47910838817e-06
uncharted,1.47910838817e-06
unforeseen,1.47910838817e-06
unsigned,1.47910838817e-06
unspoken,1.47910838817e-06
upholding,1.47910838817e-06
ux,1.47910838817e-06
valet,1.47910838817e-06
vehemently,1.47910838817e-06
vendetta,1.47910838817e-06
voss,1.47910838817e-06
weakly,1.47910838817e-06
westchester,1.47910838817e-06
wiener,1.47910838817e-06
wildcard,1.47910838817e-06
wildfires,1.47910838817e-06
yorkers,1.47910838817e-06
accommodated,1.44543977075e-06
affordability,1.44543977075e-06
agatha,1.44543977075e-06
aladdin,1.44543977075e-06
alderman,1.44543977075e-06
alienation,1.44543977075e-06
altitudes,1.44543977075e-06
amor,1.44543977075e-06
amplify,1.44543977075e-06
anorexia,1.44543977075e-06
anthropologist,1.44543977075e-06
antidepressants,1.44543977075e-06
apologizes,1.44543977075e-06
astronomer,1.44543977075e-06
atl,1.44543977075e-06
attested,1.44543977075e-06
attrition,1.44543977075e-06
aud,1.44543977075e-06
aunty,1.44543977075e-06
autopilot,1.44543977075e-06
baggy,1.44543977075e-06
bailout,1.44543977075e-06
balfour,1.44543977075e-06
ballads,1.44543977075e-06
ballast,1.44543977075e-06
berman,1.44543977075e-06
bigfoot,1.44543977075e-06
biotech,1.44543977075e-06
blackjack,1.44543977075e-06
bloodstream,1.44543977075e-06
bluegrass,1.44543977075e-06
bordered,1.44543977075e-06
bottling,1.44543977075e-06
brasil,1.44543977075e-06
brigham,1.44543977075e-06
budgetary,1.44543977075e-06
bustling,1.44543977075e-06
camo,1.44543977075e-06
capitalized,1.44543977075e-06
carers,1.44543977075e-06
carte,1.44543977075e-06
cavendish,1.44543977075e-06
celine,1.44543977075e-06
cheerleading,1.44543977075e-06
chipping,1.44543977075e-06
cliche,1.44543977075e-06
clutches,1.44543977075e-06
cockroach,1.44543977075e-06
collaborator,1.44543977075e-06
colton,1.44543977075e-06
composites,1.44543977075e-06
consolidating,1.44543977075e-06
contends,1.44543977075e-06
contradicts,1.44543977075e-06
cortez,1.44543977075e-06
cpc,1.44543977075e-06
crossfit,1.44543977075e-06
cumbersome,1.44543977075e-06
curt,1.44543977075e-06
cyclic,1.44543977075e-06
cyclical,1.44543977075e-06
dade,1.44543977075e-06
deducted,1.44543977075e-06
deformation,1.44543977075e-06
descends,1.44543977075e-06
devotional,1.44543977075e-06
dicaprio,1.44543977075e-06
distinguishes,1.44543977075e-06
diversify,1.44543977075e-06
downloadable,1.44543977075e-06
dum,1.44543977075e-06
duplication,1.44543977075e-06
dynamo,1.44543977075e-06
eastman,1.44543977075e-06
ei,1.44543977075e-06
elixir,1.44543977075e-06
embarking,1.44543977075e-06
emile,1.44543977075e-06
emmett,1.44543977075e-06
endgame,1.44543977075e-06
enhancements,1.44543977075e-06
epiphany,1.44543977075e-06
escobar,1.44543977075e-06
evolves,1.44543977075e-06
eyeing,1.44543977075e-06
eyelids,1.44543977075e-06
eyeliner,1.44543977075e-06
fable,1.44543977075e-06
farah,1.44543977075e-06
fatality,1.44543977075e-06
favoring,1.44543977075e-06
fenced,1.44543977075e-06
ffa,1.44543977075e-06
firewood,1.44543977075e-06
foothills,1.44543977075e-06
foresight,1.44543977075e-06
forsaken,1.44543977075e-06
forsyth,1.44543977075e-06
fundamentalist,1.44543977075e-06
fw,1.44543977075e-06
gabby,1.44543977075e-06
gaddafi,1.44543977075e-06
gayle,1.44543977075e-06
geniuses,1.44543977075e-06
ghostbusters,1.44543977075e-06
greenfield,1.44543977075e-06
greensboro,1.44543977075e-06
groomed,1.44543977075e-06
hackney,1.44543977075e-06
hamstring,1.44543977075e-06
heidelberg,1.44543977075e-06
hl,1.44543977075e-06
hordes,1.44543977075e-06
horseshoe,1.44543977075e-06
ico,1.44543977075e-06
imran,1.44543977075e-06
incision,1.44543977075e-06
indistinguishable,1.44543977075e-06
infer,1.44543977075e-06
inpatient,1.44543977075e-06
inspecting,1.44543977075e-06
intensify,1.44543977075e-06
invitational,1.44543977075e-06
ithaca,1.44543977075e-06
ito,1.44543977075e-06
jarrett,1.44543977075e-06
jiang,1.44543977075e-06
kano,1.44543977075e-06
kennel,1.44543977075e-06
kern,1.44543977075e-06
khmer,1.44543977075e-06
kl,1.44543977075e-06
knitted,1.44543977075e-06
lager,1.44543977075e-06
laird,1.44543977075e-06
letterman,1.44543977075e-06
lighted,1.44543977075e-06
loathing,1.44543977075e-06
lorde,1.44543977075e-06
loyalists,1.44543977075e-06
mahmoud,1.44543977075e-06
manhood,1.44543977075e-06
martyrdom,1.44543977075e-06
mcdermott,1.44543977075e-06
mcmillan,1.44543977075e-06
menopause,1.44543977075e-06
meryl,1.44543977075e-06
michelangelo,1.44543977075e-06
misconceptions,1.44543977075e-06
mobs,1.44543977075e-06
mol,1.44543977075e-06
mortem,1.44543977075e-06
motherboard,1.44543977075e-06
moyes,1.44543977075e-06
msg,1.44543977075e-06
mussolini,1.44543977075e-06
mutilated,1.44543977075e-06
napkin,1.44543977075e-06
nelly,1.44543977075e-06
neuron,1.44543977075e-06
nev,1.44543977075e-06
niall,1.44543977075e-06
nigerians,1.44543977075e-06
nuances,1.44543977075e-06
nugget,1.44543977075e-06
ono,1.44543977075e-06
opus,1.44543977075e-06
orchards,1.44543977075e-06
otc,1.44543977075e-06
outlaws,1.44543977075e-06
ovaries,1.44543977075e-06
overtly,1.44543977075e-06
painless,1.44543977075e-06
paxton,1.44543977075e-06
pears,1.44543977075e-06
perpetually,1.44543977075e-06
pharmacists,1.44543977075e-06
photoshopped,1.44543977075e-06
pitted,1.44543977075e-06
pixar,1.44543977075e-06
pleads,1.44543977075e-06
poisons,1.44543977075e-06
politico,1.44543977075e-06
prenatal,1.44543977075e-06
probabilities,1.44543977075e-06
probate,1.44543977075e-06
procure,1.44543977075e-06
propel,1.44543977075e-06
propensity,1.44543977075e-06
pryor,1.44543977075e-06
punjabi,1.44543977075e-06
purchasers,1.44543977075e-06
pvt,1.44543977075e-06
qld,1.44543977075e-06
rattled,1.44543977075e-06
rbs,1.44543977075e-06
realises,1.44543977075e-06
receptions,1.44543977075e-06
remodeling,1.44543977075e-06
renters,1.44543977075e-06
resorting,1.44543977075e-06
retreats,1.44543977075e-06
rg,1.44543977075e-06
ringo,1.44543977075e-06
roadmap,1.44543977075e-06
roberta,1.44543977075e-06
rockford,1.44543977075e-06
rosary,1.44543977075e-06
rundown,1.44543977075e-06
ruptured,1.44543977075e-06
ruse,1.44543977075e-06
salvatore,1.44543977075e-06
sampson,1.44543977075e-06
sar,1.44543977075e-06
saudis,1.44543977075e-06
seniority,1.44543977075e-06
severance,1.44543977075e-06
sheath,1.44543977075e-06
shillings,1.44543977075e-06
shortcuts,1.44543977075e-06
shorthand,1.44543977075e-06
shortlisted,1.44543977075e-06
shreds,1.44543977075e-06
shrines,1.44543977075e-06
singularity,1.44543977075e-06
snowman,1.44543977075e-06
socialize,1.44543977075e-06
soundcloud,1.44543977075e-06
sparta,1.44543977075e-06
spinoff,1.44543977075e-06
sportsman,1.44543977075e-06
springsteen,1.44543977075e-06
squarely,1.44543977075e-06
stalks,1.44543977075e-06
stepmother,1.44543977075e-06
storming,1.44543977075e-06
strippers,1.44543977075e-06
strut,1.44543977075e-06
succumbed,1.44543977075e-06
swagger,1.44543977075e-06
swirl,1.44543977075e-06
telecommunication,1.44543977075e-06
temptations,1.44543977075e-06
theorist,1.44543977075e-06
theta,1.44543977075e-06
thi,1.44543977075e-06
thong,1.44543977075e-06
thrills,1.44543977075e-06
thumping,1.44543977075e-06
timeframe,1.44543977075e-06
tk,1.44543977075e-06
tod,1.44543977075e-06
tot,1.44543977075e-06
transcribed,1.44543977075e-06
tropics,1.44543977075e-06
tsar,1.44543977075e-06
tycoon,1.44543977075e-06
unconditionally,1.44543977075e-06
uncontrollable,1.44543977075e-06
undeniably,1.44543977075e-06
unfolded,1.44543977075e-06
unorthodox,1.44543977075e-06
uproar,1.44543977075e-06
vertigo,1.44543977075e-06
vigilance,1.44543977075e-06
viscount,1.44543977075e-06
walkway,1.44543977075e-06
wd,1.44543977075e-06
westerners,1.44543977075e-06
whistler,1.44543977075e-06
windmill,1.44543977075e-06
workflow,1.44543977075e-06
worthington,1.44543977075e-06
wrapper,1.44543977075e-06
ymca,1.44543977075e-06
yogi,1.44543977075e-06
youtuber,1.44543977075e-06
zee,1.44543977075e-06
zoned,1.44543977075e-06
abba,1.41253754462e-06
abuja,1.41253754462e-06
acetate,1.41253754462e-06
affirming,1.41253754462e-06
airstrikes,1.41253754462e-06
aisles,1.41253754462e-06
allure,1.41253754462e-06
amps,1.41253754462e-06
anthrax,1.41253754462e-06
antisemitism,1.41253754462e-06
anwar,1.41253754462e-06
apprentices,1.41253754462e-06
aqueous,1.41253754462e-06
ariana,1.41253754462e-06
attainment,1.41253754462e-06
auctioneer,1.41253754462e-06
authorship,1.41253754462e-06
awoke,1.41253754462e-06
axial,1.41253754462e-06
barnard,1.41253754462e-06
barron,1.41253754462e-06
battleship,1.41253754462e-06
bayonet,1.41253754462e-06
bertha,1.41253754462e-06
bette,1.41253754462e-06
blanchard,1.41253754462e-06
bombshell,1.41253754462e-06
bowing,1.41253754462e-06
brewed,1.41253754462e-06
bridgewater,1.41253754462e-06
britons,1.41253754462e-06
burkina,1.41253754462e-06
burnout,1.41253754462e-06
buttocks,1.41253754462e-06
buyout,1.41253754462e-06
byte,1.41253754462e-06
cancerous,1.41253754462e-06
carat,1.41253754462e-06
carcinoma,1.41253754462e-06
carrick,1.41253754462e-06
caveat,1.41253754462e-06
caviar,1.41253754462e-06
ccc,1.41253754462e-06
chairperson,1.41253754462e-06
chong,1.41253754462e-06
chore,1.41253754462e-06
cid,1.41253754462e-06
circumvent,1.41253754462e-06
clique,1.41253754462e-06
coe,1.41253754462e-06
coles,1.41253754462e-06
conserved,1.41253754462e-06
contemplation,1.41253754462e-06
contrived,1.41253754462e-06
corolla,1.41253754462e-06
corrugated,1.41253754462e-06
coz,1.41253754462e-06
cranky,1.41253754462e-06
crept,1.41253754462e-06
crunching,1.41253754462e-06
crushes,1.41253754462e-06
csa,1.41253754462e-06
cults,1.41253754462e-06
curvy,1.41253754462e-06
deluded,1.41253754462e-06
deployments,1.41253754462e-06
depp,1.41253754462e-06
deteriorate,1.41253754462e-06
dior,1.41253754462e-06
disbanded,1.41253754462e-06
discredited,1.41253754462e-06
disorderly,1.41253754462e-06
distraught,1.41253754462e-06
distributes,1.41253754462e-06
dogg,1.41253754462e-06
dons,1.41253754462e-06
doughnuts,1.41253754462e-06
drizzle,1.41253754462e-06
eau,1.41253754462e-06
edging,1.41253754462e-06
elaborated,1.41253754462e-06
embankment,1.41253754462e-06
embassies,1.41253754462e-06
emergent,1.41253754462e-06
emilia,1.41253754462e-06
emilio,1.41253754462e-06
enchanting,1.41253754462e-06
entertainers,1.41253754462e-06
entice,1.41253754462e-06
esq,1.41253754462e-06
eun,1.41253754462e-06
exalted,1.41253754462e-06
exchequer,1.41253754462e-06
fenton,1.41253754462e-06
filly,1.41253754462e-06
flanks,1.41253754462e-06
footy,1.41253754462e-06
formality,1.41253754462e-06
fortitude,1.41253754462e-06
fouls,1.41253754462e-06
fueling,1.41253754462e-06
gambler,1.41253754462e-06
gcse,1.41253754462e-06
gent,1.41253754462e-06
gents,1.41253754462e-06
geopolitical,1.41253754462e-06
glitches,1.41253754462e-06
goethe,1.41253754462e-06
goliath,1.41253754462e-06
governs,1.41253754462e-06
grievance,1.41253754462e-06
grunt,1.41253754462e-06
gsm,1.41253754462e-06
gusts,1.41253754462e-06
hailing,1.41253754462e-06
haines,1.41253754462e-06
halal,1.41253754462e-06
harmonious,1.41253754462e-06
hashtags,1.41253754462e-06
hast,1.41253754462e-06
hester,1.41253754462e-06
hijab,1.41253754462e-06
hitherto,1.41253754462e-06
hogg,1.41253754462e-06
hornet,1.41253754462e-06
humboldt,1.41253754462e-06
hyperbolic,1.41253754462e-06
impeached,1.41253754462e-06
impedance,1.41253754462e-06
incline,1.41253754462e-06
incubation,1.41253754462e-06
insignia,1.41253754462e-06
installments,1.41253754462e-06
intercontinental,1.41253754462e-06
interplay,1.41253754462e-06
interpol,1.41253754462e-06
isotope,1.41253754462e-06
israelites,1.41253754462e-06
jehovah,1.41253754462e-06
jigsaw,1.41253754462e-06
juniper,1.41253754462e-06
jus,1.41253754462e-06
keaton,1.41253754462e-06
kessler,1.41253754462e-06
kindred,1.41253754462e-06
labelling,1.41253754462e-06
lander,1.41253754462e-06
lapd,1.41253754462e-06
larsen,1.41253754462e-06
layouts,1.41253754462e-06
lev,1.41253754462e-06
lilies,1.41253754462e-06
lollipop,1.41253754462e-06
lon,1.41253754462e-06
machete,1.41253754462e-06
mallory,1.41253754462e-06
marshes,1.41253754462e-06
marshmallow,1.41253754462e-06
masse,1.41253754462e-06
matteo,1.41253754462e-06
mcleod,1.41253754462e-06
merchandising,1.41253754462e-06
microphones,1.41253754462e-06
mika,1.41253754462e-06
mink,1.41253754462e-06
mischievous,1.41253754462e-06
misunderstand,1.41253754462e-06
mobilized,1.41253754462e-06
molested,1.41253754462e-06
monies,1.41253754462e-06
monograph,1.41253754462e-06
montenegro,1.41253754462e-06
moo,1.41253754462e-06
morphological,1.41253754462e-06
movable,1.41253754462e-06
mucus,1.41253754462e-06
mulberry,1.41253754462e-06
munro,1.41253754462e-06
nameless,1.41253754462e-06
natalia,1.41253754462e-06
naturalist,1.41253754462e-06
necklaces,1.41253754462e-06
newsroom,1.41253754462e-06
nightlife,1.41253754462e-06
nyu,1.41253754462e-06
officiating,1.41253754462e-06
omnibus,1.41253754462e-06
oof,1.41253754462e-06
opec,1.41253754462e-06
opposites,1.41253754462e-06
orwell,1.41253754462e-06
outburst,1.41253754462e-06
overarching,1.41253754462e-06
overseen,1.41253754462e-06
overwhelm,1.41253754462e-06
pathologist,1.41253754462e-06
pcb,1.41253754462e-06
pcr,1.41253754462e-06
pct,1.41253754462e-06
peacekeeping,1.41253754462e-06
pegasus,1.41253754462e-06
peptides,1.41253754462e-06
petersen,1.41253754462e-06
pharmacology,1.41253754462e-06
pitfalls,1.41253754462e-06
pixie,1.41253754462e-06
ply,1.41253754462e-06
poaching,1.41253754462e-06
powders,1.41253754462e-06
ppm,1.41253754462e-06
preventable,1.41253754462e-06
primed,1.41253754462e-06
prog,1.41253754462e-06
proponent,1.41253754462e-06
protectors,1.41253754462e-06
provenance,1.41253754462e-06
provost,1.41253754462e-06
putt,1.41253754462e-06
quadruple,1.41253754462e-06
quaker,1.41253754462e-06
rachael,1.41253754462e-06
racking,1.41253754462e-06
rana,1.41253754462e-06
raptor,1.41253754462e-06
ratchet,1.41253754462e-06
ravine,1.41253754462e-06
raving,1.41253754462e-06
recreated,1.41253754462e-06
redress,1.41253754462e-06
regenerate,1.41253754462e-06
reigned,1.41253754462e-06
reincarnation,1.41253754462e-06
renewables,1.41253754462e-06
replays,1.41253754462e-06
retirees,1.41253754462e-06
rife,1.41253754462e-06
rollercoaster,1.41253754462e-06
romances,1.41253754462e-06
rotherham,1.41253754462e-06
ruben,1.41253754462e-06
runnin,1.41253754462e-06
samaritan,1.41253754462e-06
sax,1.41253754462e-06
saxophone,1.41253754462e-06
scarves,1.41253754462e-06
schuster,1.41253754462e-06
scorpio,1.41253754462e-06
selma,1.41253754462e-06
settler,1.41253754462e-06
sever,1.41253754462e-06
sharpen,1.41253754462e-06
shellfish,1.41253754462e-06
shortening,1.41253754462e-06
showering,1.41253754462e-06
shrapnel,1.41253754462e-06
shutout,1.41253754462e-06
sickle,1.41253754462e-06
singleton,1.41253754462e-06
skateboarding,1.41253754462e-06
skips,1.41253754462e-06
skit,1.41253754462e-06
slavic,1.41253754462e-06
snowboarding,1.41253754462e-06
snuff,1.41253754462e-06
solidly,1.41253754462e-06
sonoma,1.41253754462e-06
stairway,1.41253754462e-06
starry,1.41253754462e-06
stoic,1.41253754462e-06
supersonic,1.41253754462e-06
suspending,1.41253754462e-06
suzy,1.41253754462e-06
swamps,1.41253754462e-06
swaps,1.41253754462e-06
tablespoon,1.41253754462e-06
tapered,1.41253754462e-06
tardis,1.41253754462e-06
taser,1.41253754462e-06
technologically,1.41253754462e-06
temperance,1.41253754462e-06
terrence,1.41253754462e-06
testimonies,1.41253754462e-06
textured,1.41253754462e-06
thierry,1.41253754462e-06
thrash,1.41253754462e-06
thresholds,1.41253754462e-06
thwarted,1.41253754462e-06
thx,1.41253754462e-06
tombstone,1.41253754462e-06
torches,1.41253754462e-06
torpedoes,1.41253754462e-06
toto,1.41253754462e-06
transplants,1.41253754462e-06
tributaries,1.41253754462e-06
tributary,1.41253754462e-06
trumpets,1.41253754462e-06
turd,1.41253754462e-06
turrets,1.41253754462e-06
tuscany,1.41253754462e-06
tutors,1.41253754462e-06
tweaks,1.41253754462e-06
unchecked,1.41253754462e-06
unfolds,1.41253754462e-06
unhappiness,1.41253754462e-06
unifying,1.41253754462e-06
unimaginable,1.41253754462e-06
unites,1.41253754462e-06
unsecured,1.41253754462e-06
unsustainable,1.41253754462e-06
utilised,1.41253754462e-06
utopian,1.41253754462e-06
verlag,1.41253754462e-06
walcott,1.41253754462e-06
warship,1.41253754462e-06
weathered,1.41253754462e-06
wholeheartedly,1.41253754462e-06
whooping,1.41253754462e-06
widowed,1.41253754462e-06
willed,1.41253754462e-06
woolf,1.41253754462e-06
worsening,1.41253754462e-06
wounding,1.41253754462e-06
wwf,1.41253754462e-06
wwi,1.41253754462e-06
xinjiang,1.41253754462e-06
yao,1.41253754462e-06
zane,1.41253754462e-06
zenith,1.41253754462e-06
zimmer,1.41253754462e-06
zur,1.41253754462e-06
abbreviation,1.3803842646e-06
abd,1.3803842646e-06
abuser,1.3803842646e-06
accords,1.3803842646e-06
accrued,1.3803842646e-06
acm,1.3803842646e-06
actin,1.3803842646e-06
adhesion,1.3803842646e-06
adnan,1.3803842646e-06
allie,1.3803842646e-06
andes,1.3803842646e-06
andres,1.3803842646e-06
animate,1.3803842646e-06
appropriated,1.3803842646e-06
armenians,1.3803842646e-06
arming,1.3803842646e-06
artie,1.3803842646e-06
asymmetric,1.3803842646e-06
atrocious,1.3803842646e-06
autobiographical,1.3803842646e-06
avert,1.3803842646e-06
avian,1.3803842646e-06
backstory,1.3803842646e-06
barns,1.3803842646e-06
bayou,1.3803842646e-06
bern,1.3803842646e-06
blueprints,1.3803842646e-06
bodybuilding,1.3803842646e-06
bodyguards,1.3803842646e-06
branson,1.3803842646e-06
briefings,1.3803842646e-06
bugging,1.3803842646e-06
bullish,1.3803842646e-06
candies,1.3803842646e-06
cantor,1.3803842646e-06
carney,1.3803842646e-06
carrington,1.3803842646e-06
castillo,1.3803842646e-06
chairmen,1.3803842646e-06
chastity,1.3803842646e-06
chime,1.3803842646e-06
chromium,1.3803842646e-06
circumstantial,1.3803842646e-06
claimant,1.3803842646e-06
closeness,1.3803842646e-06
cnbc,1.3803842646e-06
coachella,1.3803842646e-06
collectible,1.3803842646e-06
commemorating,1.3803842646e-06
conceding,1.3803842646e-06
conductivity,1.3803842646e-06
contended,1.3803842646e-06
contextual,1.3803842646e-06
contradicted,1.3803842646e-06
corbin,1.3803842646e-06
cordon,1.3803842646e-06
coulter,1.3803842646e-06
cram,1.3803842646e-06
crawley,1.3803842646e-06
crazed,1.3803842646e-06
crossword,1.3803842646e-06
cuckoo,1.3803842646e-06
cuddly,1.3803842646e-06
dak,1.3803842646e-06
danube,1.3803842646e-06
dawkins,1.3803842646e-06
decaying,1.3803842646e-06
decipher,1.3803842646e-06
delve,1.3803842646e-06
depletion,1.3803842646e-06
discriminating,1.3803842646e-06
dispersal,1.3803842646e-06
displeasure,1.3803842646e-06
diss,1.3803842646e-06
doth,1.3803842646e-06
downgraded,1.3803842646e-06
dps,1.3803842646e-06
dsm,1.3803842646e-06
dumber,1.3803842646e-06
dunkirk,1.3803842646e-06
dwarves,1.3803842646e-06
effortless,1.3803842646e-06
ere,1.3803842646e-06
eyeshadow,1.3803842646e-06
faire,1.3803842646e-06
fave,1.3803842646e-06
fellowships,1.3803842646e-06
finisher,1.3803842646e-06
fluke,1.3803842646e-06
fondness,1.3803842646e-06
fsa,1.3803842646e-06
furnish,1.3803842646e-06
gauntlet,1.3803842646e-06
geologists,1.3803842646e-06
georg,1.3803842646e-06
gettysburg,1.3803842646e-06
ghanaian,1.3803842646e-06
ghostly,1.3803842646e-06
giuseppe,1.3803842646e-06
giveaways,1.3803842646e-06
gliding,1.3803842646e-06
googled,1.3803842646e-06
gopro,1.3803842646e-06
grady,1.3803842646e-06
grating,1.3803842646e-06
grilling,1.3803842646e-06
gripped,1.3803842646e-06
grouse,1.3803842646e-06
growl,1.3803842646e-06
habitual,1.3803842646e-06
hammock,1.3803842646e-06
hater,1.3803842646e-06
hazy,1.3803842646e-06
heisman,1.3803842646e-06
het,1.3803842646e-06
hewlett,1.3803842646e-06
himalayan,1.3803842646e-06
hollis,1.3803842646e-06
horticultural,1.3803842646e-06
hpv,1.3803842646e-06
hurling,1.3803842646e-06
hurried,1.3803842646e-06
hypocrites,1.3803842646e-06
ide,1.3803842646e-06
idealistic,1.3803842646e-06
impede,1.3803842646e-06
imperialist,1.3803842646e-06
induces,1.3803842646e-06
inflamed,1.3803842646e-06
inhumane,1.3803842646e-06
innocents,1.3803842646e-06
instantaneous,1.3803842646e-06
islamists,1.3803842646e-06
isps,1.3803842646e-06
italics,1.3803842646e-06
ivf,1.3803842646e-06
jed,1.3803842646e-06
jinx,1.3803842646e-06
jobless,1.3803842646e-06
jodie,1.3803842646e-06
joo,1.3803842646e-06
jurisprudence,1.3803842646e-06
justifiable,1.3803842646e-06
kei,1.3803842646e-06
kellogg,1.3803842646e-06
kepler,1.3803842646e-06
kyrgyzstan,1.3803842646e-06
lark,1.3803842646e-06
lecturers,1.3803842646e-06
lecturing,1.3803842646e-06
linkage,1.3803842646e-06
lobes,1.3803842646e-06
louvre,1.3803842646e-06
lovingly,1.3803842646e-06
lucille,1.3803842646e-06
lyft,1.3803842646e-06
manifests,1.3803842646e-06
mardi,1.3803842646e-06
masonic,1.3803842646e-06
mathieu,1.3803842646e-06
medics,1.3803842646e-06
meng,1.3803842646e-06
ment,1.3803842646e-06
meps,1.3803842646e-06
merritt,1.3803842646e-06
messengers,1.3803842646e-06
mitigating,1.3803842646e-06
moderated,1.3803842646e-06
mohawk,1.3803842646e-06
monarchs,1.3803842646e-06
mortars,1.3803842646e-06
multiples,1.3803842646e-06
murals,1.3803842646e-06
nada,1.3803842646e-06
nafta,1.3803842646e-06
nell,1.3803842646e-06
newfound,1.3803842646e-06
newsweek,1.3803842646e-06
niles,1.3803842646e-06
nineties,1.3803842646e-06
nosed,1.3803842646e-06
nukes,1.3803842646e-06
observational,1.3803842646e-06
olaf,1.3803842646e-06
oldham,1.3803842646e-06
oleg,1.3803842646e-06
ombudsman,1.3803842646e-06
ordinances,1.3803842646e-06
overtaken,1.3803842646e-06
pancreas,1.3803842646e-06
pandas,1.3803842646e-06
parlour,1.3803842646e-06
pasha,1.3803842646e-06
peoria,1.3803842646e-06
periodical,1.3803842646e-06
phew,1.3803842646e-06
pickering,1.3803842646e-06
pickups,1.3803842646e-06
pinched,1.3803842646e-06
plating,1.3803842646e-06
pont,1.3803842646e-06
postings,1.3803842646e-06
postmaster,1.3803842646e-06
potts,1.3803842646e-06
powerfully,1.3803842646e-06
prentice,1.3803842646e-06
primate,1.3803842646e-06
proverb,1.3803842646e-06
puns,1.3803842646e-06
quarterbacks,1.3803842646e-06
quarterfinals,1.3803842646e-06
quests,1.3803842646e-06
raisins,1.3803842646e-06
ranting,1.3803842646e-06
ratification,1.3803842646e-06
recited,1.3803842646e-06
reclamation,1.3803842646e-06
reece,1.3803842646e-06
refineries,1.3803842646e-06
refute,1.3803842646e-06
resettlement,1.3803842646e-06
reverted,1.3803842646e-06
rewriting,1.3803842646e-06
ric,1.3803842646e-06
saratoga,1.3803842646e-06
sculpted,1.3803842646e-06
sects,1.3803842646e-06
sedentary,1.3803842646e-06
shaq,1.3803842646e-06
sheriffs,1.3803842646e-06
shivering,1.3803842646e-06
shocker,1.3803842646e-06
shoulda,1.3803842646e-06
showroom,1.3803842646e-06
sightseeing,1.3803842646e-06
situational,1.3803842646e-06
skaters,1.3803842646e-06
slicing,1.3803842646e-06
soggy,1.3803842646e-06
someplace,1.3803842646e-06
sorcerer,1.3803842646e-06
sorcery,1.3803842646e-06
spades,1.3803842646e-06
specialising,1.3803842646e-06
speciality,1.3803842646e-06
spleen,1.3803842646e-06
starlight,1.3803842646e-06
steadfast,1.3803842646e-06
stimulates,1.3803842646e-06
stomping,1.3803842646e-06
stoop,1.3803842646e-06
stroking,1.3803842646e-06
stuffs,1.3803842646e-06
stylistic,1.3803842646e-06
supergirl,1.3803842646e-06
superpowers,1.3803842646e-06
superstitious,1.3803842646e-06
syrians,1.3803842646e-06
tay,1.3803842646e-06
tentatively,1.3803842646e-06
thinning,1.3803842646e-06
thrice,1.3803842646e-06
thu,1.3803842646e-06
touchy,1.3803842646e-06
trampoline,1.3803842646e-06
tranquil,1.3803842646e-06
transformative,1.3803842646e-06
trespassing,1.3803842646e-06
undergraduates,1.3803842646e-06
underwriting,1.3803842646e-06
unplanned,1.3803842646e-06
unsuspecting,1.3803842646e-06
unwelcome,1.3803842646e-06
unwell,1.3803842646e-06
vacate,1.3803842646e-06
venting,1.3803842646e-06
ville,1.3803842646e-06
waldorf,1.3803842646e-06
warring,1.3803842646e-06
wetland,1.3803842646e-06
whit,1.3803842646e-06
whitehead,1.3803842646e-06
yemeni,1.3803842646e-06
yoko,1.3803842646e-06
youve,1.3803842646e-06
yung,1.3803842646e-06
abode,1.34896288259e-06
abomination,1.34896288259e-06
acer,1.34896288259e-06
acs,1.34896288259e-06
acutely,1.34896288259e-06
adherents,1.34896288259e-06
adhering,1.34896288259e-06
affiliations,1.34896288259e-06
alexei,1.34896288259e-06
allotment,1.34896288259e-06
amplifiers,1.34896288259e-06
angelic,1.34896288259e-06
antisocial,1.34896288259e-06
anxieties,1.34896288259e-06
approvals,1.34896288259e-06
aries,1.34896288259e-06
associating,1.34896288259e-06
astral,1.34896288259e-06
astray,1.34896288259e-06
audited,1.34896288259e-06
baffling,1.34896288259e-06
bal,1.34896288259e-06
banded,1.34896288259e-06
bao,1.34896288259e-06
bathed,1.34896288259e-06
betraying,1.34896288259e-06
bhai,1.34896288259e-06
bharat,1.34896288259e-06
blacklist,1.34896288259e-06
blockers,1.34896288259e-06
blunder,1.34896288259e-06
booing,1.34896288259e-06
bowlers,1.34896288259e-06
brownish,1.34896288259e-06
buddhists,1.34896288259e-06
bummed,1.34896288259e-06
burdened,1.34896288259e-06
cfo,1.34896288259e-06
chaser,1.34896288259e-06
checkpoints,1.34896288259e-06
chet,1.34896288259e-06
chipotle,1.34896288259e-06
choreographer,1.34896288259e-06
clams,1.34896288259e-06
clintons,1.34896288259e-06
coa,1.34896288259e-06
coates,1.34896288259e-06
colchester,1.34896288259e-06
commotion,1.34896288259e-06
communicates,1.34896288259e-06
completeness,1.34896288259e-06
concierge,1.34896288259e-06
congressmen,1.34896288259e-06
cummins,1.34896288259e-06
cynicism,1.34896288259e-06
darkened,1.34896288259e-06
dazed,1.34896288259e-06
debatable,1.34896288259e-06
denominator,1.34896288259e-06
devolved,1.34896288259e-06
dieting,1.34896288259e-06
diligently,1.34896288259e-06
dinah,1.34896288259e-06
diners,1.34896288259e-06
doppler,1.34896288259e-06
dowry,1.34896288259e-06
drinkers,1.34896288259e-06
duality,1.34896288259e-06
duplex,1.34896288259e-06
ect,1.34896288259e-06
egan,1.34896288259e-06
endearing,1.34896288259e-06
epilogue,1.34896288259e-06
etching,1.34896288259e-06
exemplified,1.34896288259e-06
ext,1.34896288259e-06
extermination,1.34896288259e-06
eyre,1.34896288259e-06
fancied,1.34896288259e-06
fatima,1.34896288259e-06
feldman,1.34896288259e-06
firefly,1.34896288259e-06
fleetwood,1.34896288259e-06
flotation,1.34896288259e-06
focussed,1.34896288259e-06
foraging,1.34896288259e-06
forbids,1.34896288259e-06
foreword,1.34896288259e-06
fsu,1.34896288259e-06
fy,1.34896288259e-06
gamblers,1.34896288259e-06
garages,1.34896288259e-06
goldie,1.34896288259e-06
golds,1.34896288259e-06
grandchild,1.34896288259e-06
grids,1.34896288259e-06
grossing,1.34896288259e-06
habitable,1.34896288259e-06
hails,1.34896288259e-06
hallways,1.34896288259e-06
harem,1.34896288259e-06
hawkeye,1.34896288259e-06
hegemony,1.34896288259e-06
hilda,1.34896288259e-06
himalayas,1.34896288259e-06
hippo,1.34896288259e-06
hof,1.34896288259e-06
hypnotic,1.34896288259e-06
imagines,1.34896288259e-06
inaction,1.34896288259e-06
inconclusive,1.34896288259e-06
incubator,1.34896288259e-06
inept,1.34896288259e-06
inexplicable,1.34896288259e-06
innovate,1.34896288259e-06
inseparable,1.34896288259e-06
institutionalized,1.34896288259e-06
instructing,1.34896288259e-06
intravenous,1.34896288259e-06
invests,1.34896288259e-06
juries,1.34896288259e-06
juror,1.34896288259e-06
kilo,1.34896288259e-06
kinship,1.34896288259e-06
kv,1.34896288259e-06
lactose,1.34896288259e-06
lat,1.34896288259e-06
lenient,1.34896288259e-06
liang,1.34896288259e-06
lids,1.34896288259e-06
likened,1.34896288259e-06
lockout,1.34896288259e-06
lube,1.34896288259e-06
luton,1.34896288259e-06
macon,1.34896288259e-06
mak,1.34896288259e-06
marcelo,1.34896288259e-06
martins,1.34896288259e-06
masking,1.34896288259e-06
mastercard,1.34896288259e-06
mathematicians,1.34896288259e-06
mathew,1.34896288259e-06
maximizing,1.34896288259e-06
mccabe,1.34896288259e-06
mediate,1.34896288259e-06
methodologies,1.34896288259e-06
mfa,1.34896288259e-06
micah,1.34896288259e-06
microorganisms,1.34896288259e-06
millimeter,1.34896288259e-06
minaj,1.34896288259e-06
minh,1.34896288259e-06
moans,1.34896288259e-06
modal,1.34896288259e-06
moderates,1.34896288259e-06
modernism,1.34896288259e-06
moira,1.34896288259e-06
monasteries,1.34896288259e-06
monique,1.34896288259e-06
napier,1.34896288259e-06
narrows,1.34896288259e-06
nawaz,1.34896288259e-06
negotiator,1.34896288259e-06
niggas,1.34896288259e-06
nomadic,1.34896288259e-06
npc,1.34896288259e-06
observance,1.34896288259e-06
ont,1.34896288259e-06
overloaded,1.34896288259e-06
parentheses,1.34896288259e-06
penance,1.34896288259e-06
peroxide,1.34896288259e-06
peugeot,1.34896288259e-06
pigments,1.34896288259e-06
pinning,1.34896288259e-06
pisa,1.34896288259e-06
planks,1.34896288259e-06
pluck,1.34896288259e-06
porte,1.34896288259e-06
postdoctoral,1.34896288259e-06
potus,1.34896288259e-06
preposterous,1.34896288259e-06
pressuring,1.34896288259e-06
preventative,1.34896288259e-06
prometheus,1.34896288259e-06
prophecies,1.34896288259e-06
proverbial,1.34896288259e-06
puffy,1.34896288259e-06
puzzling,1.34896288259e-06
qpr,1.34896288259e-06
quail,1.34896288259e-06
quirk,1.34896288259e-06
rabid,1.34896288259e-06
rafa,1.34896288259e-06
rasmussen,1.34896288259e-06
redneck,1.34896288259e-06
reformer,1.34896288259e-06
reformers,1.34896288259e-06
registrations,1.34896288259e-06
rehearsing,1.34896288259e-06
reiterate,1.34896288259e-06
resolves,1.34896288259e-06
resonant,1.34896288259e-06
resultant,1.34896288259e-06
retinal,1.34896288259e-06
rgb,1.34896288259e-06
rhodesia,1.34896288259e-06
rothschild,1.34896288259e-06
rsa,1.34896288259e-06
rw,1.34896288259e-06
scammers,1.34896288259e-06
schema,1.34896288259e-06
schizophrenic,1.34896288259e-06
schwarzenegger,1.34896288259e-06
scorn,1.34896288259e-06
screwdriver,1.34896288259e-06
shay,1.34896288259e-06
shetland,1.34896288259e-06
shippers,1.34896288259e-06
sho,1.34896288259e-06
sighed,1.34896288259e-06
sizzling,1.34896288259e-06
skillful,1.34896288259e-06
skywalker,1.34896288259e-06
slowest,1.34896288259e-06
sonata,1.34896288259e-06
soulful,1.34896288259e-06
southend,1.34896288259e-06
stampede,1.34896288259e-06
standoff,1.34896288259e-06
stately,1.34896288259e-06
steered,1.34896288259e-06
straightened,1.34896288259e-06
sugary,1.34896288259e-06
suitably,1.34896288259e-06
supernova,1.34896288259e-06
surrendering,1.34896288259e-06
synonym,1.34896288259e-06
tanned,1.34896288259e-06
tantrum,1.34896288259e-06
tapering,1.34896288259e-06
tectonic,1.34896288259e-06
tele,1.34896288259e-06
templar,1.34896288259e-06
tmz,1.34896288259e-06
tna,1.34896288259e-06
toxicology,1.34896288259e-06
transfusion,1.34896288259e-06
treachery,1.34896288259e-06
tung,1.34896288259e-06
tweaking,1.34896288259e-06
unbreakable,1.34896288259e-06
undermines,1.34896288259e-06
unmatched,1.34896288259e-06
upheaval,1.34896288259e-06
uploads,1.34896288259e-06
urbana,1.34896288259e-06
vaccinations,1.34896288259e-06
valentino,1.34896288259e-06
valuations,1.34896288259e-06
veneer,1.34896288259e-06
verona,1.34896288259e-06
viewership,1.34896288259e-06
viscosity,1.34896288259e-06
vogel,1.34896288259e-06
vouch,1.34896288259e-06
wafer,1.34896288259e-06
wai,1.34896288259e-06
wcw,1.34896288259e-06
wiz,1.34896288259e-06
worsened,1.34896288259e-06
xo,1.34896288259e-06
zoos,1.34896288259e-06
adaptable,1.31825673856e-06
adhered,1.31825673856e-06
adjutant,1.31825673856e-06
advancements,1.31825673856e-06
aggravating,1.31825673856e-06
alia,1.31825673856e-06
alta,1.31825673856e-06
altercation,1.31825673856e-06
amplification,1.31825673856e-06
amuse,1.31825673856e-06
ancients,1.31825673856e-06
appleton,1.31825673856e-06
aps,1.31825673856e-06
aptly,1.31825673856e-06
archaeologist,1.31825673856e-06
armada,1.31825673856e-06
arousal,1.31825673856e-06
arsene,1.31825673856e-06
artistry,1.31825673856e-06
asheville,1.31825673856e-06
assuring,1.31825673856e-06
atrium,1.31825673856e-06
atv,1.31825673856e-06
atypical,1.31825673856e-06
authorizing,1.31825673856e-06
autographs,1.31825673856e-06
autos,1.31825673856e-06
backups,1.31825673856e-06
bah,1.31825673856e-06
bakersfield,1.31825673856e-06
bangladeshi,1.31825673856e-06
bannon,1.31825673856e-06
barrie,1.31825673856e-06
bartholomew,1.31825673856e-06
bavarian,1.31825673856e-06
beacons,1.31825673856e-06
bearers,1.31825673856e-06
becca,1.31825673856e-06
bernadette,1.31825673856e-06
bingham,1.31825673856e-06
bouncer,1.31825673856e-06
bracing,1.31825673856e-06
breezy,1.31825673856e-06
brunt,1.31825673856e-06
bucky,1.31825673856e-06
burgeoning,1.31825673856e-06
cadence,1.31825673856e-06
californian,1.31825673856e-06
cancels,1.31825673856e-06
candice,1.31825673856e-06
capitalization,1.31825673856e-06
cashmere,1.31825673856e-06
chaps,1.31825673856e-06
cheeseburger,1.31825673856e-06
churning,1.31825673856e-06
cipher,1.31825673856e-06
clarinet,1.31825673856e-06
clashed,1.31825673856e-06
comforted,1.31825673856e-06
condensation,1.31825673856e-06
condos,1.31825673856e-06
confesses,1.31825673856e-06
confluence,1.31825673856e-06
consented,1.31825673856e-06
constipation,1.31825673856e-06
consultative,1.31825673856e-06
contesting,1.31825673856e-06
contraband,1.31825673856e-06
cookery,1.31825673856e-06
creme,1.31825673856e-06
criminally,1.31825673856e-06
crocodiles,1.31825673856e-06
crutches,1.31825673856e-06
custodian,1.31825673856e-06
cyst,1.31825673856e-06
dah,1.31825673856e-06
decisively,1.31825673856e-06
degeneration,1.31825673856e-06
delinquent,1.31825673856e-06
democratically,1.31825673856e-06
deodorant,1.31825673856e-06
detonated,1.31825673856e-06
disappointments,1.31825673856e-06
disapprove,1.31825673856e-06
dobson,1.31825673856e-06
dodged,1.31825673856e-06
dormitory,1.31825673856e-06
dredging,1.31825673856e-06
duran,1.31825673856e-06
emigrated,1.31825673856e-06
enticing,1.31825673856e-06
eradication,1.31825673856e-06
erasmus,1.31825673856e-06
esl,1.31825673856e-06
ethnically,1.31825673856e-06
evangelicals,1.31825673856e-06
evoked,1.31825673856e-06
excesses,1.31825673856e-06
exhilarating,1.31825673856e-06
eyelashes,1.31825673856e-06
fainted,1.31825673856e-06
feline,1.31825673856e-06
femininity,1.31825673856e-06
ferns,1.31825673856e-06
fickle,1.31825673856e-06
figurative,1.31825673856e-06
flared,1.31825673856e-06
footwork,1.31825673856e-06
forage,1.31825673856e-06
fraught,1.31825673856e-06
freshness,1.31825673856e-06
fronted,1.31825673856e-06
galilee,1.31825673856e-06
gallup,1.31825673856e-06
gauges,1.31825673856e-06
glastonbury,1.31825673856e-06
gonzales,1.31825673856e-06
grapple,1.31825673856e-06
grated,1.31825673856e-06
greets,1.31825673856e-06
groan,1.31825673856e-06
grub,1.31825673856e-06
gunna,1.31825673856e-06
gunned,1.31825673856e-06
handouts,1.31825673856e-06
hangout,1.31825673856e-06
hartman,1.31825673856e-06
havin,1.31825673856e-06
headers,1.31825673856e-06
henson,1.31825673856e-06
hickory,1.31825673856e-06
hives,1.31825673856e-06
hiya,1.31825673856e-06
hoist,1.31825673856e-06
hubble,1.31825673856e-06
huff,1.31825673856e-06
hunk,1.31825673856e-06
idc,1.31825673856e-06
identifier,1.31825673856e-06
incite,1.31825673856e-06
increments,1.31825673856e-06
industrialized,1.31825673856e-06
inferred,1.31825673856e-06
informally,1.31825673856e-06
inhalation,1.31825673856e-06
inhibits,1.31825673856e-06
insides,1.31825673856e-06
interruptions,1.31825673856e-06
intoxication,1.31825673856e-06
isotopes,1.31825673856e-06
jagged,1.31825673856e-06
joachim,1.31825673856e-06
josiah,1.31825673856e-06
jv,1.31825673856e-06
kant,1.31825673856e-06
katharine,1.31825673856e-06
kavanaugh,1.31825673856e-06
laces,1.31825673856e-06
lamented,1.31825673856e-06
lasagna,1.31825673856e-06
leaflet,1.31825673856e-06
leds,1.31825673856e-06
lucian,1.31825673856e-06
marissa,1.31825673856e-06
markus,1.31825673856e-06
marlene,1.31825673856e-06
massa,1.31825673856e-06
massacred,1.31825673856e-06
massacres,1.31825673856e-06
maturing,1.31825673856e-06
mcintosh,1.31825673856e-06
mckinney,1.31825673856e-06
mediocrity,1.31825673856e-06
mediums,1.31825673856e-06
midwestern,1.31825673856e-06
minding,1.31825673856e-06
moat,1.31825673856e-06
molds,1.31825673856e-06
mori,1.31825673856e-06
morty,1.31825673856e-06
motorized,1.31825673856e-06
mouthpiece,1.31825673856e-06
muck,1.31825673856e-06
murky,1.31825673856e-06
nab,1.31825673856e-06
neonatal,1.31825673856e-06
neuronal,1.31825673856e-06
neutralize,1.31825673856e-06
nicholls,1.31825673856e-06
nickelodeon,1.31825673856e-06
omen,1.31825673856e-06
ora,1.31825673856e-06
orally,1.31825673856e-06
orchids,1.31825673856e-06
overgrown,1.31825673856e-06
overlooks,1.31825673856e-06
overpriced,1.31825673856e-06
overruled,1.31825673856e-06
painkillers,1.31825673856e-06
pallet,1.31825673856e-06
parramatta,1.31825673856e-06
partitions,1.31825673856e-06
patriarchy,1.31825673856e-06
patsy,1.31825673856e-06
paz,1.31825673856e-06
pdp,1.31825673856e-06
peaking,1.31825673856e-06
pedagogy,1.31825673856e-06
perm,1.31825673856e-06
philanthropist,1.31825673856e-06
piedmont,1.31825673856e-06
pinto,1.31825673856e-06
poc,1.31825673856e-06
pontiac,1.31825673856e-06
prc,1.31825673856e-06
predictor,1.31825673856e-06
premiers,1.31825673856e-06
priscilla,1.31825673856e-06
professed,1.31825673856e-06
qing,1.31825673856e-06
rants,1.31825673856e-06
rashid,1.31825673856e-06
readership,1.31825673856e-06
reaffirmed,1.31825673856e-06
reciting,1.31825673856e-06
reels,1.31825673856e-06
rei,1.31825673856e-06
relinquish,1.31825673856e-06
resists,1.31825673856e-06
resolute,1.31825673856e-06
restricts,1.31825673856e-06
retainer,1.31825673856e-06
rethinking,1.31825673856e-06
runways,1.31825673856e-06
salient,1.31825673856e-06
scents,1.31825673856e-06
schematic,1.31825673856e-06
scoreless,1.31825673856e-06
seawater,1.31825673856e-06
secs,1.31825673856e-06
secures,1.31825673856e-06
seedlings,1.31825673856e-06
sentient,1.31825673856e-06
separatist,1.31825673856e-06
sera,1.31825673856e-06
serb,1.31825673856e-06
serbs,1.31825673856e-06
shropshire,1.31825673856e-06
sikhs,1.31825673856e-06
skyscrapers,1.31825673856e-06
slurs,1.31825673856e-06
slutty,1.31825673856e-06
smurf,1.31825673856e-06
snippet,1.31825673856e-06
somethings,1.31825673856e-06
spielberg,1.31825673856e-06
spokeswoman,1.31825673856e-06
spotless,1.31825673856e-06
sprang,1.31825673856e-06
ssh,1.31825673856e-06
stabilizing,1.31825673856e-06
stinky,1.31825673856e-06
stitching,1.31825673856e-06
stockpile,1.31825673856e-06
strenuous,1.31825673856e-06
strikingly,1.31825673856e-06
strives,1.31825673856e-06
stumps,1.31825673856e-06
subordinates,1.31825673856e-06
summarizes,1.31825673856e-06
surcharge,1.31825673856e-06
tarot,1.31825673856e-06
tcp,1.31825673856e-06
theologians,1.31825673856e-06
throbbing,1.31825673856e-06
tilting,1.31825673856e-06
trailed,1.31825673856e-06
treasured,1.31825673856e-06
tungsten,1.31825673856e-06
tw,1.31825673856e-06
twigs,1.31825673856e-06
txt,1.31825673856e-06
ucl,1.31825673856e-06
uhm,1.31825673856e-06
umpires,1.31825673856e-06
unharmed,1.31825673856e-06
unilaterally,1.31825673856e-06
unintentional,1.31825673856e-06
unspeakable,1.31825673856e-06
untimely,1.31825673856e-06
ust,1.31825673856e-06
uva,1.31825673856e-06
vfl,1.31825673856e-06
vida,1.31825673856e-06
vodafone,1.31825673856e-06
vous,1.31825673856e-06
warrington,1.31825673856e-06
wedges,1.31825673856e-06
whomever,1.31825673856e-06
wondrous,1.31825673856e-06
woodrow,1.31825673856e-06
woof,1.31825673856e-06
workable,1.31825673856e-06
wrinkle,1.31825673856e-06
yak,1.31825673856e-06
zhu,1.31825673856e-06
abdel,1.28824955169e-06
abstracts,1.28824955169e-06
abundantly,1.28824955169e-06
acknowledgment,1.28824955169e-06
adoration,1.28824955169e-06
affectionately,1.28824955169e-06
affliction,1.28824955169e-06
aguero,1.28824955169e-06
alluded,1.28824955169e-06
alters,1.28824955169e-06
amounting,1.28824955169e-06
ams,1.28824955169e-06
ariz,1.28824955169e-06
armageddon,1.28824955169e-06
arya,1.28824955169e-06
ashe,1.28824955169e-06
attaches,1.28824955169e-06
awww,1.28824955169e-06
backfire,1.28824955169e-06
bathurst,1.28824955169e-06
belinda,1.28824955169e-06
bethel,1.28824955169e-06
bonn,1.28824955169e-06
bookshop,1.28824955169e-06
bora,1.28824955169e-06
botox,1.28824955169e-06
bowers,1.28824955169e-06
bree,1.28824955169e-06
bridesmaids,1.28824955169e-06
brooding,1.28824955169e-06
burberry,1.28824955169e-06
canes,1.28824955169e-06
caregiver,1.28824955169e-06
celebs,1.28824955169e-06
championed,1.28824955169e-06
chernobyl,1.28824955169e-06
chesterfield,1.28824955169e-06
clapped,1.28824955169e-06
clerics,1.28824955169e-06
cochrane,1.28824955169e-06
cockroaches,1.28824955169e-06
coerced,1.28824955169e-06
collectibles,1.28824955169e-06
conspirators,1.28824955169e-06
conspired,1.28824955169e-06
conspiring,1.28824955169e-06
contours,1.28824955169e-06
contraceptive,1.28824955169e-06
conversational,1.28824955169e-06
corrosive,1.28824955169e-06
counterpoint,1.28824955169e-06
courting,1.28824955169e-06
cowardice,1.28824955169e-06
crusher,1.28824955169e-06
cuddling,1.28824955169e-06
cyclops,1.28824955169e-06
dahl,1.28824955169e-06
daw,1.28824955169e-06
defied,1.28824955169e-06
depictions,1.28824955169e-06
derailed,1.28824955169e-06
dill,1.28824955169e-06
dimitri,1.28824955169e-06
dio,1.28824955169e-06
discontinue,1.28824955169e-06
diseased,1.28824955169e-06
disgruntled,1.28824955169e-06
dispense,1.28824955169e-06
disqualification,1.28824955169e-06
dizziness,1.28824955169e-06
ducts,1.28824955169e-06
dusted,1.28824955169e-06
dv,1.28824955169e-06
econ,1.28824955169e-06
emi,1.28824955169e-06
enacting,1.28824955169e-06
enigmatic,1.28824955169e-06
ennis,1.28824955169e-06
envisaged,1.28824955169e-06
epl,1.28824955169e-06
esquire,1.28824955169e-06
ethically,1.28824955169e-06
exhale,1.28824955169e-06
fanning,1.28824955169e-06
farley,1.28824955169e-06
fergus,1.28824955169e-06
firemen,1.28824955169e-06
fission,1.28824955169e-06
fives,1.28824955169e-06
fleas,1.28824955169e-06
flurry,1.28824955169e-06
folio,1.28824955169e-06
fosters,1.28824955169e-06
franc,1.28824955169e-06
frugal,1.28824955169e-06
fugitives,1.28824955169e-06
gainesville,1.28824955169e-06
galore,1.28824955169e-06
genomic,1.28824955169e-06
gestapo,1.28824955169e-06
gk,1.28824955169e-06
glimmer,1.28824955169e-06
goon,1.28824955169e-06
gq,1.28824955169e-06
graces,1.28824955169e-06
grandkids,1.28824955169e-06
groovy,1.28824955169e-06
gully,1.28824955169e-06
gundam,1.28824955169e-06
gurney,1.28824955169e-06
handball,1.28824955169e-06
harmonies,1.28824955169e-06
hectare,1.28824955169e-06
hereford,1.28824955169e-06
hickey,1.28824955169e-06
hijack,1.28824955169e-06
hikers,1.28824955169e-06
hologram,1.28824955169e-06
homicides,1.28824955169e-06
horatio,1.28824955169e-06
humankind,1.28824955169e-06
hydroelectric,1.28824955169e-06
immunology,1.28824955169e-06
indulging,1.28824955169e-06
ingested,1.28824955169e-06
inhibited,1.28824955169e-06
intensifies,1.28824955169e-06
interacted,1.28824955169e-06
intruders,1.28824955169e-06
ipads,1.28824955169e-06
isbn,1.28824955169e-06
ita,1.28824955169e-06
iterations,1.28824955169e-06
izzy,1.28824955169e-06
judgements,1.28824955169e-06
karan,1.28824955169e-06
kayla,1.28824955169e-06
kiln,1.28824955169e-06
kp,1.28824955169e-06
landowner,1.28824955169e-06
latvian,1.28824955169e-06
leveraged,1.28824955169e-06
levers,1.28824955169e-06
lilac,1.28824955169e-06
limelight,1.28824955169e-06
lister,1.28824955169e-06
loathe,1.28824955169e-06
lobbied,1.28824955169e-06
logistic,1.28824955169e-06
lok,1.28824955169e-06
loopholes,1.28824955169e-06
macaroni,1.28824955169e-06
maclean,1.28824955169e-06
manganese,1.28824955169e-06
mantis,1.28824955169e-06
marr,1.28824955169e-06
mattresses,1.28824955169e-06
mayan,1.28824955169e-06
merrick,1.28824955169e-06
midsummer,1.28824955169e-06
mig,1.28824955169e-06
milligrams,1.28824955169e-06
mimics,1.28824955169e-06
minsk,1.28824955169e-06
misunderstandings,1.28824955169e-06
momentous,1.28824955169e-06
mora,1.28824955169e-06
mou,1.28824955169e-06
mules,1.28824955169e-06
nanoparticles,1.28824955169e-06
nasser,1.28824955169e-06
nightclubs,1.28824955169e-06
nightfall,1.28824955169e-06
nikolai,1.28824955169e-06
notary,1.28824955169e-06
observable,1.28824955169e-06
occupant,1.28824955169e-06
omissions,1.28824955169e-06
organiser,1.28824955169e-06
ott,1.28824955169e-06
outfield,1.28824955169e-06
oy,1.28824955169e-06
paddington,1.28824955169e-06
paddock,1.28824955169e-06
padre,1.28824955169e-06
pang,1.28824955169e-06
pardoned,1.28824955169e-06
parliaments,1.28824955169e-06
participatory,1.28824955169e-06
partisans,1.28824955169e-06
pavel,1.28824955169e-06
perils,1.28824955169e-06
permissions,1.28824955169e-06
pfizer,1.28824955169e-06
pia,1.28824955169e-06
plugging,1.28824955169e-06
pneumatic,1.28824955169e-06
pointy,1.28824955169e-06
polyester,1.28824955169e-06
polynomial,1.28824955169e-06
porridge,1.28824955169e-06
protester,1.28824955169e-06
pug,1.28824955169e-06
pyongyang,1.28824955169e-06
quill,1.28824955169e-06
reassured,1.28824955169e-06
refurbishment,1.28824955169e-06
renown,1.28824955169e-06
rescheduled,1.28824955169e-06
revel,1.28824955169e-06
reworked,1.28824955169e-06
rocco,1.28824955169e-06
rochelle,1.28824955169e-06
rollin,1.28824955169e-06
roundtable,1.28824955169e-06
rower,1.28824955169e-06
rut,1.28824955169e-06
salaam,1.28824955169e-06
sanjay,1.28824955169e-06
scapegoat,1.28824955169e-06
schooled,1.28824955169e-06
screeching,1.28824955169e-06
secretion,1.28824955169e-06
shambles,1.28824955169e-06
shipwreck,1.28824955169e-06
shirtless,1.28824955169e-06
shrewd,1.28824955169e-06
shudder,1.28824955169e-06
shunned,1.28824955169e-06
sia,1.28824955169e-06
sicilian,1.28824955169e-06
slalom,1.28824955169e-06
smuggle,1.28824955169e-06
snowflakes,1.28824955169e-06
solder,1.28824955169e-06
sous,1.28824955169e-06
spanned,1.28824955169e-06
sparring,1.28824955169e-06
spectacles,1.28824955169e-06
spire,1.28824955169e-06
spout,1.28824955169e-06
sprout,1.28824955169e-06
stench,1.28824955169e-06
stings,1.28824955169e-06
stochastic,1.28824955169e-06
stratton,1.28824955169e-06
subsistence,1.28824955169e-06
subterranean,1.28824955169e-06
sully,1.28824955169e-06
superhuman,1.28824955169e-06
synchronization,1.28824955169e-06
tajikistan,1.28824955169e-06
tellin,1.28824955169e-06
tenacity,1.28824955169e-06
thurston,1.28824955169e-06
tolerable,1.28824955169e-06
topper,1.28824955169e-06
tre,1.28824955169e-06
trespass,1.28824955169e-06
tuxedo,1.28824955169e-06
umbrellas,1.28824955169e-06
understated,1.28824955169e-06
undeveloped,1.28824955169e-06
univ,1.28824955169e-06
unknowingly,1.28824955169e-06
unplugged,1.28824955169e-06
untouchable,1.28824955169e-06
unwarranted,1.28824955169e-06
unwillingness,1.28824955169e-06
vases,1.28824955169e-06
vetting,1.28824955169e-06
vg,1.28824955169e-06
vibrator,1.28824955169e-06
wailing,1.28824955169e-06
warhol,1.28824955169e-06
warwickshire,1.28824955169e-06
whisk,1.28824955169e-06
wishful,1.28824955169e-06
wrestled,1.28824955169e-06
wynn,1.28824955169e-06
yoda,1.28824955169e-06
yoruba,1.28824955169e-06
abolishing,1.25892541179e-06
accountancy,1.25892541179e-06
acoustics,1.25892541179e-06
actuality,1.25892541179e-06
addictions,1.25892541179e-06
aden,1.25892541179e-06
aeronautics,1.25892541179e-06
alam,1.25892541179e-06
alf,1.25892541179e-06
alibi,1.25892541179e-06
anand,1.25892541179e-06
anfield,1.25892541179e-06
anointed,1.25892541179e-06
apis,1.25892541179e-06
argentinian,1.25892541179e-06
arias,1.25892541179e-06
arkham,1.25892541179e-06
arturo,1.25892541179e-06
astoria,1.25892541179e-06
astute,1.25892541179e-06
attainable,1.25892541179e-06
audiobook,1.25892541179e-06
aztec,1.25892541179e-06
babcock,1.25892541179e-06
bac,1.25892541179e-06
baja,1.25892541179e-06
ballerina,1.25892541179e-06
bashed,1.25892541179e-06
batters,1.25892541179e-06
bce,1.25892541179e-06
bei,1.25892541179e-06
bennet,1.25892541179e-06
bewildered,1.25892541179e-06
bien,1.25892541179e-06
binoculars,1.25892541179e-06
blackstone,1.25892541179e-06
bonkers,1.25892541179e-06
bpd,1.25892541179e-06
brazen,1.25892541179e-06
burlesque,1.25892541179e-06
burrow,1.25892541179e-06
calculates,1.25892541179e-06
calder,1.25892541179e-06
callers,1.25892541179e-06
calvert,1.25892541179e-06
campfire,1.25892541179e-06
cashed,1.25892541179e-06
caster,1.25892541179e-06
catalysts,1.25892541179e-06
catered,1.25892541179e-06
causation,1.25892541179e-06
centerpiece,1.25892541179e-06
chameleon,1.25892541179e-06
checkers,1.25892541179e-06
cheques,1.25892541179e-06
clancy,1.25892541179e-06
clasp,1.25892541179e-06
clit,1.25892541179e-06
clooney,1.25892541179e-06
compulsion,1.25892541179e-06
concealing,1.25892541179e-06
condescending,1.25892541179e-06
condominium,1.25892541179e-06
confucius,1.25892541179e-06
conical,1.25892541179e-06
conjure,1.25892541179e-06
constitutionally,1.25892541179e-06
convincingly,1.25892541179e-06
copious,1.25892541179e-06
cordial,1.25892541179e-06
coy,1.25892541179e-06
craftsmanship,1.25892541179e-06
craziness,1.25892541179e-06
creatively,1.25892541179e-06
creditor,1.25892541179e-06
crores,1.25892541179e-06
crypt,1.25892541179e-06
custodial,1.25892541179e-06
deactivated,1.25892541179e-06
decatur,1.25892541179e-06
decreed,1.25892541179e-06
deems,1.25892541179e-06
delegated,1.25892541179e-06
derelict,1.25892541179e-06
detects,1.25892541179e-06
dignitaries,1.25892541179e-06
dismisses,1.25892541179e-06
dispel,1.25892541179e-06
dissident,1.25892541179e-06
ditches,1.25892541179e-06
django,1.25892541179e-06
donetsk,1.25892541179e-06
dork,1.25892541179e-06
dory,1.25892541179e-06
doves,1.25892541179e-06
dropbox,1.25892541179e-06
droplets,1.25892541179e-06
dusting,1.25892541179e-06
edict,1.25892541179e-06
edmond,1.25892541179e-06
egos,1.25892541179e-06
egregious,1.25892541179e-06
elasticity,1.25892541179e-06
elicit,1.25892541179e-06
eo,1.25892541179e-06
epoxy,1.25892541179e-06
estonian,1.25892541179e-06
etienne,1.25892541179e-06
eton,1.25892541179e-06
evangelist,1.25892541179e-06
explorations,1.25892541179e-06
extraterrestrial,1.25892541179e-06
exxon,1.25892541179e-06
eyeball,1.25892541179e-06
faso,1.25892541179e-06
fiend,1.25892541179e-06
fledgling,1.25892541179e-06
flicker,1.25892541179e-06
flimsy,1.25892541179e-06
fob,1.25892541179e-06
footer,1.25892541179e-06
forza,1.25892541179e-06
gambit,1.25892541179e-06
giroud,1.25892541179e-06
giuliani,1.25892541179e-06
gleaming,1.25892541179e-06
glock,1.25892541179e-06
grille,1.25892541179e-06
gullible,1.25892541179e-06
gust,1.25892541179e-06
gypsies,1.25892541179e-06
hae,1.25892541179e-06
happenings,1.25892541179e-06
haw,1.25892541179e-06
hawke,1.25892541179e-06
hearth,1.25892541179e-06
heathen,1.25892541179e-06
hemorrhage,1.25892541179e-06
hereafter,1.25892541179e-06
hijacking,1.25892541179e-06
hinting,1.25892541179e-06
hoarding,1.25892541179e-06
homers,1.25892541179e-06
hoods,1.25892541179e-06
horoscope,1.25892541179e-06
hou,1.25892541179e-06
humanoid,1.25892541179e-06
hurst,1.25892541179e-06
hyung,1.25892541179e-06
idealism,1.25892541179e-06
illegals,1.25892541179e-06
impeach,1.25892541179e-06
improvisation,1.25892541179e-06
influencers,1.25892541179e-06
intergovernmental,1.25892541179e-06
interspersed,1.25892541179e-06
invoking,1.25892541179e-06
irc,1.25892541179e-06
irina,1.25892541179e-06
ironing,1.25892541179e-06
isi,1.25892541179e-06
itt,1.25892541179e-06
jacobson,1.25892541179e-06
jagger,1.25892541179e-06
jaipur,1.25892541179e-06
jazeera,1.25892541179e-06
jeffery,1.25892541179e-06
jeopardize,1.25892541179e-06
jerky,1.25892541179e-06
jig,1.25892541179e-06
jodi,1.25892541179e-06
juliette,1.25892541179e-06
junctions,1.25892541179e-06
jw,1.25892541179e-06
kathmandu,1.25892541179e-06
kearney,1.25892541179e-06
khz,1.25892541179e-06
kieran,1.25892541179e-06
lakeside,1.25892541179e-06
landon,1.25892541179e-06
landry,1.25892541179e-06
lawfully,1.25892541179e-06
lexicon,1.25892541179e-06
licks,1.25892541179e-06
lifetimes,1.25892541179e-06
littered,1.25892541179e-06
livery,1.25892541179e-06
livingstone,1.25892541179e-06
loader,1.25892541179e-06
lobbyist,1.25892541179e-06
loosing,1.25892541179e-06
lucknow,1.25892541179e-06
lurk,1.25892541179e-06
macintosh,1.25892541179e-06
magicians,1.25892541179e-06
marguerite,1.25892541179e-06
marius,1.25892541179e-06
maximise,1.25892541179e-06
mcintyre,1.25892541179e-06
mcpherson,1.25892541179e-06
mech,1.25892541179e-06
medallion,1.25892541179e-06
medusa,1.25892541179e-06
merseyside,1.25892541179e-06
metaphorical,1.25892541179e-06
mindy,1.25892541179e-06
mismatch,1.25892541179e-06
mlm,1.25892541179e-06
monastic,1.25892541179e-06
monopolies,1.25892541179e-06
mooney,1.25892541179e-06
mormons,1.25892541179e-06
mot,1.25892541179e-06
mow,1.25892541179e-06
mower,1.25892541179e-06
mozzarella,1.25892541179e-06
multilateral,1.25892541179e-06
munster,1.25892541179e-06
mutated,1.25892541179e-06
naacp,1.25892541179e-06
namesake,1.25892541179e-06
nazareth,1.25892541179e-06
nazism,1.25892541179e-06
nellie,1.25892541179e-06
nia,1.25892541179e-06
nominally,1.25892541179e-06
nord,1.25892541179e-06
normative,1.25892541179e-06
nostrils,1.25892541179e-06
num,1.25892541179e-06
nurtured,1.25892541179e-06
objectivity,1.25892541179e-06
oblige,1.25892541179e-06
ogre,1.25892541179e-06
oiled,1.25892541179e-06
okc,1.25892541179e-06
overheating,1.25892541179e-06
overreacting,1.25892541179e-06
overthrown,1.25892541179e-06
palermo,1.25892541179e-06
palliative,1.25892541179e-06
pao,1.25892541179e-06
parable,1.25892541179e-06
pastime,1.25892541179e-06
patchwork,1.25892541179e-06
patrice,1.25892541179e-06
paulie,1.25892541179e-06
payton,1.25892541179e-06
pedophilia,1.25892541179e-06
peed,1.25892541179e-06
peeps,1.25892541179e-06
pell,1.25892541179e-06
pellet,1.25892541179e-06
pendleton,1.25892541179e-06
peshawar,1.25892541179e-06
pesky,1.25892541179e-06
phobia,1.25892541179e-06
pinball,1.25892541179e-06
planter,1.25892541179e-06
plat,1.25892541179e-06
plenary,1.25892541179e-06
plunder,1.25892541179e-06
poseidon,1.25892541179e-06
postman,1.25892541179e-06
ppg,1.25892541179e-06
prays,1.25892541179e-06
privatisation,1.25892541179e-06
pseudonym,1.25892541179e-06
pullman,1.25892541179e-06
purgatory,1.25892541179e-06
raps,1.25892541179e-06
rationality,1.25892541179e-06
rearing,1.25892541179e-06
rebuke,1.25892541179e-06
rebuttal,1.25892541179e-06
refrigerated,1.25892541179e-06
reliever,1.25892541179e-06
repo,1.25892541179e-06
restarted,1.25892541179e-06
retaliate,1.25892541179e-06
riffs,1.25892541179e-06
riyadh,1.25892541179e-06
rockers,1.25892541179e-06
roo,1.25892541179e-06
rook,1.25892541179e-06
rouse,1.25892541179e-06
sabha,1.25892541179e-06
sampler,1.25892541179e-06
sarajevo,1.25892541179e-06
scaffolding,1.25892541179e-06
scant,1.25892541179e-06
schoolgirl,1.25892541179e-06
seamlessly,1.25892541179e-06
seater,1.25892541179e-06
sedimentary,1.25892541179e-06
semblance,1.25892541179e-06
sensei,1.25892541179e-06
sensibilities,1.25892541179e-06
sheik,1.25892541179e-06
shockingly,1.25892541179e-06
shrewsbury,1.25892541179e-06
sidelined,1.25892541179e-06
signaled,1.25892541179e-06
sine,1.25892541179e-06
skunk,1.25892541179e-06
sloth,1.25892541179e-06
slowdown,1.25892541179e-06
smugglers,1.25892541179e-06
snapshots,1.25892541179e-06
snitch,1.25892541179e-06
snowing,1.25892541179e-06
snug,1.25892541179e-06
solstice,1.25892541179e-06
songwriters,1.25892541179e-06
soups,1.25892541179e-06
sparsely,1.25892541179e-06
spindle,1.25892541179e-06
spoilt,1.25892541179e-06
spoof,1.25892541179e-06
sporty,1.25892541179e-06
spp,1.25892541179e-06
staffer,1.25892541179e-06
sterilization,1.25892541179e-06
stockholders,1.25892541179e-06
stuttering,1.25892541179e-06
subdivided,1.25892541179e-06
subtract,1.25892541179e-06
supermodel,1.25892541179e-06
susceptibility,1.25892541179e-06
sweats,1.25892541179e-06
syd,1.25892541179e-06
syphilis,1.25892541179e-06
tabletop,1.25892541179e-06
tactile,1.25892541179e-06
tangle,1.25892541179e-06
ther,1.25892541179e-06
thermodynamics,1.25892541179e-06
thermostat,1.25892541179e-06
thrives,1.25892541179e-06
tiki,1.25892541179e-06
tingling,1.25892541179e-06
todays,1.25892541179e-06
tonga,1.25892541179e-06
topeka,1.25892541179e-06
tort,1.25892541179e-06
touchscreen,1.25892541179e-06
tra,1.25892541179e-06
trackers,1.25892541179e-06
transcend,1.25892541179e-06
trope,1.25892541179e-06
tufts,1.25892541179e-06
tumours,1.25892541179e-06
undercut,1.25892541179e-06
underlined,1.25892541179e-06
unfriendly,1.25892541179e-06
universes,1.25892541179e-06
unlicensed,1.25892541179e-06
unproductive,1.25892541179e-06
valuables,1.25892541179e-06
vial,1.25892541179e-06
vick,1.25892541179e-06
vickers,1.25892541179e-06
violinist,1.25892541179e-06
vultures,1.25892541179e-06
warlord,1.25892541179e-06
whence,1.25892541179e-06
whimsical,1.25892541179e-06
wrenching,1.25892541179e-06
yusuf,1.25892541179e-06
zionism,1.25892541179e-06
accordion,1.23026877081e-06
addis,1.23026877081e-06
aeronautical,1.23026877081e-06
ahl,1.23026877081e-06
alimony,1.23026877081e-06
allegheny,1.23026877081e-06
aloha,1.23026877081e-06
alves,1.23026877081e-06
amtrak,1.23026877081e-06
angelica,1.23026877081e-06
anthropological,1.23026877081e-06
anxiously,1.23026877081e-06
apprehension,1.23026877081e-06
arden,1.23026877081e-06
ares,1.23026877081e-06
articulation,1.23026877081e-06
asiatic,1.23026877081e-06
assailant,1.23026877081e-06
atc,1.23026877081e-06
atletico,1.23026877081e-06
atonement,1.23026877081e-06
auf,1.23026877081e-06
auspicious,1.23026877081e-06
avenger,1.23026877081e-06
bafta,1.23026877081e-06
barricade,1.23026877081e-06
baseless,1.23026877081e-06
beater,1.23026877081e-06
benefactor,1.23026877081e-06
benji,1.23026877081e-06
bhutan,1.23026877081e-06
biographer,1.23026877081e-06
blackness,1.23026877081e-06
bollocks,1.23026877081e-06
booed,1.23026877081e-06
borneo,1.23026877081e-06
boyhood,1.23026877081e-06
bridgeport,1.23026877081e-06
briefcase,1.23026877081e-06
bronson,1.23026877081e-06
brutus,1.23026877081e-06
bugged,1.23026877081e-06
bunkers,1.23026877081e-06
butte,1.23026877081e-06
camaro,1.23026877081e-06
cambridgeshire,1.23026877081e-06
campsite,1.23026877081e-06
cancellations,1.23026877081e-06
canister,1.23026877081e-06
canons,1.23026877081e-06
cate,1.23026877081e-06
caters,1.23026877081e-06
chronically,1.23026877081e-06
chuckles,1.23026877081e-06
cloths,1.23026877081e-06
clustered,1.23026877081e-06
cmc,1.23026877081e-06
coherence,1.23026877081e-06
complainant,1.23026877081e-06
complemented,1.23026877081e-06
compounding,1.23026877081e-06
conforming,1.23026877081e-06
connotations,1.23026877081e-06
consonant,1.23026877081e-06
correlations,1.23026877081e-06
cpl,1.23026877081e-06
crazier,1.23026877081e-06
cricketers,1.23026877081e-06
crisps,1.23026877081e-06
criticising,1.23026877081e-06
crockett,1.23026877081e-06
crowning,1.23026877081e-06
crucifixion,1.23026877081e-06
csgo,1.23026877081e-06
cursor,1.23026877081e-06
cx,1.23026877081e-06
deduct,1.23026877081e-06
delegations,1.23026877081e-06
diaphragm,1.23026877081e-06
dichotomy,1.23026877081e-06
diminutive,1.23026877081e-06
dina,1.23026877081e-06
dispensary,1.23026877081e-06
dispensing,1.23026877081e-06
disregarded,1.23026877081e-06
dissidents,1.23026877081e-06
doubtless,1.23026877081e-06
dreamers,1.23026877081e-06
dunlop,1.23026877081e-06
dwindling,1.23026877081e-06
elisa,1.23026877081e-06
elsie,1.23026877081e-06
embellished,1.23026877081e-06
emp,1.23026877081e-06
emphatic,1.23026877081e-06
enfield,1.23026877081e-06
enlightening,1.23026877081e-06
enoch,1.23026877081e-06
enrolment,1.23026877081e-06
etf,1.23026877081e-06
exclamation,1.23026877081e-06
executioner,1.23026877081e-06
exempted,1.23026877081e-06
exerted,1.23026877081e-06
exiles,1.23026877081e-06
expressway,1.23026877081e-06
fairer,1.23026877081e-06
fairest,1.23026877081e-06
filament,1.23026877081e-06
fk,1.23026877081e-06
flemish,1.23026877081e-06
foyer,1.23026877081e-06
fra,1.23026877081e-06
fresco,1.23026877081e-06
frigate,1.23026877081e-06
fuselage,1.23026877081e-06
gait,1.23026877081e-06
genitalia,1.23026877081e-06
ger,1.23026877081e-06
gillette,1.23026877081e-06
gilt,1.23026877081e-06
glider,1.23026877081e-06
goers,1.23026877081e-06
granville,1.23026877081e-06
gravely,1.23026877081e-06
grime,1.23026877081e-06
guerrillas,1.23026877081e-06
hanley,1.23026877081e-06
harman,1.23026877081e-06
heron,1.23026877081e-06
heyday,1.23026877081e-06
highlanders,1.23026877081e-06
hospitalization,1.23026877081e-06
illogical,1.23026877081e-06
illuminati,1.23026877081e-06
ima,1.23026877081e-06
imma,1.23026877081e-06
impart,1.23026877081e-06
incapacitated,1.23026877081e-06
incoherent,1.23026877081e-06
indulgent,1.23026877081e-06
inert,1.23026877081e-06
inflicting,1.23026877081e-06
initiates,1.23026877081e-06
interlude,1.23026877081e-06
internationals,1.23026877081e-06
interpreters,1.23026877081e-06
interrupts,1.23026877081e-06
invoices,1.23026877081e-06
irradiation,1.23026877081e-06
irritable,1.23026877081e-06
jace,1.23026877081e-06
jain,1.23026877081e-06
jammu,1.23026877081e-06
jl,1.23026877081e-06
jm,1.23026877081e-06
johanna,1.23026877081e-06
johnnie,1.23026877081e-06
joss,1.23026877081e-06
kendra,1.23026877081e-06
kermit,1.23026877081e-06
kwh,1.23026877081e-06
laminated,1.23026877081e-06
leaderboard,1.23026877081e-06
leung,1.23026877081e-06
leviathan,1.23026877081e-06
ligaments,1.23026877081e-06
lis,1.23026877081e-06
lj,1.23026877081e-06
lonesome,1.23026877081e-06
lps,1.23026877081e-06
lug,1.23026877081e-06
lukewarm,1.23026877081e-06
lumbar,1.23026877081e-06
lumen,1.23026877081e-06
luv,1.23026877081e-06
luxuries,1.23026877081e-06
lyman,1.23026877081e-06
lyn,1.23026877081e-06
maison,1.23026877081e-06
maneuvering,1.23026877081e-06
marathons,1.23026877081e-06
mariano,1.23026877081e-06
markup,1.23026877081e-06
marred,1.23026877081e-06
melrose,1.23026877081e-06
midwives,1.23026877081e-06
miniseries,1.23026877081e-06
mismanagement,1.23026877081e-06
mitochondria,1.23026877081e-06
mixtures,1.23026877081e-06
moffat,1.23026877081e-06
mongolian,1.23026877081e-06
monmouth,1.23026877081e-06
motley,1.23026877081e-06
mouthed,1.23026877081e-06
mowing,1.23026877081e-06
msp,1.23026877081e-06
multiculturalism,1.23026877081e-06
mussels,1.23026877081e-06
nbsp,1.23026877081e-06
netball,1.23026877081e-06
nieces,1.23026877081e-06
nit,1.23026877081e-06
nottinghamshire,1.23026877081e-06
nuance,1.23026877081e-06
obstruct,1.23026877081e-06
oftentimes,1.23026877081e-06
orthopedic,1.23026877081e-06
osborn,1.23026877081e-06
osha,1.23026877081e-06
outages,1.23026877081e-06
outcast,1.23026877081e-06
outings,1.23026877081e-06
overcrowded,1.23026877081e-06
overriding,1.23026877081e-06
ozil,1.23026877081e-06
pai,1.23026877081e-06
pane,1.23026877081e-06
penultimate,1.23026877081e-06
peppermint,1.23026877081e-06
percentile,1.23026877081e-06
persuading,1.23026877081e-06
pharrell,1.23026877081e-06
piety,1.23026877081e-06
pinot,1.23026877081e-06
placenta,1.23026877081e-06
planters,1.23026877081e-06
playgrounds,1.23026877081e-06
playin,1.23026877081e-06
pleasurable,1.23026877081e-06
plough,1.23026877081e-06
pogba,1.23026877081e-06
potentials,1.23026877081e-06
ppv,1.23026877081e-06
prefect,1.23026877081e-06
prevails,1.23026877081e-06
pri,1.23026877081e-06
propagate,1.23026877081e-06
qr,1.23026877081e-06
quot,1.23026877081e-06
redefine,1.23026877081e-06
reeling,1.23026877081e-06
reinstate,1.23026877081e-06
remington,1.23026877081e-06
remit,1.23026877081e-06
remixes,1.23026877081e-06
respondent,1.23026877081e-06
resumption,1.23026877081e-06
retailing,1.23026877081e-06
retrograde,1.23026877081e-06
reunification,1.23026877081e-06
reused,1.23026877081e-06
revere,1.23026877081e-06
riggs,1.23026877081e-06
robo,1.23026877081e-06
romantically,1.23026877081e-06
rosario,1.23026877081e-06
rout,1.23026877081e-06
saab,1.23026877081e-06
salmonella,1.23026877081e-06
sargent,1.23026877081e-06
savoy,1.23026877081e-06
scarecrow,1.23026877081e-06
sceptical,1.23026877081e-06
scrubbing,1.23026877081e-06
seq,1.23026877081e-06
servings,1.23026877081e-06
shiv,1.23026877081e-06
shrinks,1.23026877081e-06
siam,1.23026877081e-06
simons,1.23026877081e-06
smeared,1.23026877081e-06
softening,1.23026877081e-06
soybean,1.23026877081e-06
splashing,1.23026877081e-06
standardization,1.23026877081e-06
stardom,1.23026877081e-06
steamy,1.23026877081e-06
stomachs,1.23026877081e-06
stopper,1.23026877081e-06
strolling,1.23026877081e-06
subtlety,1.23026877081e-06
swells,1.23026877081e-06
swindon,1.23026877081e-06
symptomatic,1.23026877081e-06
tenets,1.23026877081e-06
tennant,1.23026877081e-06
tfw,1.23026877081e-06
thunderbolt,1.23026877081e-06
tiered,1.23026877081e-06
toggle,1.23026877081e-06
tonal,1.23026877081e-06
torrance,1.23026877081e-06
totem,1.23026877081e-06
tourney,1.23026877081e-06
tran,1.23026877081e-06
transitioned,1.23026877081e-06
transmitters,1.23026877081e-06
tripled,1.23026877081e-06
uconn,1.23026877081e-06
ulcers,1.23026877081e-06
ultrasonic,1.23026877081e-06
unicorns,1.23026877081e-06
unlawfully,1.23026877081e-06
unveils,1.23026877081e-06
unwind,1.23026877081e-06
unwise,1.23026877081e-06
valentina,1.23026877081e-06
valentines,1.23026877081e-06
vaping,1.23026877081e-06
verifying,1.23026877081e-06
vo,1.23026877081e-06
watchful,1.23026877081e-06
waterford,1.23026877081e-06
wayward,1.23026877081e-06
willoughby,1.23026877081e-06
workmanship,1.23026877081e-06
wrecks,1.23026877081e-06
wren,1.23026877081e-06
wronged,1.23026877081e-06
yoke,1.23026877081e-06
za,1.23026877081e-06
zuma,1.23026877081e-06
acorn,1.20226443462e-06
aga,1.20226443462e-06
ahmedabad,1.20226443462e-06
aiken,1.20226443462e-06
ailing,1.20226443462e-06
airflow,1.20226443462e-06
alamo,1.20226443462e-06
aloft,1.20226443462e-06
amalgamation,1.20226443462e-06
amazes,1.20226443462e-06
amman,1.20226443462e-06
aneurysm,1.20226443462e-06
antelope,1.20226443462e-06
antigua,1.20226443462e-06
arcadia,1.20226443462e-06
archdiocese,1.20226443462e-06
ast,1.20226443462e-06
automate,1.20226443462e-06
barre,1.20226443462e-06
basilica,1.20226443462e-06
bassett,1.20226443462e-06
bertie,1.20226443462e-06
beset,1.20226443462e-06
bitchy,1.20226443462e-06
blaster,1.20226443462e-06
bleep,1.20226443462e-06
blueberries,1.20226443462e-06
blushing,1.20226443462e-06
bowels,1.20226443462e-06
boyce,1.20226443462e-06
braided,1.20226443462e-06
brazilians,1.20226443462e-06
bridesmaid,1.20226443462e-06
brie,1.20226443462e-06
brochures,1.20226443462e-06
burroughs,1.20226443462e-06
capping,1.20226443462e-06
cartier,1.20226443462e-06
cashing,1.20226443462e-06
catalogs,1.20226443462e-06
cautioned,1.20226443462e-06
cavern,1.20226443462e-06
cedric,1.20226443462e-06
certify,1.20226443462e-06
champaign,1.20226443462e-06
channeling,1.20226443462e-06
checker,1.20226443462e-06
chivalry,1.20226443462e-06
chopra,1.20226443462e-06
civilised,1.20226443462e-06
clearwater,1.20226443462e-06
cocoon,1.20226443462e-06
comms,1.20226443462e-06
confessing,1.20226443462e-06
conspiracies,1.20226443462e-06
constants,1.20226443462e-06
cooperated,1.20226443462e-06
cornerback,1.20226443462e-06
credence,1.20226443462e-06
creeks,1.20226443462e-06
crossfire,1.20226443462e-06
currie,1.20226443462e-06
dada,1.20226443462e-06
dax,1.20226443462e-06
debtor,1.20226443462e-06
denouncing,1.20226443462e-06
densities,1.20226443462e-06
derail,1.20226443462e-06
desi,1.20226443462e-06
disallowed,1.20226443462e-06
dispatcher,1.20226443462e-06
dispatches,1.20226443462e-06
dissolving,1.20226443462e-06
distort,1.20226443462e-06
diverting,1.20226443462e-06
dms,1.20226443462e-06
dobbs,1.20226443462e-06
draught,1.20226443462e-06
dreary,1.20226443462e-06
dropout,1.20226443462e-06
duped,1.20226443462e-06
duplicated,1.20226443462e-06
earle,1.20226443462e-06
earring,1.20226443462e-06
elsevier,1.20226443462e-06
emptying,1.20226443462e-06
enclosures,1.20226443462e-06
endangering,1.20226443462e-06
environmentalists,1.20226443462e-06
erroneously,1.20226443462e-06
erwin,1.20226443462e-06
evaporation,1.20226443462e-06
evokes,1.20226443462e-06
fairbanks,1.20226443462e-06
fared,1.20226443462e-06
felicia,1.20226443462e-06
fingered,1.20226443462e-06
fished,1.20226443462e-06
flicks,1.20226443462e-06
foregoing,1.20226443462e-06
frighten,1.20226443462e-06
gable,1.20226443462e-06
gags,1.20226443462e-06
gallows,1.20226443462e-06
gandalf,1.20226443462e-06
gendered,1.20226443462e-06
georgina,1.20226443462e-06
goddesses,1.20226443462e-06
gorbachev,1.20226443462e-06
guernsey,1.20226443462e-06
guilds,1.20226443462e-06
gunning,1.20226443462e-06
hahah,1.20226443462e-06
haiku,1.20226443462e-06
hairstyles,1.20226443462e-06
harrow,1.20226443462e-06
hatchet,1.20226443462e-06
henceforth,1.20226443462e-06
hesitated,1.20226443462e-06
heterogeneous,1.20226443462e-06
hilltop,1.20226443462e-06
hines,1.20226443462e-06
hobo,1.20226443462e-06
housework,1.20226443462e-06
howdy,1.20226443462e-06
hoy,1.20226443462e-06
hsbc,1.20226443462e-06
huddle,1.20226443462e-06
humiliate,1.20226443462e-06
hurled,1.20226443462e-06
icloud,1.20226443462e-06
imax,1.20226443462e-06
importer,1.20226443462e-06
indignation,1.20226443462e-06
indus,1.20226443462e-06
ingrained,1.20226443462e-06
inhaled,1.20226443462e-06
injustices,1.20226443462e-06
inked,1.20226443462e-06
inspirations,1.20226443462e-06
irritate,1.20226443462e-06
jayne,1.20226443462e-06
jive,1.20226443462e-06
kaye,1.20226443462e-06
keenly,1.20226443462e-06
kiki,1.20226443462e-06
kilda,1.20226443462e-06
kimberley,1.20226443462e-06
kyiv,1.20226443462e-06
kyung,1.20226443462e-06
lakhs,1.20226443462e-06
lal,1.20226443462e-06
lass,1.20226443462e-06
leila,1.20226443462e-06
lesion,1.20226443462e-06
lieutenants,1.20226443462e-06
lockwood,1.20226443462e-06
lull,1.20226443462e-06
lullaby,1.20226443462e-06
macedonian,1.20226443462e-06
machining,1.20226443462e-06
mackerel,1.20226443462e-06
marge,1.20226443462e-06
marquette,1.20226443462e-06
martina,1.20226443462e-06
massages,1.20226443462e-06
mathias,1.20226443462e-06
mayfield,1.20226443462e-06
medallist,1.20226443462e-06
memorized,1.20226443462e-06
mep,1.20226443462e-06
metabolites,1.20226443462e-06
metaphysics,1.20226443462e-06
meticulously,1.20226443462e-06
migraines,1.20226443462e-06
mite,1.20226443462e-06
momentary,1.20226443462e-06
montague,1.20226443462e-06
moratorium,1.20226443462e-06
morgue,1.20226443462e-06
movin,1.20226443462e-06
mullen,1.20226443462e-06
mulligan,1.20226443462e-06
multiplying,1.20226443462e-06
munch,1.20226443462e-06
muppet,1.20226443462e-06
naps,1.20226443462e-06
nascent,1.20226443462e-06
netted,1.20226443462e-06
neurotic,1.20226443462e-06
newborns,1.20226443462e-06
noone,1.20226443462e-06
novella,1.20226443462e-06
obstructing,1.20226443462e-06
octane,1.20226443462e-06
octave,1.20226443462e-06
oda,1.20226443462e-06
oldies,1.20226443462e-06
omni,1.20226443462e-06
ong,1.20226443462e-06
organizes,1.20226443462e-06
pakistanis,1.20226443462e-06
penalized,1.20226443462e-06
piercings,1.20226443462e-06
pitbull,1.20226443462e-06
plugins,1.20226443462e-06
polaris,1.20226443462e-06
pondering,1.20226443462e-06
popes,1.20226443462e-06
postmodern,1.20226443462e-06
precincts,1.20226443462e-06
prerogative,1.20226443462e-06
procured,1.20226443462e-06
proxies,1.20226443462e-06
prudence,1.20226443462e-06
prudential,1.20226443462e-06
pry,1.20226443462e-06
psychoanalysis,1.20226443462e-06
puffs,1.20226443462e-06
purged,1.20226443462e-06
purposefully,1.20226443462e-06
pursues,1.20226443462e-06
radiotherapy,1.20226443462e-06
rationally,1.20226443462e-06
recoveries,1.20226443462e-06
reddy,1.20226443462e-06
remarried,1.20226443462e-06
rembrandt,1.20226443462e-06
remedial,1.20226443462e-06
repealing,1.20226443462e-06
repressive,1.20226443462e-06
resonates,1.20226443462e-06
resourceful,1.20226443462e-06
rms,1.20226443462e-06
rosenthal,1.20226443462e-06
rotates,1.20226443462e-06
runtime,1.20226443462e-06
rus,1.20226443462e-06
sacrificial,1.20226443462e-06
schulz,1.20226443462e-06
scorching,1.20226443462e-06
scottsdale,1.20226443462e-06
scribe,1.20226443462e-06
sentry,1.20226443462e-06
seung,1.20226443462e-06
sexton,1.20226443462e-06
sheeran,1.20226443462e-06
shelled,1.20226443462e-06
shhh,1.20226443462e-06
shingles,1.20226443462e-06
siegel,1.20226443462e-06
silencing,1.20226443462e-06
silverware,1.20226443462e-06
skillet,1.20226443462e-06
slimy,1.20226443462e-06
slipper,1.20226443462e-06
sloping,1.20226443462e-06
snout,1.20226443462e-06
soliciting,1.20226443462e-06
southwark,1.20226443462e-06
spank,1.20226443462e-06
sparking,1.20226443462e-06
specter,1.20226443462e-06
spied,1.20226443462e-06
spinners,1.20226443462e-06
spits,1.20226443462e-06
statehood,1.20226443462e-06
steeped,1.20226443462e-06
sti,1.20226443462e-06
storyteller,1.20226443462e-06
strewn,1.20226443462e-06
stroller,1.20226443462e-06
stub,1.20226443462e-06
subgroup,1.20226443462e-06
supra,1.20226443462e-06
suspiciously,1.20226443462e-06
sutter,1.20226443462e-06
swaying,1.20226443462e-06
tact,1.20226443462e-06
taxonomy,1.20226443462e-06
tcu,1.20226443462e-06
televisions,1.20226443462e-06
tinged,1.20226443462e-06
tirelessly,1.20226443462e-06
tiresome,1.20226443462e-06
toms,1.20226443462e-06
toolkit,1.20226443462e-06
tribunals,1.20226443462e-06
tundra,1.20226443462e-06
tunic,1.20226443462e-06
tweaked,1.20226443462e-06
ukrainians,1.20226443462e-06
uncompromising,1.20226443462e-06
undoing,1.20226443462e-06
unmistakable,1.20226443462e-06
unruly,1.20226443462e-06
valuing,1.20226443462e-06
vaulted,1.20226443462e-06
veal,1.20226443462e-06
vegans,1.20226443462e-06
venomous,1.20226443462e-06
viceroy,1.20226443462e-06
videotape,1.20226443462e-06
walgreens,1.20226443462e-06
waxed,1.20226443462e-06
wearer,1.20226443462e-06
webs,1.20226443462e-06
whiting,1.20226443462e-06
willful,1.20226443462e-06
woodley,1.20226443462e-06
worcestershire,1.20226443462e-06
zeta,1.20226443462e-06
abnormally,1.17489755494e-06
abstain,1.17489755494e-06
adriana,1.17489755494e-06
affections,1.17489755494e-06
aggregates,1.17489755494e-06
ahn,1.17489755494e-06
airliner,1.17489755494e-06
alchemist,1.17489755494e-06
alexandre,1.17489755494e-06
alfa,1.17489755494e-06
allegory,1.17489755494e-06
alp,1.17489755494e-06
ambulances,1.17489755494e-06
antagonists,1.17489755494e-06
aortic,1.17489755494e-06
ard,1.17489755494e-06
ashland,1.17489755494e-06
assimilated,1.17489755494e-06
averted,1.17489755494e-06
backpacks,1.17489755494e-06
banish,1.17489755494e-06
bateman,1.17489755494e-06
battleground,1.17489755494e-06
beets,1.17489755494e-06
bellows,1.17489755494e-06
blisters,1.17489755494e-06
blob,1.17489755494e-06
bluntly,1.17489755494e-06
bohemia,1.17489755494e-06
bonaparte,1.17489755494e-06
boosters,1.17489755494e-06
bootleg,1.17489755494e-06
bos,1.17489755494e-06
boyz,1.17489755494e-06
brine,1.17489755494e-06
busty,1.17489755494e-06
butchers,1.17489755494e-06
callous,1.17489755494e-06
canadiens,1.17489755494e-06
cantonese,1.17489755494e-06
capcom,1.17489755494e-06
cardiology,1.17489755494e-06
carlin,1.17489755494e-06
cartoonist,1.17489755494e-06
casablanca,1.17489755494e-06
casserole,1.17489755494e-06
catalina,1.17489755494e-06
cellulose,1.17489755494e-06
cfr,1.17489755494e-06
charred,1.17489755494e-06
choreographed,1.17489755494e-06
churn,1.17489755494e-06
circuitry,1.17489755494e-06
clearances,1.17489755494e-06
cloned,1.17489755494e-06
cloves,1.17489755494e-06
commendable,1.17489755494e-06
competitively,1.17489755494e-06
compress,1.17489755494e-06
comptroller,1.17489755494e-06
conventionally,1.17489755494e-06
coon,1.17489755494e-06
correlates,1.17489755494e-06
creole,1.17489755494e-06
crusades,1.17489755494e-06
cubicle,1.17489755494e-06
curtailed,1.17489755494e-06
cystic,1.17489755494e-06
dainty,1.17489755494e-06
damnit,1.17489755494e-06
darlington,1.17489755494e-06
davison,1.17489755494e-06
decimated,1.17489755494e-06
decrees,1.17489755494e-06
deflected,1.17489755494e-06
deliverance,1.17489755494e-06
destitute,1.17489755494e-06
devi,1.17489755494e-06
dexterity,1.17489755494e-06
dietrich,1.17489755494e-06
dilution,1.17489755494e-06
dissipated,1.17489755494e-06
dolce,1.17489755494e-06
drugstore,1.17489755494e-06
dvr,1.17489755494e-06
eczema,1.17489755494e-06
ejection,1.17489755494e-06
electrolyte,1.17489755494e-06
elitist,1.17489755494e-06
emailing,1.17489755494e-06
emphasise,1.17489755494e-06
emphatically,1.17489755494e-06
engulfed,1.17489755494e-06
equine,1.17489755494e-06
exclusivity,1.17489755494e-06
exes,1.17489755494e-06
failings,1.17489755494e-06
fannie,1.17489755494e-06
faucet,1.17489755494e-06
faust,1.17489755494e-06
fdr,1.17489755494e-06
feeders,1.17489755494e-06
feisty,1.17489755494e-06
fink,1.17489755494e-06
flexing,1.17489755494e-06
foothold,1.17489755494e-06
forbidding,1.17489755494e-06
forfeited,1.17489755494e-06
formulations,1.17489755494e-06
fortifications,1.17489755494e-06
fouled,1.17489755494e-06
fourier,1.17489755494e-06
fraternal,1.17489755494e-06
frau,1.17489755494e-06
functioned,1.17489755494e-06
fuses,1.17489755494e-06
gaines,1.17489755494e-06
gamergate,1.17489755494e-06
gan,1.17489755494e-06
generalizations,1.17489755494e-06
ghastly,1.17489755494e-06
gia,1.17489755494e-06
gonzalo,1.17489755494e-06
gorillas,1.17489755494e-06
goto,1.17489755494e-06
gratifying,1.17489755494e-06
gretchen,1.17489755494e-06
gymnast,1.17489755494e-06
haircuts,1.17489755494e-06
hairline,1.17489755494e-06
handcuffed,1.17489755494e-06
handset,1.17489755494e-06
harrowing,1.17489755494e-06
headlining,1.17489755494e-06
heiress,1.17489755494e-06
hells,1.17489755494e-06
herzegovina,1.17489755494e-06
hhs,1.17489755494e-06
higgs,1.17489755494e-06
hinged,1.17489755494e-06
hola,1.17489755494e-06
holster,1.17489755494e-06
horseman,1.17489755494e-06
humanist,1.17489755494e-06
hunch,1.17489755494e-06
huntsville,1.17489755494e-06
impenetrable,1.17489755494e-06
inconceivable,1.17489755494e-06
industrialization,1.17489755494e-06
inf,1.17489755494e-06
infographic,1.17489755494e-06
infringing,1.17489755494e-06
innovators,1.17489755494e-06
islington,1.17489755494e-06
issuer,1.17489755494e-06
keenan,1.17489755494e-06
keg,1.17489755494e-06
kissinger,1.17489755494e-06
kms,1.17489755494e-06
koi,1.17489755494e-06
kwon,1.17489755494e-06
lancet,1.17489755494e-06
landfall,1.17489755494e-06
lawmaker,1.17489755494e-06
layoffs,1.17489755494e-06
leningrad,1.17489755494e-06
lerner,1.17489755494e-06
lifeguard,1.17489755494e-06
limerick,1.17489755494e-06
lockers,1.17489755494e-06
lolita,1.17489755494e-06
loner,1.17489755494e-06
longed,1.17489755494e-06
loyola,1.17489755494e-06
lukaku,1.17489755494e-06
mariana,1.17489755494e-06
mau,1.17489755494e-06
mca,1.17489755494e-06
mcmaster,1.17489755494e-06
mimicking,1.17489755494e-06
minimally,1.17489755494e-06
mistook,1.17489755494e-06
mogul,1.17489755494e-06
moles,1.17489755494e-06
monet,1.17489755494e-06
mornin,1.17489755494e-06
morph,1.17489755494e-06
mort,1.17489755494e-06
motorist,1.17489755494e-06
muriel,1.17489755494e-06
musa,1.17489755494e-06
mysticism,1.17489755494e-06
nagar,1.17489755494e-06
nauseous,1.17489755494e-06
nicks,1.17489755494e-06
nimble,1.17489755494e-06
nomad,1.17489755494e-06
nouveau,1.17489755494e-06
nrc,1.17489755494e-06
objectionable,1.17489755494e-06
obliterated,1.17489755494e-06
obtainable,1.17489755494e-06
omit,1.17489755494e-06
oncoming,1.17489755494e-06
opportunistic,1.17489755494e-06
orson,1.17489755494e-06
otters,1.17489755494e-06
outlandish,1.17489755494e-06
outlying,1.17489755494e-06
oxidative,1.17489755494e-06
pacifist,1.17489755494e-06
pacquiao,1.17489755494e-06
paraphrase,1.17489755494e-06
pathfinder,1.17489755494e-06
pedagogical,1.17489755494e-06
pediatrician,1.17489755494e-06
pegged,1.17489755494e-06
pelican,1.17489755494e-06
pembroke,1.17489755494e-06
penchant,1.17489755494e-06
persians,1.17489755494e-06
planar,1.17489755494e-06
polluting,1.17489755494e-06
polygamy,1.17489755494e-06
ponytail,1.17489755494e-06
poplar,1.17489755494e-06
primordial,1.17489755494e-06
projectiles,1.17489755494e-06
propositions,1.17489755494e-06
pubic,1.17489755494e-06
publicist,1.17489755494e-06
purposeful,1.17489755494e-06
purses,1.17489755494e-06
quorum,1.17489755494e-06
rabbis,1.17489755494e-06
raman,1.17489755494e-06
ranchers,1.17489755494e-06
rarest,1.17489755494e-06
rascal,1.17489755494e-06
reared,1.17489755494e-06
refuted,1.17489755494e-06
resented,1.17489755494e-06
revue,1.17489755494e-06
reza,1.17489755494e-06
rigor,1.17489755494e-06
rioters,1.17489755494e-06
rizzo,1.17489755494e-06
roanoke,1.17489755494e-06
robins,1.17489755494e-06
rochdale,1.17489755494e-06
romano,1.17489755494e-06
roosters,1.17489755494e-06
roper,1.17489755494e-06
rosters,1.17489755494e-06
sacking,1.17489755494e-06
scarring,1.17489755494e-06
sch,1.17489755494e-06
scheming,1.17489755494e-06
scorched,1.17489755494e-06
scotsman,1.17489755494e-06
scotus,1.17489755494e-06
scripting,1.17489755494e-06
seatbelt,1.17489755494e-06
shank,1.17489755494e-06
sharpened,1.17489755494e-06
shortlist,1.17489755494e-06
sidebar,1.17489755494e-06
silverman,1.17489755494e-06
skeptics,1.17489755494e-06
slashing,1.17489755494e-06
sledge,1.17489755494e-06
slotted,1.17489755494e-06
smes,1.17489755494e-06
sociopath,1.17489755494e-06
sonya,1.17489755494e-06
southward,1.17489755494e-06
sparkly,1.17489755494e-06
specialises,1.17489755494e-06
speculating,1.17489755494e-06
spock,1.17489755494e-06
sponges,1.17489755494e-06
squeaky,1.17489755494e-06
stargate,1.17489755494e-06
steamship,1.17489755494e-06
stinging,1.17489755494e-06
subbed,1.17489755494e-06
summoning,1.17489755494e-06
swann,1.17489755494e-06
tatiana,1.17489755494e-06
tbsp,1.17489755494e-06
telecast,1.17489755494e-06
tenancy,1.17489755494e-06
terre,1.17489755494e-06
testimonial,1.17489755494e-06
thence,1.17489755494e-06
thyme,1.17489755494e-06
tiniest,1.17489755494e-06
toner,1.17489755494e-06
totalling,1.17489755494e-06
trafficked,1.17489755494e-06
trampled,1.17489755494e-06
transponder,1.17489755494e-06
trashy,1.17489755494e-06
travers,1.17489755494e-06
trimester,1.17489755494e-06
tron,1.17489755494e-06
tubs,1.17489755494e-06
tully,1.17489755494e-06
tum,1.17489755494e-06
umar,1.17489755494e-06
unfaithful,1.17489755494e-06
unholy,1.17489755494e-06
unify,1.17489755494e-06
unregulated,1.17489755494e-06
unscrupulous,1.17489755494e-06
unwittingly,1.17489755494e-06
upland,1.17489755494e-06
upped,1.17489755494e-06
ushered,1.17489755494e-06
vauxhall,1.17489755494e-06
vb,1.17489755494e-06
verbatim,1.17489755494e-06
villiers,1.17489755494e-06
virgo,1.17489755494e-06
vito,1.17489755494e-06
voiceover,1.17489755494e-06
willfully,1.17489755494e-06
worshipping,1.17489755494e-06
yawn,1.17489755494e-06
yiddish,1.17489755494e-06
adrift,1.1481536215e-06
aegis,1.1481536215e-06
aiden,1.1481536215e-06
ais,1.1481536215e-06
alastair,1.1481536215e-06
alleys,1.1481536215e-06
almanac,1.1481536215e-06
aloe,1.1481536215e-06
amphibious,1.1481536215e-06
analyzer,1.1481536215e-06
ancillary,1.1481536215e-06
anesthetic,1.1481536215e-06
anglia,1.1481536215e-06
antioch,1.1481536215e-06
antiquated,1.1481536215e-06
apologised,1.1481536215e-06
aquarius,1.1481536215e-06
armani,1.1481536215e-06
ascot,1.1481536215e-06
aussies,1.1481536215e-06
averse,1.1481536215e-06
bandages,1.1481536215e-06
barges,1.1481536215e-06
bds,1.1481536215e-06
beaded,1.1481536215e-06
beagle,1.1481536215e-06
beaufort,1.1481536215e-06
beavers,1.1481536215e-06
bess,1.1481536215e-06
biceps,1.1481536215e-06
blanco,1.1481536215e-06
blindfolded,1.1481536215e-06
blokes,1.1481536215e-06
boomerang,1.1481536215e-06
borussia,1.1481536215e-06
breton,1.1481536215e-06
brill,1.1481536215e-06
brim,1.1481536215e-06
broadening,1.1481536215e-06
caged,1.1481536215e-06
caine,1.1481536215e-06
calligraphy,1.1481536215e-06
capri,1.1481536215e-06
carpenters,1.1481536215e-06
carthage,1.1481536215e-06
castes,1.1481536215e-06
cauldron,1.1481536215e-06
celebratory,1.1481536215e-06
cfs,1.1481536215e-06
chalet,1.1481536215e-06
chao,1.1481536215e-06
childless,1.1481536215e-06
chimes,1.1481536215e-06
cleanser,1.1481536215e-06
clemens,1.1481536215e-06
clipper,1.1481536215e-06
closets,1.1481536215e-06
clouded,1.1481536215e-06
cma,1.1481536215e-06
coalitions,1.1481536215e-06
colossus,1.1481536215e-06
conductive,1.1481536215e-06
coney,1.1481536215e-06
congregational,1.1481536215e-06
cooperatives,1.1481536215e-06
copa,1.1481536215e-06
corals,1.1481536215e-06
corral,1.1481536215e-06
cortical,1.1481536215e-06
countering,1.1481536215e-06
crc,1.1481536215e-06
cremation,1.1481536215e-06
crt,1.1481536215e-06
cubans,1.1481536215e-06
curricular,1.1481536215e-06
curving,1.1481536215e-06
deans,1.1481536215e-06
decked,1.1481536215e-06
deepened,1.1481536215e-06
deliberation,1.1481536215e-06
dermatologist,1.1481536215e-06
detonation,1.1481536215e-06
deus,1.1481536215e-06
deviate,1.1481536215e-06
devolution,1.1481536215e-06
dey,1.1481536215e-06
dialing,1.1481536215e-06
diode,1.1481536215e-06
discharges,1.1481536215e-06
disruptions,1.1481536215e-06
distancing,1.1481536215e-06
ditching,1.1481536215e-06
dix,1.1481536215e-06
donkeys,1.1481536215e-06
dorchester,1.1481536215e-06
dorsey,1.1481536215e-06
downer,1.1481536215e-06
dreyfus,1.1481536215e-06
dribble,1.1481536215e-06
dutchman,1.1481536215e-06
duval,1.1481536215e-06
dwyer,1.1481536215e-06
earbuds,1.1481536215e-06
egalitarian,1.1481536215e-06
endocrine,1.1481536215e-06
energized,1.1481536215e-06
epi,1.1481536215e-06
epithelial,1.1481536215e-06
equates,1.1481536215e-06
erickson,1.1481536215e-06
ernesto,1.1481536215e-06
ester,1.1481536215e-06
excitedly,1.1481536215e-06
excruciating,1.1481536215e-06
executes,1.1481536215e-06
farthest,1.1481536215e-06
fateful,1.1481536215e-06
fatter,1.1481536215e-06
fedora,1.1481536215e-06
fer,1.1481536215e-06
fia,1.1481536215e-06
fillers,1.1481536215e-06
finley,1.1481536215e-06
flak,1.1481536215e-06
flamboyant,1.1481536215e-06
flamingo,1.1481536215e-06
flutter,1.1481536215e-06
foodie,1.1481536215e-06
foolishness,1.1481536215e-06
forrester,1.1481536215e-06
foundational,1.1481536215e-06
frey,1.1481536215e-06
furnaces,1.1481536215e-06
fuzz,1.1481536215e-06
gills,1.1481536215e-06
gmc,1.1481536215e-06
goodyear,1.1481536215e-06
gout,1.1481536215e-06
guillermo,1.1481536215e-06
hailey,1.1481536215e-06
harlow,1.1481536215e-06
harsher,1.1481536215e-06
hatching,1.1481536215e-06
hearst,1.1481536215e-06
hepatic,1.1481536215e-06
hertz,1.1481536215e-06
hirsch,1.1481536215e-06
hoboken,1.1481536215e-06
homegrown,1.1481536215e-06
hoof,1.1481536215e-06
horowitz,1.1481536215e-06
housemates,1.1481536215e-06
hues,1.1481536215e-06
huey,1.1481536215e-06
humbling,1.1481536215e-06
hwang,1.1481536215e-06
hydrocarbons,1.1481536215e-06
idris,1.1481536215e-06
impala,1.1481536215e-06
impurities,1.1481536215e-06
incognito,1.1481536215e-06
indestructible,1.1481536215e-06
inhibiting,1.1481536215e-06
inks,1.1481536215e-06
innocuous,1.1481536215e-06
inns,1.1481536215e-06
insofar,1.1481536215e-06
institut,1.1481536215e-06
intrinsically,1.1481536215e-06
iraqis,1.1481536215e-06
irishman,1.1481536215e-06
islander,1.1481536215e-06
ism,1.1481536215e-06
ismail,1.1481536215e-06
jana,1.1481536215e-06
janis,1.1481536215e-06
jest,1.1481536215e-06
jesuits,1.1481536215e-06
jillian,1.1481536215e-06
kal,1.1481536215e-06
kam,1.1481536215e-06
kee,1.1481536215e-06
khalil,1.1481536215e-06
lambda,1.1481536215e-06
leaky,1.1481536215e-06
lehigh,1.1481536215e-06
leicestershire,1.1481536215e-06
leto,1.1481536215e-06
libido,1.1481536215e-06
lina,1.1481536215e-06
linn,1.1481536215e-06
linus,1.1481536215e-06
lizzy,1.1481536215e-06
lorna,1.1481536215e-06
loyalties,1.1481536215e-06
lynching,1.1481536215e-06
lynx,1.1481536215e-06
maddox,1.1481536215e-06
mage,1.1481536215e-06
mahatma,1.1481536215e-06
mainline,1.1481536215e-06
mainstay,1.1481536215e-06
mannequin,1.1481536215e-06
marketable,1.1481536215e-06
marlborough,1.1481536215e-06
masterful,1.1481536215e-06
matic,1.1481536215e-06
maximal,1.1481536215e-06
mcc,1.1481536215e-06
millers,1.1481536215e-06
mime,1.1481536215e-06
minivan,1.1481536215e-06
mistrust,1.1481536215e-06
mites,1.1481536215e-06
mobiles,1.1481536215e-06
modestly,1.1481536215e-06
moniker,1.1481536215e-06
morrissey,1.1481536215e-06
mpg,1.1481536215e-06
multidisciplinary,1.1481536215e-06
mythological,1.1481536215e-06
nave,1.1481536215e-06
ncis,1.1481536215e-06
needlessly,1.1481536215e-06
nel,1.1481536215e-06
neuro,1.1481536215e-06
nib,1.1481536215e-06
nonviolent,1.1481536215e-06
nps,1.1481536215e-06
nuremberg,1.1481536215e-06
ozzy,1.1481536215e-06
palatable,1.1481536215e-06
parishioners,1.1481536215e-06
parkland,1.1481536215e-06
pau,1.1481536215e-06
payouts,1.1481536215e-06
pensacola,1.1481536215e-06
platt,1.1481536215e-06
plunging,1.1481536215e-06
polarity,1.1481536215e-06
pompous,1.1481536215e-06
portman,1.1481536215e-06
profanity,1.1481536215e-06
protruding,1.1481536215e-06
puig,1.1481536215e-06
pundit,1.1481536215e-06
purify,1.1481536215e-06
pw,1.1481536215e-06
quack,1.1481536215e-06
quarries,1.1481536215e-06
raged,1.1481536215e-06
rages,1.1481536215e-06
rah,1.1481536215e-06
regaining,1.1481536215e-06
regenerative,1.1481536215e-06
regroup,1.1481536215e-06
rehearsed,1.1481536215e-06
reimburse,1.1481536215e-06
reinvent,1.1481536215e-06
rel,1.1481536215e-06
repatriation,1.1481536215e-06
requiem,1.1481536215e-06
resurrect,1.1481536215e-06
ringer,1.1481536215e-06
rockville,1.1481536215e-06
rollout,1.1481536215e-06
ronan,1.1481536215e-06
rooftops,1.1481536215e-06
rudolf,1.1481536215e-06
sae,1.1481536215e-06
salvaged,1.1481536215e-06
sari,1.1481536215e-06
sata,1.1481536215e-06
saucer,1.1481536215e-06
scrapping,1.1481536215e-06
scrappy,1.1481536215e-06
semis,1.1481536215e-06
serpentine,1.1481536215e-06
shinji,1.1481536215e-06
shuffling,1.1481536215e-06
sie,1.1481536215e-06
signup,1.1481536215e-06
skirmish,1.1481536215e-06
slough,1.1481536215e-06
snippets,1.1481536215e-06
soared,1.1481536215e-06
solicit,1.1481536215e-06
solidified,1.1481536215e-06
solvents,1.1481536215e-06
spaniard,1.1481536215e-06
spar,1.1481536215e-06
spearheaded,1.1481536215e-06
spooked,1.1481536215e-06
sprints,1.1481536215e-06
stimulant,1.1481536215e-06
stow,1.1481536215e-06
strickland,1.1481536215e-06
stylized,1.1481536215e-06
subdue,1.1481536215e-06
subscribing,1.1481536215e-06
succumb,1.1481536215e-06
suffocating,1.1481536215e-06
suisse,1.1481536215e-06
sumo,1.1481536215e-06
superbowl,1.1481536215e-06
surgically,1.1481536215e-06
susanna,1.1481536215e-06
syed,1.1481536215e-06
sympathize,1.1481536215e-06
tabernacle,1.1481536215e-06
tagline,1.1481536215e-06
talisman,1.1481536215e-06
tariq,1.1481536215e-06
thirdly,1.1481536215e-06
thwart,1.1481536215e-06
ticked,1.1481536215e-06
tins,1.1481536215e-06
tortilla,1.1481536215e-06
townhouse,1.1481536215e-06
transferable,1.1481536215e-06
transistors,1.1481536215e-06
transpired,1.1481536215e-06
transplanted,1.1481536215e-06
tres,1.1481536215e-06
tris,1.1481536215e-06
trish,1.1481536215e-06
truffle,1.1481536215e-06
tumultuous,1.1481536215e-06
ultron,1.1481536215e-06
unclean,1.1481536215e-06
unequivocally,1.1481536215e-06
unitary,1.1481536215e-06
usgs,1.1481536215e-06
vail,1.1481536215e-06
valkyrie,1.1481536215e-06
vedic,1.1481536215e-06
ventral,1.1481536215e-06
vibrate,1.1481536215e-06
vicente,1.1481536215e-06
wad,1.1481536215e-06
waging,1.1481536215e-06
waitin,1.1481536215e-06
weirdly,1.1481536215e-06
whiplash,1.1481536215e-06
whos,1.1481536215e-06
wildcat,1.1481536215e-06
woodworking,1.1481536215e-06
worsen,1.1481536215e-06
worshippers,1.1481536215e-06
xenophobia,1.1481536215e-06
xenophobic,1.1481536215e-06
yakuza,1.1481536215e-06
yuck,1.1481536215e-06
ze,1.1481536215e-06
zeros,1.1481536215e-06
acreage,1.1220184543e-06
affords,1.1220184543e-06
ajay,1.1220184543e-06
albino,1.1220184543e-06
antichrist,1.1220184543e-06
antrim,1.1220184543e-06
aquaculture,1.1220184543e-06
argus,1.1220184543e-06
arrears,1.1220184543e-06
artemis,1.1220184543e-06
asd,1.1220184543e-06
asp,1.1220184543e-06
assimilate,1.1220184543e-06
asterisk,1.1220184543e-06
asymmetrical,1.1220184543e-06
atf,1.1220184543e-06
augmentation,1.1220184543e-06
ayrshire,1.1220184543e-06
azalea,1.1220184543e-06
bacterium,1.1220184543e-06
balochistan,1.1220184543e-06
barter,1.1220184543e-06
bbl,1.1220184543e-06
beet,1.1220184543e-06
bessie,1.1220184543e-06
biggs,1.1220184543e-06
bigoted,1.1220184543e-06
bistro,1.1220184543e-06
bod,1.1220184543e-06
bonanza,1.1220184543e-06
bosom,1.1220184543e-06
breakthroughs,1.1220184543e-06
breitbart,1.1220184543e-06
bribed,1.1220184543e-06
busan,1.1220184543e-06
callum,1.1220184543e-06
calmer,1.1220184543e-06
cannibal,1.1220184543e-06
catalogues,1.1220184543e-06
cato,1.1220184543e-06
centurion,1.1220184543e-06
chuckled,1.1220184543e-06
citi,1.1220184543e-06
clarendon,1.1220184543e-06
coldplay,1.1220184543e-06
compendium,1.1220184543e-06
complacency,1.1220184543e-06
complements,1.1220184543e-06
confessional,1.1220184543e-06
conservancy,1.1220184543e-06
contentment,1.1220184543e-06
convoluted,1.1220184543e-06
cools,1.1220184543e-06
counterproductive,1.1220184543e-06
cowell,1.1220184543e-06
crayon,1.1220184543e-06
cremated,1.1220184543e-06
crm,1.1220184543e-06
cropping,1.1220184543e-06
crossbow,1.1220184543e-06
crowding,1.1220184543e-06
crux,1.1220184543e-06
cst,1.1220184543e-06
curators,1.1220184543e-06
cusp,1.1220184543e-06
danville,1.1220184543e-06
decoding,1.1220184543e-06
defenseless,1.1220184543e-06
defiantly,1.1220184543e-06
delia,1.1220184543e-06
delicately,1.1220184543e-06
deluge,1.1220184543e-06
desist,1.1220184543e-06
devlin,1.1220184543e-06
devoured,1.1220184543e-06
diffraction,1.1220184543e-06
dilapidated,1.1220184543e-06
dismissive,1.1220184543e-06
divas,1.1220184543e-06
doable,1.1220184543e-06
doorbell,1.1220184543e-06
drooling,1.1220184543e-06
ducking,1.1220184543e-06
dulles,1.1220184543e-06
duplicates,1.1220184543e-06
eastbound,1.1220184543e-06
emir,1.1220184543e-06
emu,1.1220184543e-06
eritrea,1.1220184543e-06
errand,1.1220184543e-06
eucharist,1.1220184543e-06
excites,1.1220184543e-06
exclaimed,1.1220184543e-06
expedite,1.1220184543e-06
extracellular,1.1220184543e-06
famer,1.1220184543e-06
fastball,1.1220184543e-06
fearsome,1.1220184543e-06
feathered,1.1220184543e-06
fertilization,1.1220184543e-06
fervor,1.1220184543e-06
fiduciary,1.1220184543e-06
fifths,1.1220184543e-06
flax,1.1220184543e-06
fractional,1.1220184543e-06
freighter,1.1220184543e-06
frosting,1.1220184543e-06
fuelled,1.1220184543e-06
gaap,1.1220184543e-06
gallo,1.1220184543e-06
gasping,1.1220184543e-06
genevieve,1.1220184543e-06
globes,1.1220184543e-06
glorify,1.1220184543e-06
gunnar,1.1220184543e-06
guo,1.1220184543e-06
hasnt,1.1220184543e-06
heartwarming,1.1220184543e-06
henrietta,1.1220184543e-06
heretics,1.1220184543e-06
hiccups,1.1220184543e-06
hiss,1.1220184543e-06
holographic,1.1220184543e-06
hotspur,1.1220184543e-06
hrc,1.1220184543e-06
impediment,1.1220184543e-06
importation,1.1220184543e-06
inactivity,1.1220184543e-06
incendiary,1.1220184543e-06
individualized,1.1220184543e-06
insistent,1.1220184543e-06
instigated,1.1220184543e-06
intelligently,1.1220184543e-06
interferes,1.1220184543e-06
intermittently,1.1220184543e-06
isn,1.1220184543e-06
jag,1.1220184543e-06
kamal,1.1220184543e-06
kareem,1.1220184543e-06
keegan,1.1220184543e-06
kidnappers,1.1220184543e-06
kimball,1.1220184543e-06
lakewood,1.1220184543e-06
leapt,1.1220184543e-06
leia,1.1220184543e-06
leisurely,1.1220184543e-06
ligand,1.1220184543e-06
lila,1.1220184543e-06
liturgical,1.1220184543e-06
livelihoods,1.1220184543e-06
lothian,1.1220184543e-06
lubricant,1.1220184543e-06
lucie,1.1220184543e-06
macroeconomic,1.1220184543e-06
mags,1.1220184543e-06
maitland,1.1220184543e-06
masquerade,1.1220184543e-06
materialism,1.1220184543e-06
maude,1.1220184543e-06
mea,1.1220184543e-06
meager,1.1220184543e-06
melodrama,1.1220184543e-06
milly,1.1220184543e-06
minimized,1.1220184543e-06
minion,1.1220184543e-06
mistreated,1.1220184543e-06
misused,1.1220184543e-06
mmmm,1.1220184543e-06
mons,1.1220184543e-06
morn,1.1220184543e-06
motherland,1.1220184543e-06
motogp,1.1220184543e-06
mundo,1.1220184543e-06
nakamura,1.1220184543e-06
napkins,1.1220184543e-06
narcissism,1.1220184543e-06
navarro,1.1220184543e-06
niches,1.1220184543e-06
ninjas,1.1220184543e-06
nsf,1.1220184543e-06
observant,1.1220184543e-06
opioids,1.1220184543e-06
ostrich,1.1220184543e-06
overcast,1.1220184543e-06
overcrowding,1.1220184543e-06
paragon,1.1220184543e-06
parochial,1.1220184543e-06
pastries,1.1220184543e-06
perplexed,1.1220184543e-06
persistently,1.1220184543e-06
petting,1.1220184543e-06
phenotype,1.1220184543e-06
pico,1.1220184543e-06
plankton,1.1220184543e-06
prasad,1.1220184543e-06
prejudiced,1.1220184543e-06
prius,1.1220184543e-06
propped,1.1220184543e-06
protons,1.1220184543e-06
pruning,1.1220184543e-06
punter,1.1220184543e-06
qin,1.1220184543e-06
quark,1.1220184543e-06
queuing,1.1220184543e-06
quizzes,1.1220184543e-06
radiohead,1.1220184543e-06
rarer,1.1220184543e-06
rcmp,1.1220184543e-06
redacted,1.1220184543e-06
regretting,1.1220184543e-06
reimbursed,1.1220184543e-06
renovate,1.1220184543e-06
respiration,1.1220184543e-06
restores,1.1220184543e-06
retracted,1.1220184543e-06
reverses,1.1220184543e-06
ruff,1.1220184543e-06
rump,1.1220184543e-06
samir,1.1220184543e-06
santander,1.1220184543e-06
schiff,1.1220184543e-06
schiller,1.1220184543e-06
scranton,1.1220184543e-06
secondhand,1.1220184543e-06
shackles,1.1220184543e-06
shards,1.1220184543e-06
sheehan,1.1220184543e-06
shiver,1.1220184543e-06
simms,1.1220184543e-06
simplifying,1.1220184543e-06
sinned,1.1220184543e-06
ska,1.1220184543e-06
slugs,1.1220184543e-06
smog,1.1220184543e-06
smoothies,1.1220184543e-06
somber,1.1220184543e-06
splendor,1.1220184543e-06
springtime,1.1220184543e-06
sprinkler,1.1220184543e-06
stabs,1.1220184543e-06
standstill,1.1220184543e-06
stefano,1.1220184543e-06
stools,1.1220184543e-06
stubbs,1.1220184543e-06
subunit,1.1220184543e-06
sues,1.1220184543e-06
suffix,1.1220184543e-06
surges,1.1220184543e-06
surveyors,1.1220184543e-06
swede,1.1220184543e-06
sweepstakes,1.1220184543e-06
syndicated,1.1220184543e-06
tailoring,1.1220184543e-06
tbs,1.1220184543e-06
teeny,1.1220184543e-06
tendered,1.1220184543e-06
thoracic,1.1220184543e-06
ticketing,1.1220184543e-06
trams,1.1220184543e-06
tremor,1.1220184543e-06
triplets,1.1220184543e-06
twister,1.1220184543e-06
ulrich,1.1220184543e-06
unannounced,1.1220184543e-06
uncovering,1.1220184543e-06
undivided,1.1220184543e-06
unsatisfactory,1.1220184543e-06
unskilled,1.1220184543e-06
unwritten,1.1220184543e-06
utilitarian,1.1220184543e-06
vehicular,1.1220184543e-06
vetted,1.1220184543e-06
voltaire,1.1220184543e-06
wading,1.1220184543e-06
wallpapers,1.1220184543e-06
waning,1.1220184543e-06
weightlifting,1.1220184543e-06
wesleyan,1.1220184543e-06
whey,1.1220184543e-06
whyte,1.1220184543e-06
willpower,1.1220184543e-06
wolverhampton,1.1220184543e-06
woolly,1.1220184543e-06
yokohama,1.1220184543e-06
yuki,1.1220184543e-06
zig,1.1220184543e-06
abbreviations,1.09647819614e-06
accra,1.09647819614e-06
acosta,1.09647819614e-06
acquittal,1.09647819614e-06
acupuncture,1.09647819614e-06
adi,1.09647819614e-06
admins,1.09647819614e-06
adv,1.09647819614e-06
aggregated,1.09647819614e-06
anakin,1.09647819614e-06
anvil,1.09647819614e-06
anzac,1.09647819614e-06
argos,1.09647819614e-06
armament,1.09647819614e-06
aron,1.09647819614e-06
ascribed,1.09647819614e-06
astra,1.09647819614e-06
asu,1.09647819614e-06
ata,1.09647819614e-06
atwood,1.09647819614e-06
auctioned,1.09647819614e-06
backfired,1.09647819614e-06
balconies,1.09647819614e-06
barbour,1.09647819614e-06
bastille,1.09647819614e-06
belligerent,1.09647819614e-06
betts,1.09647819614e-06
bibles,1.09647819614e-06
bleaching,1.09647819614e-06
bleeds,1.09647819614e-06
bloomfield,1.09647819614e-06
bookmark,1.09647819614e-06
botanic,1.09647819614e-06
boundless,1.09647819614e-06
bowles,1.09647819614e-06
broadened,1.09647819614e-06
brooch,1.09647819614e-06
bulletins,1.09647819614e-06
bunting,1.09647819614e-06
burials,1.09647819614e-06
cabal,1.09647819614e-06
cabrera,1.09647819614e-06
cadre,1.09647819614e-06
campground,1.09647819614e-06
canaan,1.09647819614e-06
canyons,1.09647819614e-06
causeway,1.09647819614e-06
childrens,1.09647819614e-06
clamps,1.09647819614e-06
clearest,1.09647819614e-06
cleaver,1.09647819614e-06
cmon,1.09647819614e-06
cob,1.09647819614e-06
coexist,1.09647819614e-06
coffins,1.09647819614e-06
coinage,1.09647819614e-06
connelly,1.09647819614e-06
conquests,1.09647819614e-06
consenting,1.09647819614e-06
consummate,1.09647819614e-06
contending,1.09647819614e-06
convene,1.09647819614e-06
corresponded,1.09647819614e-06
covent,1.09647819614e-06
covington,1.09647819614e-06
cramp,1.09647819614e-06
cucumbers,1.09647819614e-06
curran,1.09647819614e-06
curricula,1.09647819614e-06
dearborn,1.09647819614e-06
decadent,1.09647819614e-06
decoy,1.09647819614e-06
defies,1.09647819614e-06
demoted,1.09647819614e-06
depraved,1.09647819614e-06
derivation,1.09647819614e-06
designations,1.09647819614e-06
detectable,1.09647819614e-06
deviations,1.09647819614e-06
diced,1.09647819614e-06
diem,1.09647819614e-06
discreetly,1.09647819614e-06
distortions,1.09647819614e-06
divorces,1.09647819614e-06
draco,1.09647819614e-06
dredge,1.09647819614e-06
drool,1.09647819614e-06
dumbledore,1.09647819614e-06
earths,1.09647819614e-06
ebb,1.09647819614e-06
ecb,1.09647819614e-06
ecu,1.09647819614e-06
emulation,1.09647819614e-06
enriching,1.09647819614e-06
enshrined,1.09647819614e-06
erasing,1.09647819614e-06
escrow,1.09647819614e-06
essendon,1.09647819614e-06
evaporated,1.09647819614e-06
evasive,1.09647819614e-06
extinguish,1.09647819614e-06
fas,1.09647819614e-06
fayetteville,1.09647819614e-06
fca,1.09647819614e-06
federalist,1.09647819614e-06
fema,1.09647819614e-06
fervent,1.09647819614e-06
fiberglass,1.09647819614e-06
fisk,1.09647819614e-06
fixer,1.09647819614e-06
flavoured,1.09647819614e-06
foray,1.09647819614e-06
forfeiture,1.09647819614e-06
forgave,1.09647819614e-06
forties,1.09647819614e-06
friar,1.09647819614e-06
fruitless,1.09647819614e-06
fussy,1.09647819614e-06
garnish,1.09647819614e-06
genealogical,1.09647819614e-06
genomes,1.09647819614e-06
georgie,1.09647819614e-06
glances,1.09647819614e-06
gnu,1.09647819614e-06
goody,1.09647819614e-06
gough,1.09647819614e-06
graciously,1.09647819614e-06
grammys,1.09647819614e-06
grassland,1.09647819614e-06
hackett,1.09647819614e-06
hajj,1.09647819614e-06
hampstead,1.09647819614e-06
hap,1.09647819614e-06
hatfield,1.09647819614e-06
hdd,1.09647819614e-06
hdr,1.09647819614e-06
headway,1.09647819614e-06
hearsay,1.09647819614e-06
hershey,1.09647819614e-06
hideout,1.09647819614e-06
hippies,1.09647819614e-06
hoa,1.09647819614e-06
hobbes,1.09647819614e-06
holed,1.09647819614e-06
honed,1.09647819614e-06
horned,1.09647819614e-06
horner,1.09647819614e-06
hoyt,1.09647819614e-06
hutch,1.09647819614e-06
idyllic,1.09647819614e-06
imaginations,1.09647819614e-06
impairments,1.09647819614e-06
impossibility,1.09647819614e-06
impotent,1.09647819614e-06
inconsiderate,1.09647819614e-06
indictments,1.09647819614e-06
insatiable,1.09647819614e-06
instalment,1.09647819614e-06
instinctive,1.09647819614e-06
integrates,1.09647819614e-06
interpretive,1.09647819614e-06
intrepid,1.09647819614e-06
intuitively,1.09647819614e-06
jackman,1.09647819614e-06
jeanette,1.09647819614e-06
jetty,1.09647819614e-06
jimmie,1.09647819614e-06
jpeg,1.09647819614e-06
junkies,1.09647819614e-06
kabir,1.09647819614e-06
kawasaki,1.09647819614e-06
kew,1.09647819614e-06
khaki,1.09647819614e-06
kip,1.09647819614e-06
kirkland,1.09647819614e-06
koala,1.09647819614e-06
kohli,1.09647819614e-06
kos,1.09647819614e-06
lannister,1.09647819614e-06
lashing,1.09647819614e-06
lectured,1.09647819614e-06
lees,1.09647819614e-06
leith,1.09647819614e-06
levelled,1.09647819614e-06
lexi,1.09647819614e-06
lieberman,1.09647819614e-06
lightening,1.09647819614e-06
lombardi,1.09647819614e-06
londonderry,1.09647819614e-06
loren,1.09647819614e-06
lucien,1.09647819614e-06
macs,1.09647819614e-06
magnate,1.09647819614e-06
magneto,1.09647819614e-06
mahoney,1.09647819614e-06
mannered,1.09647819614e-06
marietta,1.09647819614e-06
markham,1.09647819614e-06
maud,1.09647819614e-06
mcgovern,1.09647819614e-06
merciless,1.09647819614e-06
merle,1.09647819614e-06
milder,1.09647819614e-06
millimeters,1.09647819614e-06
minn,1.09647819614e-06
misfits,1.09647819614e-06
mocks,1.09647819614e-06
molina,1.09647819614e-06
monde,1.09647819614e-06
mongols,1.09647819614e-06
monochrome,1.09647819614e-06
mortuary,1.09647819614e-06
mtg,1.09647819614e-06
muffled,1.09647819614e-06
mugabe,1.09647819614e-06
mulder,1.09647819614e-06
mullins,1.09647819614e-06
muppets,1.09647819614e-06
muses,1.09647819614e-06
nacional,1.09647819614e-06
nationalistic,1.09647819614e-06
nervousness,1.09647819614e-06
neumann,1.09647819614e-06
neurologist,1.09647819614e-06
nik,1.09647819614e-06
notched,1.09647819614e-06
nutmeg,1.09647819614e-06
obstetrics,1.09647819614e-06
obtains,1.09647819614e-06
obtuse,1.09647819614e-06
ofcourse,1.09647819614e-06
papi,1.09647819614e-06
particulate,1.09647819614e-06
pausing,1.09647819614e-06
penicillin,1.09647819614e-06
perfecting,1.09647819614e-06
petal,1.09647819614e-06
petitioned,1.09647819614e-06
plumbers,1.09647819614e-06
pms,1.09647819614e-06
poise,1.09647819614e-06
polygon,1.09647819614e-06
ported,1.09647819614e-06
precursors,1.09647819614e-06
prolly,1.09647819614e-06
promos,1.09647819614e-06
proportionate,1.09647819614e-06
provence,1.09647819614e-06
pta,1.09647819614e-06
purcell,1.09647819614e-06
pvp,1.09647819614e-06
quartermaster,1.09647819614e-06
radiance,1.09647819614e-06
rambo,1.09647819614e-06
rammed,1.09647819614e-06
raoul,1.09647819614e-06
reciprocity,1.09647819614e-06
recollections,1.09647819614e-06
remodeled,1.09647819614e-06
replenish,1.09647819614e-06
reproducing,1.09647819614e-06
reputations,1.09647819614e-06
responsiveness,1.09647819614e-06
rheumatoid,1.09647819614e-06
roscoe,1.09647819614e-06
rosetta,1.09647819614e-06
rubles,1.09647819614e-06
rupee,1.09647819614e-06
saeed,1.09647819614e-06
saltwater,1.09647819614e-06
sanctity,1.09647819614e-06
schoolers,1.09647819614e-06
schroeder,1.09647819614e-06
scooped,1.09647819614e-06
scrabble,1.09647819614e-06
scrimmage,1.09647819614e-06
seaboard,1.09647819614e-06
sedition,1.09647819614e-06
shoddy,1.09647819614e-06
shortstop,1.09647819614e-06
shotguns,1.09647819614e-06
sleazy,1.09647819614e-06
sleepers,1.09647819614e-06
smashes,1.09647819614e-06
smirk,1.09647819614e-06
smoothing,1.09647819614e-06
smyth,1.09647819614e-06
sneaks,1.09647819614e-06
snipe,1.09647819614e-06
snuggle,1.09647819614e-06
sochi,1.09647819614e-06
sociologist,1.09647819614e-06
spares,1.09647819614e-06
spewing,1.09647819614e-06
squishy,1.09647819614e-06
stalemate,1.09647819614e-06
stave,1.09647819614e-06
stephan,1.09647819614e-06
stinking,1.09647819614e-06
strangle,1.09647819614e-06
streamer,1.09647819614e-06
streetcar,1.09647819614e-06
stringer,1.09647819614e-06
summits,1.09647819614e-06
sunsets,1.09647819614e-06
supremely,1.09647819614e-06
sus,1.09647819614e-06
swami,1.09647819614e-06
swelled,1.09647819614e-06
symbolize,1.09647819614e-06
symbolizes,1.09647819614e-06
tahiti,1.09647819614e-06
tarantino,1.09647819614e-06
tarmac,1.09647819614e-06
teh,1.09647819614e-06
tenacious,1.09647819614e-06
tireless,1.09647819614e-06
toothed,1.09647819614e-06
toshiba,1.09647819614e-06
tremble,1.09647819614e-06
trillions,1.09647819614e-06
trove,1.09647819614e-06
ue,1.09647819614e-06
unconsciously,1.09647819614e-06
undated,1.09647819614e-06
undefined,1.09647819614e-06
unpack,1.09647819614e-06
urbanization,1.09647819614e-06
vetoed,1.09647819614e-06
victimized,1.09647819614e-06
wainwright,1.09647819614e-06
walkin,1.09647819614e-06
wanders,1.09647819614e-06
weakens,1.09647819614e-06
westbound,1.09647819614e-06
westerly,1.09647819614e-06
whitehouse,1.09647819614e-06
wilfred,1.09647819614e-06
wilton,1.09647819614e-06
winch,1.09647819614e-06
winthrop,1.09647819614e-06
workstation,1.09647819614e-06
yam,1.09647819614e-06
yawning,1.09647819614e-06
yolk,1.09647819614e-06
accomplices,1.07151930524e-06
adc,1.07151930524e-06
adjusts,1.07151930524e-06
adp,1.07151930524e-06
aerosol,1.07151930524e-06
aftermarket,1.07151930524e-06
alienate,1.07151930524e-06
alphabetically,1.07151930524e-06
amer,1.07151930524e-06
ammonium,1.07151930524e-06
amour,1.07151930524e-06
andi,1.07151930524e-06
annuities,1.07151930524e-06
apprehensive,1.07151930524e-06
aquino,1.07151930524e-06
arjun,1.07151930524e-06
assent,1.07151930524e-06
assn,1.07151930524e-06
athenian,1.07151930524e-06
atrocity,1.07151930524e-06
authorisation,1.07151930524e-06
avec,1.07151930524e-06
babysit,1.07151930524e-06
backdoor,1.07151930524e-06
bagels,1.07151930524e-06
banco,1.07151930524e-06
bantu,1.07151930524e-06
beaming,1.07151930524e-06
benin,1.07151930524e-06
benn,1.07151930524e-06
bh,1.07151930524e-06
bigots,1.07151930524e-06
biopic,1.07151930524e-06
bleached,1.07151930524e-06
blondie,1.07151930524e-06
bloods,1.07151930524e-06
blot,1.07151930524e-06
bode,1.07151930524e-06
boer,1.07151930524e-06
boggling,1.07151930524e-06
bolivian,1.07151930524e-06
bookstores,1.07151930524e-06
boos,1.07151930524e-06
bourgeoisie,1.07151930524e-06
bowser,1.07151930524e-06
boycotting,1.07151930524e-06
braced,1.07151930524e-06
brentwood,1.07151930524e-06
bromwich,1.07151930524e-06
bryson,1.07151930524e-06
bsc,1.07151930524e-06
buckinghamshire,1.07151930524e-06
bulging,1.07151930524e-06
burners,1.07151930524e-06
byproduct,1.07151930524e-06
bystanders,1.07151930524e-06
caspian,1.07151930524e-06
categorically,1.07151930524e-06
cathode,1.07151930524e-06
ceded,1.07151930524e-06
cheaters,1.07151930524e-06
cheung,1.07151930524e-06
civility,1.07151930524e-06
clustering,1.07151930524e-06
cns,1.07151930524e-06
cohn,1.07151930524e-06
collin,1.07151930524e-06
commandos,1.07151930524e-06
complicity,1.07151930524e-06
conf,1.07151930524e-06
confetti,1.07151930524e-06
configure,1.07151930524e-06
confrontational,1.07151930524e-06
congolese,1.07151930524e-06
conley,1.07151930524e-06
connors,1.07151930524e-06
consequential,1.07151930524e-06
constitutions,1.07151930524e-06
contagion,1.07151930524e-06
convoys,1.07151930524e-06
corset,1.07151930524e-06
cortisol,1.07151930524e-06
coutinho,1.07151930524e-06
craters,1.07151930524e-06
crock,1.07151930524e-06
crocker,1.07151930524e-06
curate,1.07151930524e-06
cuttings,1.07151930524e-06
dataset,1.07151930524e-06
davos,1.07151930524e-06
dawned,1.07151930524e-06
daybreak,1.07151930524e-06
defected,1.07151930524e-06
defenseman,1.07151930524e-06
desolation,1.07151930524e-06
deviant,1.07151930524e-06
devine,1.07151930524e-06
devious,1.07151930524e-06
didier,1.07151930524e-06
dil,1.07151930524e-06
dilemmas,1.07151930524e-06
discography,1.07151930524e-06
dislocated,1.07151930524e-06
dispenser,1.07151930524e-06
disseminate,1.07151930524e-06
dorado,1.07151930524e-06
dragonfly,1.07151930524e-06
driscoll,1.07151930524e-06
dubstep,1.07151930524e-06
dugout,1.07151930524e-06
dunne,1.07151930524e-06
dynamically,1.07151930524e-06
edelman,1.07151930524e-06
elizabethan,1.07151930524e-06
emanating,1.07151930524e-06
endeavours,1.07151930524e-06
ensues,1.07151930524e-06
eradicated,1.07151930524e-06
erode,1.07151930524e-06
evocative,1.07151930524e-06
faintly,1.07151930524e-06
fancies,1.07151930524e-06
federico,1.07151930524e-06
fewest,1.07151930524e-06
fielded,1.07151930524e-06
financials,1.07151930524e-06
fingering,1.07151930524e-06
flirty,1.07151930524e-06
flocks,1.07151930524e-06
forbade,1.07151930524e-06
forested,1.07151930524e-06
frauds,1.07151930524e-06
friendlies,1.07151930524e-06
fronting,1.07151930524e-06
frosted,1.07151930524e-06
fullness,1.07151930524e-06
furthering,1.07151930524e-06
gaia,1.07151930524e-06
gallop,1.07151930524e-06
gentile,1.07151930524e-06
gentrification,1.07151930524e-06
gingerbread,1.07151930524e-06
gino,1.07151930524e-06
giro,1.07151930524e-06
gosling,1.07151930524e-06
grasshopper,1.07151930524e-06
groupings,1.07151930524e-06
guardiola,1.07151930524e-06
guildford,1.07151930524e-06
gutierrez,1.07151930524e-06
hallowed,1.07151930524e-06
halting,1.07151930524e-06
hamish,1.07151930524e-06
hampden,1.07151930524e-06
handguns,1.07151930524e-06
hebron,1.07151930524e-06
heywood,1.07151930524e-06
hove,1.07151930524e-06
hvac,1.07151930524e-06
hy,1.07151930524e-06
hydrate,1.07151930524e-06
hydrocarbon,1.07151930524e-06
incessant,1.07151930524e-06
incriminating,1.07151930524e-06
incurable,1.07151930524e-06
informants,1.07151930524e-06
informatics,1.07151930524e-06
infringed,1.07151930524e-06
inhaling,1.07151930524e-06
innumerable,1.07151930524e-06
insular,1.07151930524e-06
insurmountable,1.07151930524e-06
inundated,1.07151930524e-06
invariant,1.07151930524e-06
ionization,1.07151930524e-06
jailbreak,1.07151930524e-06
jarring,1.07151930524e-06
jing,1.07151930524e-06
juncture,1.07151930524e-06
karin,1.07151930524e-06
kebab,1.07151930524e-06
lago,1.07151930524e-06
lampard,1.07151930524e-06
larsson,1.07151930524e-06
latham,1.07151930524e-06
leanne,1.07151930524e-06
leinster,1.07151930524e-06
licensee,1.07151930524e-06
locator,1.07151930524e-06
loeb,1.07151930524e-06
loyalist,1.07151930524e-06
luz,1.07151930524e-06
machado,1.07151930524e-06
macpherson,1.07151930524e-06
magnetism,1.07151930524e-06
maltese,1.07151930524e-06
manafort,1.07151930524e-06
manhunt,1.07151930524e-06
manoeuvre,1.07151930524e-06
margo,1.07151930524e-06
mariner,1.07151930524e-06
marlowe,1.07151930524e-06
marquez,1.07151930524e-06
marshmallows,1.07151930524e-06
martyn,1.07151930524e-06
masons,1.07151930524e-06
matthias,1.07151930524e-06
maximus,1.07151930524e-06
mays,1.07151930524e-06
meditating,1.07151930524e-06
merck,1.07151930524e-06
metamorphosis,1.07151930524e-06
methodological,1.07151930524e-06
middleweight,1.07151930524e-06
migrations,1.07151930524e-06
mila,1.07151930524e-06
milkshake,1.07151930524e-06
mio,1.07151930524e-06
misinterpreted,1.07151930524e-06
mixers,1.07151930524e-06
modernize,1.07151930524e-06
mozilla,1.07151930524e-06
multilingual,1.07151930524e-06
nats,1.07151930524e-06
natured,1.07151930524e-06
nested,1.07151930524e-06
niki,1.07151930524e-06
nmr,1.07151930524e-06
notifying,1.07151930524e-06
nourishment,1.07151930524e-06
numerals,1.07151930524e-06
obeying,1.07151930524e-06
octavia,1.07151930524e-06
olfactory,1.07151930524e-06
organically,1.07151930524e-06
ortega,1.07151930524e-06
osbourne,1.07151930524e-06
paintball,1.07151930524e-06
parrish,1.07151930524e-06
parton,1.07151930524e-06
pedophiles,1.07151930524e-06
pertains,1.07151930524e-06
petrified,1.07151930524e-06
pheasant,1.07151930524e-06
photosynthesis,1.07151930524e-06
piccolo,1.07151930524e-06
pietro,1.07151930524e-06
piloted,1.07151930524e-06
pinching,1.07151930524e-06
pointe,1.07151930524e-06
pornhub,1.07151930524e-06
postponement,1.07151930524e-06
ppc,1.07151930524e-06
preclude,1.07151930524e-06
preorder,1.07151930524e-06
pressurized,1.07151930524e-06
prickly,1.07151930524e-06
pricks,1.07151930524e-06
priory,1.07151930524e-06
profiled,1.07151930524e-06
programmable,1.07151930524e-06
psn,1.07151930524e-06
puss,1.07151930524e-06
questionnaires,1.07151930524e-06
quintessential,1.07151930524e-06
racked,1.07151930524e-06
radiating,1.07151930524e-06
rancher,1.07151930524e-06
reclaiming,1.07151930524e-06
redding,1.07151930524e-06
regularity,1.07151930524e-06
remediation,1.07151930524e-06
reprints,1.07151930524e-06
resounding,1.07151930524e-06
restrooms,1.07151930524e-06
retract,1.07151930524e-06
ria,1.07151930524e-06
ripples,1.07151930524e-06
roared,1.07151930524e-06
rondo,1.07151930524e-06
rowley,1.07151930524e-06
rumoured,1.07151930524e-06
russel,1.07151930524e-06
saban,1.07151930524e-06
salazar,1.07151930524e-06
samuels,1.07151930524e-06
sana,1.07151930524e-06
sarasota,1.07151930524e-06
scaffold,1.07151930524e-06
scavenger,1.07151930524e-06
schooner,1.07151930524e-06
scion,1.07151930524e-06
seamus,1.07151930524e-06
secularism,1.07151930524e-06
separatists,1.07151930524e-06
sephora,1.07151930524e-06
servitude,1.07151930524e-06
severn,1.07151930524e-06
showbiz,1.07151930524e-06
sickly,1.07151930524e-06
siegfried,1.07151930524e-06
simeon,1.07151930524e-06
slaughtering,1.07151930524e-06
slumped,1.07151930524e-06
smacks,1.07151930524e-06
sme,1.07151930524e-06
snooker,1.07151930524e-06
solemnly,1.07151930524e-06
sores,1.07151930524e-06
splashed,1.07151930524e-06
sprained,1.07151930524e-06
squadrons,1.07151930524e-06
starling,1.07151930524e-06
steamboat,1.07151930524e-06
steinberg,1.07151930524e-06
stingy,1.07151930524e-06
stuffy,1.07151930524e-06
stumbles,1.07151930524e-06
substituting,1.07151930524e-06
subversion,1.07151930524e-06
sufficiency,1.07151930524e-06
sui,1.07151930524e-06
suitcases,1.07151930524e-06
sumatra,1.07151930524e-06
suvs,1.07151930524e-06
syn,1.07151930524e-06
takedown,1.07151930524e-06
tas,1.07151930524e-06
tasteless,1.07151930524e-06
tensor,1.07151930524e-06
terminally,1.07151930524e-06
tian,1.07151930524e-06
ticker,1.07151930524e-06
tiff,1.07151930524e-06
tijuana,1.07151930524e-06
toil,1.07151930524e-06
tomography,1.07151930524e-06
toon,1.07151930524e-06
toot,1.07151930524e-06
toulon,1.07151930524e-06
townsville,1.07151930524e-06
tru,1.07151930524e-06
truncated,1.07151930524e-06
trusty,1.07151930524e-06
twig,1.07151930524e-06
uf,1.07151930524e-06
ulcer,1.07151930524e-06
ummm,1.07151930524e-06
unconfirmed,1.07151930524e-06
undetected,1.07151930524e-06
uniformity,1.07151930524e-06
unjustified,1.07151930524e-06
unregistered,1.07151930524e-06
unsubscribe,1.07151930524e-06
untrained,1.07151930524e-06
ute,1.07151930524e-06
varnish,1.07151930524e-06
vee,1.07151930524e-06
videogames,1.07151930524e-06
vigor,1.07151930524e-06
waco,1.07151930524e-06
wag,1.07151930524e-06
walnuts,1.07151930524e-06
warhead,1.07151930524e-06
watcher,1.07151930524e-06
wealthier,1.07151930524e-06
welles,1.07151930524e-06
widower,1.07151930524e-06
wnba,1.07151930524e-06
wobbly,1.07151930524e-06
wot,1.07151930524e-06
wraith,1.07151930524e-06
yangon,1.07151930524e-06
yanks,1.07151930524e-06
yew,1.07151930524e-06
yugoslav,1.07151930524e-06
zoey,1.07151930524e-06
zoological,1.07151930524e-06
accorded,1.04712854805e-06
afb,1.04712854805e-06
agar,1.04712854805e-06
agnostic,1.04712854805e-06
airmen,1.04712854805e-06
aisha,1.04712854805e-06
alameda,1.04712854805e-06
algiers,1.04712854805e-06
aligning,1.04712854805e-06
allocations,1.04712854805e-06
alluring,1.04712854805e-06
amputation,1.04712854805e-06
anarchism,1.04712854805e-06
antagonistic,1.04712854805e-06
anthropologists,1.04712854805e-06
anya,1.04712854805e-06
apprehend,1.04712854805e-06
aquinas,1.04712854805e-06
architectures,1.04712854805e-06
axiom,1.04712854805e-06
banger,1.04712854805e-06
barista,1.04712854805e-06
basalt,1.04712854805e-06
bashir,1.04712854805e-06
beatings,1.04712854805e-06
belated,1.04712854805e-06
bello,1.04712854805e-06
bequeathed,1.04712854805e-06
betterment,1.04712854805e-06
birthright,1.04712854805e-06
blackboard,1.04712854805e-06
blackwater,1.04712854805e-06
bor,1.04712854805e-06
breather,1.04712854805e-06
brendon,1.04712854805e-06
brothels,1.04712854805e-06
buckeyes,1.04712854805e-06
buffers,1.04712854805e-06
buffs,1.04712854805e-06
burrell,1.04712854805e-06
buzzed,1.04712854805e-06
bylaws,1.04712854805e-06
bystander,1.04712854805e-06
candace,1.04712854805e-06
carleton,1.04712854805e-06
catchment,1.04712854805e-06
chechen,1.04712854805e-06
chia,1.04712854805e-06
chino,1.04712854805e-06
cleanly,1.04712854805e-06
coffees,1.04712854805e-06
colorless,1.04712854805e-06
concave,1.04712854805e-06
confuses,1.04712854805e-06
consequent,1.04712854805e-06
contraceptives,1.04712854805e-06
corrects,1.04712854805e-06
coughs,1.04712854805e-06
cree,1.04712854805e-06
crucifix,1.04712854805e-06
cus,1.04712854805e-06
cyclones,1.04712854805e-06
daggers,1.04712854805e-06
dazzle,1.04712854805e-06
dealerships,1.04712854805e-06
decode,1.04712854805e-06
depriving,1.04712854805e-06
diagnosing,1.04712854805e-06
diarrhoea,1.04712854805e-06
dieter,1.04712854805e-06
discerning,1.04712854805e-06
disintegration,1.04712854805e-06
disposing,1.04712854805e-06
dissonance,1.04712854805e-06
dup,1.04712854805e-06
duress,1.04712854805e-06
dyslexia,1.04712854805e-06
earthy,1.04712854805e-06
editorials,1.04712854805e-06
elects,1.04712854805e-06
elevating,1.04712854805e-06
elmo,1.04712854805e-06
embezzlement,1.04712854805e-06
emigrants,1.04712854805e-06
emits,1.04712854805e-06
endorses,1.04712854805e-06
enforceable,1.04712854805e-06
ephraim,1.04712854805e-06
equinox,1.04712854805e-06
ericsson,1.04712854805e-06
erotica,1.04712854805e-06
erp,1.04712854805e-06
escalator,1.04712854805e-06
ethnicities,1.04712854805e-06
eulogy,1.04712854805e-06
eventful,1.04712854805e-06
excitation,1.04712854805e-06
fanatical,1.04712854805e-06
fangs,1.04712854805e-06
fantastically,1.04712854805e-06
fastened,1.04712854805e-06
fawn,1.04712854805e-06
flanking,1.04712854805e-06
flinders,1.04712854805e-06
fluency,1.04712854805e-06
fresher,1.04712854805e-06
frickin,1.04712854805e-06
fructose,1.04712854805e-06
furnishing,1.04712854805e-06
gah,1.04712854805e-06
galvanized,1.04712854805e-06
gambia,1.04712854805e-06
gaul,1.04712854805e-06
gaulle,1.04712854805e-06
gcc,1.04712854805e-06
geophysical,1.04712854805e-06
gladiators,1.04712854805e-06
godwin,1.04712854805e-06
gomes,1.04712854805e-06
graphene,1.04712854805e-06
grasped,1.04712854805e-06
graze,1.04712854805e-06
grenada,1.04712854805e-06
grossman,1.04712854805e-06
grower,1.04712854805e-06
grunge,1.04712854805e-06
gtfo,1.04712854805e-06
gump,1.04712854805e-06
hagen,1.04712854805e-06
halsey,1.04712854805e-06
hatches,1.04712854805e-06
hawkes,1.04712854805e-06
headlined,1.04712854805e-06
helene,1.04712854805e-06
hennessy,1.04712854805e-06
hilariously,1.04712854805e-06
hoodies,1.04712854805e-06
hottie,1.04712854805e-06
huddled,1.04712854805e-06
hypothesized,1.04712854805e-06
iaea,1.04712854805e-06
ics,1.04712854805e-06
illustrative,1.04712854805e-06
imbalances,1.04712854805e-06
improvise,1.04712854805e-06
inappropriately,1.04712854805e-06
incandescent,1.04712854805e-06
indistinct,1.04712854805e-06
infallible,1.04712854805e-06
infuriating,1.04712854805e-06
insulating,1.04712854805e-06
integers,1.04712854805e-06
intracellular,1.04712854805e-06
irma,1.04712854805e-06
jakob,1.04712854805e-06
janus,1.04712854805e-06
jens,1.04712854805e-06
jg,1.04712854805e-06
jia,1.04712854805e-06
jolt,1.04712854805e-06
juggle,1.04712854805e-06
jukebox,1.04712854805e-06
jumpsuit,1.04712854805e-06
kami,1.04712854805e-06
kangaroos,1.04712854805e-06
kar,1.04712854805e-06
kato,1.04712854805e-06
kayaking,1.04712854805e-06
kerosene,1.04712854805e-06
keto,1.04712854805e-06
knobs,1.04712854805e-06
kroger,1.04712854805e-06
legacies,1.04712854805e-06
leveraging,1.04712854805e-06
levies,1.04712854805e-06
likeable,1.04712854805e-06
longs,1.04712854805e-06
macos,1.04712854805e-06
magenta,1.04712854805e-06
markov,1.04712854805e-06
marlboro,1.04712854805e-06
mccormack,1.04712854805e-06
mee,1.04712854805e-06
merton,1.04712854805e-06
methodical,1.04712854805e-06
middletown,1.04712854805e-06
mince,1.04712854805e-06
miniatures,1.04712854805e-06
mints,1.04712854805e-06
molotov,1.04712854805e-06
monogram,1.04712854805e-06
moray,1.04712854805e-06
mumford,1.04712854805e-06
mus,1.04712854805e-06
mythic,1.04712854805e-06
nacho,1.04712854805e-06
nailing,1.04712854805e-06
nanotechnology,1.04712854805e-06
napping,1.04712854805e-06
negroes,1.04712854805e-06
niko,1.04712854805e-06
nobleman,1.04712854805e-06
nonprofits,1.04712854805e-06
nugent,1.04712854805e-06
obeyed,1.04712854805e-06
optimist,1.04712854805e-06
osiris,1.04712854805e-06
outwardly,1.04712854805e-06
overlord,1.04712854805e-06
overuse,1.04712854805e-06
panned,1.04712854805e-06
papacy,1.04712854805e-06
pasted,1.04712854805e-06
patreon,1.04712854805e-06
pdt,1.04712854805e-06
perfumes,1.04712854805e-06
phonetic,1.04712854805e-06
photovoltaic,1.04712854805e-06
piccadilly,1.04712854805e-06
pied,1.04712854805e-06
piloting,1.04712854805e-06
pius,1.04712854805e-06
pkk,1.04712854805e-06
planck,1.04712854805e-06
poodle,1.04712854805e-06
populism,1.04712854805e-06
precedes,1.04712854805e-06
pus,1.04712854805e-06
racetrack,1.04712854805e-06
redirected,1.04712854805e-06
reeds,1.04712854805e-06
rejoined,1.04712854805e-06
relayed,1.04712854805e-06
rescinded,1.04712854805e-06
resuming,1.04712854805e-06
retrieving,1.04712854805e-06
rnc,1.04712854805e-06
roadblock,1.04712854805e-06
roadshow,1.04712854805e-06
roadways,1.04712854805e-06
rsvp,1.04712854805e-06
sabre,1.04712854805e-06
saleh,1.04712854805e-06
salons,1.04712854805e-06
sandbox,1.04712854805e-06
sato,1.04712854805e-06
saxons,1.04712854805e-06
scooters,1.04712854805e-06
sds,1.04712854805e-06
seagull,1.04712854805e-06
shag,1.04712854805e-06
shahid,1.04712854805e-06
sheryl,1.04712854805e-06
shifter,1.04712854805e-06
shoemaker,1.04712854805e-06
shortfall,1.04712854805e-06
shrugs,1.04712854805e-06
sichuan,1.04712854805e-06
sift,1.04712854805e-06
silo,1.04712854805e-06
sion,1.04712854805e-06
smacking,1.04712854805e-06
smothered,1.04712854805e-06
sneezing,1.04712854805e-06
snooping,1.04712854805e-06
socialization,1.04712854805e-06
soot,1.04712854805e-06
sopranos,1.04712854805e-06
soto,1.04712854805e-06
southport,1.04712854805e-06
sparingly,1.04712854805e-06
speck,1.04712854805e-06
spectacularly,1.04712854805e-06
spiced,1.04712854805e-06
ssc,1.04712854805e-06
sse,1.04712854805e-06
stoves,1.04712854805e-06
streep,1.04712854805e-06
stylus,1.04712854805e-06
subclass,1.04712854805e-06
submits,1.04712854805e-06
successively,1.04712854805e-06
suk,1.04712854805e-06
sumptuous,1.04712854805e-06
suture,1.04712854805e-06
synaptic,1.04712854805e-06
tailgate,1.04712854805e-06
tenuous,1.04712854805e-06
thelma,1.04712854805e-06
threes,1.04712854805e-06
tobin,1.04712854805e-06
topographic,1.04712854805e-06
trafalgar,1.04712854805e-06
tranquility,1.04712854805e-06
transmits,1.04712854805e-06
trekking,1.04712854805e-06
tuscan,1.04712854805e-06
tutu,1.04712854805e-06
tzu,1.04712854805e-06
umbilical,1.04712854805e-06
unhinged,1.04712854805e-06
uninterested,1.04712854805e-06
usaf,1.04712854805e-06
uterine,1.04712854805e-06
vanishes,1.04712854805e-06
vapour,1.04712854805e-06
vas,1.04712854805e-06
veer,1.04712854805e-06
versace,1.04712854805e-06
warheads,1.04712854805e-06
waxing,1.04712854805e-06
weirder,1.04712854805e-06
weller,1.04712854805e-06
wheaton,1.04712854805e-06
whereupon,1.04712854805e-06
winfrey,1.04712854805e-06
winn,1.04712854805e-06
withdraws,1.04712854805e-06
wither,1.04712854805e-06
wk,1.04712854805e-06
wobble,1.04712854805e-06
yadav,1.04712854805e-06
yeon,1.04712854805e-06
yvette,1.04712854805e-06
zak,1.04712854805e-06
zed,1.04712854805e-06
abridged,1.02329299228e-06
absences,1.02329299228e-06
acacia,1.02329299228e-06
adorn,1.02329299228e-06
aggressor,1.02329299228e-06
agm,1.02329299228e-06
ambivalent,1.02329299228e-06
amethyst,1.02329299228e-06
amit,1.02329299228e-06
angling,1.02329299228e-06
anil,1.02329299228e-06
antennae,1.02329299228e-06
antimicrobial,1.02329299228e-06
atk,1.02329299228e-06
ats,1.02329299228e-06
babylonian,1.02329299228e-06
baines,1.02329299228e-06
baiting,1.02329299228e-06
barks,1.02329299228e-06
beasley,1.02329299228e-06
berserk,1.02329299228e-06
berwick,1.02329299228e-06
bickering,1.02329299228e-06
bla,1.02329299228e-06
bobo,1.02329299228e-06
bovine,1.02329299228e-06
braids,1.02329299228e-06
braille,1.02329299228e-06
butchered,1.02329299228e-06
bypassing,1.02329299228e-06
cabot,1.02329299228e-06
candlelight,1.02329299228e-06
cannibalism,1.02329299228e-06
canoes,1.02329299228e-06
capricorn,1.02329299228e-06
captivated,1.02329299228e-06
catapult,1.02329299228e-06
cbn,1.02329299228e-06
ccs,1.02329299228e-06
cdr,1.02329299228e-06
censors,1.02329299228e-06
centro,1.02329299228e-06
cervix,1.02329299228e-06
cheery,1.02329299228e-06
chimneys,1.02329299228e-06
chit,1.02329299228e-06
chomsky,1.02329299228e-06
chrissy,1.02329299228e-06
clements,1.02329299228e-06
cleo,1.02329299228e-06
cog,1.02329299228e-06
cohorts,1.02329299228e-06
coloration,1.02329299228e-06
connective,1.02329299228e-06
cray,1.02329299228e-06
crayons,1.02329299228e-06
cronies,1.02329299228e-06
crusty,1.02329299228e-06
cumin,1.02329299228e-06
cutlery,1.02329299228e-06
dawes,1.02329299228e-06
decal,1.02329299228e-06
deciduous,1.02329299228e-06
degenerative,1.02329299228e-06
deloitte,1.02329299228e-06
delphi,1.02329299228e-06
detract,1.02329299228e-06
dialed,1.02329299228e-06
digested,1.02329299228e-06
diminishes,1.02329299228e-06
diplomas,1.02329299228e-06
dissection,1.02329299228e-06
dissimilar,1.02329299228e-06
dissuade,1.02329299228e-06
distillation,1.02329299228e-06
drab,1.02329299228e-06
dslr,1.02329299228e-06
dubs,1.02329299228e-06
ducked,1.02329299228e-06
dumfries,1.02329299228e-06
eeg,1.02329299228e-06
eggplant,1.02329299228e-06
ellington,1.02329299228e-06
engravings,1.02329299228e-06
enmity,1.02329299228e-06
epidemics,1.02329299228e-06
equipping,1.02329299228e-06
eucalyptus,1.02329299228e-06
eurasia,1.02329299228e-06
evaporate,1.02329299228e-06
execs,1.02329299228e-06
exhibitors,1.02329299228e-06
exo,1.02329299228e-06
exorbitant,1.02329299228e-06
expat,1.02329299228e-06
experimentally,1.02329299228e-06
expiring,1.02329299228e-06
eyelid,1.02329299228e-06
fainting,1.02329299228e-06
fecal,1.02329299228e-06
ferret,1.02329299228e-06
fertilizers,1.02329299228e-06
financier,1.02329299228e-06
fitter,1.02329299228e-06
flagrant,1.02329299228e-06
flapping,1.02329299228e-06
florist,1.02329299228e-06
foreplay,1.02329299228e-06
formatted,1.02329299228e-06
ftp,1.02329299228e-06
gangsta,1.02329299228e-06
garb,1.02329299228e-06
garvey,1.02329299228e-06
gassed,1.02329299228e-06
gatorade,1.02329299228e-06
gentiles,1.02329299228e-06
gilles,1.02329299228e-06
glancing,1.02329299228e-06
glaucoma,1.02329299228e-06
glazing,1.02329299228e-06
goblins,1.02329299228e-06
googling,1.02329299228e-06
goosebumps,1.02329299228e-06
granular,1.02329299228e-06
greenish,1.02329299228e-06
grocer,1.02329299228e-06
groping,1.02329299228e-06
gtx,1.02329299228e-06
headless,1.02329299228e-06
healthiest,1.02329299228e-06
heineken,1.02329299228e-06
hemsworth,1.02329299228e-06
hibernation,1.02329299228e-06
hindrance,1.02329299228e-06
hula,1.02329299228e-06
huxley,1.02329299228e-06
ills,1.02329299228e-06
immunization,1.02329299228e-06
implantation,1.02329299228e-06
impressing,1.02329299228e-06
inaccuracies,1.02329299228e-06
inanimate,1.02329299228e-06
inca,1.02329299228e-06
inexplicably,1.02329299228e-06
infield,1.02329299228e-06
inflate,1.02329299228e-06
innovator,1.02329299228e-06
intermission,1.02329299228e-06
iqbal,1.02329299228e-06
irreplaceable,1.02329299228e-06
kanji,1.02329299228e-06
kh,1.02329299228e-06
kilogram,1.02329299228e-06
kn,1.02329299228e-06
kombat,1.02329299228e-06
kpop,1.02329299228e-06
kush,1.02329299228e-06
landline,1.02329299228e-06
lashed,1.02329299228e-06
legislate,1.02329299228e-06
liberian,1.02329299228e-06
lingo,1.02329299228e-06
lohan,1.02329299228e-06
looping,1.02329299228e-06
macy,1.02329299228e-06
marlin,1.02329299228e-06
marsden,1.02329299228e-06
marsha,1.02329299228e-06
masterchef,1.02329299228e-06
matron,1.02329299228e-06
mayfair,1.02329299228e-06
mcallister,1.02329299228e-06
mcgowan,1.02329299228e-06
meaty,1.02329299228e-06
mifflin,1.02329299228e-06
mirroring,1.02329299228e-06
mistaking,1.02329299228e-06
moderators,1.02329299228e-06
momo,1.02329299228e-06
mouthful,1.02329299228e-06
mun,1.02329299228e-06
murdock,1.02329299228e-06
mustangs,1.02329299228e-06
mutton,1.02329299228e-06
myra,1.02329299228e-06
neill,1.02329299228e-06
neoliberal,1.02329299228e-06
nestled,1.02329299228e-06
neutrons,1.02329299228e-06
newbury,1.02329299228e-06
newell,1.02329299228e-06
novelists,1.02329299228e-06
numeric,1.02329299228e-06
nunes,1.02329299228e-06
oars,1.02329299228e-06
oates,1.02329299228e-06
ohm,1.02329299228e-06
oneplus,1.02329299228e-06
oop,1.02329299228e-06
optimizing,1.02329299228e-06
orc,1.02329299228e-06
outfielder,1.02329299228e-06
outflow,1.02329299228e-06
outperform,1.02329299228e-06
overtaking,1.02329299228e-06
overtook,1.02329299228e-06
overture,1.02329299228e-06
parma,1.02329299228e-06
parr,1.02329299228e-06
parrots,1.02329299228e-06
passively,1.02329299228e-06
paulson,1.02329299228e-06
peddling,1.02329299228e-06
pepperoni,1.02329299228e-06
perforated,1.02329299228e-06
pes,1.02329299228e-06
piero,1.02329299228e-06
pitchfork,1.02329299228e-06
placid,1.02329299228e-06
pleistocene,1.02329299228e-06
pooping,1.02329299228e-06
pox,1.02329299228e-06
pretense,1.02329299228e-06
principled,1.02329299228e-06
progesterone,1.02329299228e-06
puritan,1.02329299228e-06
quart,1.02329299228e-06
quinoa,1.02329299228e-06
rabble,1.02329299228e-06
rafters,1.02329299228e-06
raisin,1.02329299228e-06
rationing,1.02329299228e-06
reappear,1.02329299228e-06
rearrange,1.02329299228e-06
recreating,1.02329299228e-06
redeemer,1.02329299228e-06
redeeming,1.02329299228e-06
refreshments,1.02329299228e-06
reissue,1.02329299228e-06
remade,1.02329299228e-06
repulsed,1.02329299228e-06
resistor,1.02329299228e-06
restructure,1.02329299228e-06
revolting,1.02329299228e-06
rhapsody,1.02329299228e-06
rhea,1.02329299228e-06
robby,1.02329299228e-06
rousseau,1.02329299228e-06
roux,1.02329299228e-06
ruddy,1.02329299228e-06
rune,1.02329299228e-06
sahib,1.02329299228e-06
salam,1.02329299228e-06
sandler,1.02329299228e-06
saucepan,1.02329299228e-06
scala,1.02329299228e-06
scarier,1.02329299228e-06
schism,1.02329299228e-06
scrubbed,1.02329299228e-06
seer,1.02329299228e-06
sepsis,1.02329299228e-06
seward,1.02329299228e-06
sharpening,1.02329299228e-06
sharpness,1.02329299228e-06
shelved,1.02329299228e-06
shh,1.02329299228e-06
shipper,1.02329299228e-06
shopped,1.02329299228e-06
shui,1.02329299228e-06
sketching,1.02329299228e-06
skew,1.02329299228e-06
skimming,1.02329299228e-06
skydiving,1.02329299228e-06
smitten,1.02329299228e-06
snappy,1.02329299228e-06
sneaker,1.02329299228e-06
snort,1.02329299228e-06
snowboard,1.02329299228e-06
solitaire,1.02329299228e-06
sparing,1.02329299228e-06
spicer,1.02329299228e-06
spiegel,1.02329299228e-06
sportsmanship,1.02329299228e-06
sprinting,1.02329299228e-06
stakeholder,1.02329299228e-06
stanza,1.02329299228e-06
stipend,1.02329299228e-06
subsided,1.02329299228e-06
superannuation,1.02329299228e-06
surging,1.02329299228e-06
sweetened,1.02329299228e-06
sweetly,1.02329299228e-06
swims,1.02329299228e-06
swimwear,1.02329299228e-06
tamed,1.02329299228e-06
tampons,1.02329299228e-06
taunting,1.02329299228e-06
tec,1.02329299228e-06
tempe,1.02329299228e-06
tendons,1.02329299228e-06
terraced,1.02329299228e-06
testers,1.02329299228e-06
thrived,1.02329299228e-06
tickled,1.02329299228e-06
titty,1.02329299228e-06
toppings,1.02329299228e-06
traffickers,1.02329299228e-06
transcends,1.02329299228e-06
tropes,1.02329299228e-06
tsk,1.02329299228e-06
tumbled,1.02329299228e-06
twas,1.02329299228e-06
typography,1.02329299228e-06
typos,1.02329299228e-06
tyrion,1.02329299228e-06
uhhh,1.02329299228e-06
ukulele,1.02329299228e-06
ump,1.02329299228e-06
unauthorised,1.02329299228e-06
uncensored,1.02329299228e-06
unforgivable,1.02329299228e-06
uninhabited,1.02329299228e-06
unsurprisingly,1.02329299228e-06
untenable,1.02329299228e-06
unwavering,1.02329299228e-06
uranus,1.02329299228e-06
usability,1.02329299228e-06
veritable,1.02329299228e-06
vices,1.02329299228e-06
voldemort,1.02329299228e-06
wanderer,1.02329299228e-06
warts,1.02329299228e-06
watchman,1.02329299228e-06
whittaker,1.02329299228e-06
wut,1.02329299228e-06
xander,1.02329299228e-06
xerox,1.02329299228e-06
xiaomi,1.02329299228e-06
yd,1.02329299228e-06
yeo,1.02329299228e-06
yeti,1.02329299228e-06
yoghurt,1.02329299228e-06
